tree
version=v4
num_class=1
num_tree_per_iteration=1
label_index=0
max_feature_idx=19
objective=regression
feature_names=Column_0 Column_1 Column_2 Column_3 Column_4 Column_5 Column_6 Column_7 Column_8 Column_9 Column_10 Column_11 Column_12 Column_13 Column_14 Column_15 Column_16 Column_17 Column_18 Column_19
feature_infos=[2:3.0833333333333335] [4:9.5069444444444446] [24:37] none none [3:5] [5:8] [10:11] [3:5] [0:1] [8:128] [3:7] [0:2000] [0:10.965784284662087] [0:1] [12.300000000000001:15.6] [1:4] [6.8462521463880872:8.8875946936148118] [1:5] [0.40555769230769234:1.1923076923076923]
tree_sizes=2046 2254 2168 2056 2263 1504 1600 2078 2092 2298 2124 2096 2091 2282 2296 2221 1991 2398 2198 2112 2054 2045 2193 1698 2093 2383 2291 2279 2301 2367 2373 1941 2278 1696 2479 2188 2212 1631 1993 2292 2191 2287 1827 1940 2086 2082 1969 1446 2354 2159 1430 2364 2072 2350 1969 1962 1865 2266 1911 1785 2003 2028 1762 2096 2187 1564 1836 1600 1918 1962 1903 1707 1810 1955 1868 2122 1822 1955 2181 1734 2106 2194 1569 1732 1682 2129 1640 1536 1636 1398 1341 1734 1561 1699 1446 1484 1088 1717 1696 1817 1670 1685 1896 1469 1846 1575 1830 1114 1711 1793 1729 1423 1632 1181 1417 1183 1088 1461 1193 1223 1159 1516 1357 1202 1438 1058 1419 1375 1253 1063 1539 1061 1313 1239 1224 1154 1011 1175 1142 1011 1079 998 1009 1011 1187 999 1282 1006 1081 1247 1065 1386 1239 1003 1010 1579 1009 1322 1143 1151 1535 1067 1064 1183 1002 1061 904 1066 1335 994 1198 1071 1198 1182 1142 918 1427 979 974 1049 1168 1116 1208 900 1171 1003 1120 816 1226 573 1189 891 1178 816 1048 809 1214 816 1201 1163 807 1177 1191 1150 1274 829 1149 1672 1226 1776 830 1242 1081 1138 1190 961 1462 823 1340 1325 1627 1465 1626 1258 1457 1692 1714 828 1690 1360 642 1228 1218 1713 1372 1472 1640 727 1435 797 1475 1195 1451 1589 560 1254 1456 560 1458 1255 1454 1179 799 797 746 1394 1573 1570 1180 796 748 1342 1347 1181 1171 1570 1687 822 1349 736 1094 807 1145 811 790 1759 1159 1172 1416 993 997 1442 1339 1140 1253 1545 1666 1159 1680 1579 1184 1653 824 401 1169 1000 1187 1160 1693 1184 1239 1736 1068 939 941 824 1499 401 1062 825 1059 1651 1028 1658 1063 1734 824 1059 1072 1731 825 827 816 1060 1640 1060 1629 823 402 1161 1039 817 1846 1838 1063 1060 402 1152 814 1611 1062 1060 813 1611 1061 1090 1760 1061 1061 731 748 795 796 1172 1061 1085 1059 1059 894 794 1090 797 1159 795 387 748 1063 1074 1058 1063 1079 1063 1086 733 1078 730 975 389 391 973 1087 1511 934 906 894 799 1499 1209 797 794 1134 1134 1502 933 806 894 799 812 1209 792 956 1199 883 1134 1409 794 1133 812 390 1406 821 1240 1136 934 1340 805 1204 1131 932 794 747 809 953 797 797 811 813 883 1063 1067 1314 817 813 954 1194 814 814 1064 797 814 883 821 1063 813 798 734 953 954 812 945 1133 1390 739 470 1066 1388 746 741 1268 882 910 944 910 813 947 1143 1133 1060 1172 825 746 746 309 813 797 810 310 796 794 813 1065 898 1064 734 1093 798 1134 1389 748 898 793 949 828 1065 1391 904 1271 310 310 798

Tree=0
num_leaves=22
num_cat=0
split_feature=0 17 19 19 19 17 19 15 17 19 17 17 19 19 19 15 19 17 19 19 19
split_gain=7.62832 4.49266 8.6362 2.52955 1.84244 0.742088 0.171364 0.113601 0.0875964 0.0682957 0.0601765 0.0701303 0.103442 0.0433815 0.0252796 0.0197182 0.0106117 0.00934567 0.00200875 0.00120076 0.000691292
threshold=2.5416666666666674 7.2226790386014175 0.56805769230769243 0.4244134615384616 0.61517307692307699 7.6419255179732621 0.51805769230769239 14.800000000000002 8.3911170456645259 0.47441346153846159 7.200356359288631 7.2133000484419894 0.53667307692307709 0.48742307692307701 0.51805769230769239 14.800000000000002 0.53667307692307709 6.9599592149906035 0.51805769230769239 0.51167307692307695 0.4244134615384616
decision_type=2 2 2 2 2 2 2 2 2 2 2 2 2 2 2 2 2 2 2 2 2
left_child=3 6 5 -1 -4 14 9 -7 15 20 16 12 -12 -11 19 -6 -8 -15 -5 -3 -2
right_child=1 2 4 18 8 7 10 -9 -10 13 11 -13 -14 17 -16 -17 -18 -19 -20 -21 -22
leaf_value=0.18862479660190259 0.165480141984991 0.1634236324725262 0.16907765319759602 0.17072075704219672 0.16155765524025337 0.16081155515731979 0.16601562822065866 0.16336423430722583 0.16056558161688259 0.16380772452949474 0.16292426088298892 0.16607821561950206 0.16588514408145366 0.16549429533880949 0.16412438163761281 0.16390509405639789 0.16632209444348056 0.16486182413168382 0.17218724719548661 0.16162719305475526 0.1657814147082772
leaf_weight=24 196 26 554 88 11.999999999999998 1606 699 53 33 95 56 154 58 80 208 106 1169 170 141 12.999999999999998 227
leaf_count=24 196 26 554 88 12 1606 699 53 33 95 56 154 58 80 208 106 1169 170 141 13 227
internal_value=0.164916 0.164526 0.16302 0.173388 0.167742 0.161271 0.165878 0.160889 0.162878 0.165228 0.166109 0.165376 0.164469 0.164717 0.16386 0.163598 0.166211 0.165046 0.171673 0.162633 0.165655
internal_weight=5768 5515 2611 253 705 1906 2904 1659 151 768 2136 268 114 345 247 118 1868 250 229 39 423
internal_count=5768 5515 2611 253 705 1906 2904 1659 151 768 2136 268 114 345 247 118 1868 250 229 39 423
is_linear=0
shrinkage=1


Tree=1
num_leaves=23
num_cat=0
split_feature=0 17 19 19 19 17 19 15 17 19 17 17 7 7 19 15 7 17 19 19 19 17
split_gain=6.89996 4.05827 7.7931 2.29387 1.66702 0.667665 0.154563 0.101626 0.0787936 0.0618121 0.0541078 0.0632742 0.0936102 0.0409473 0.0230642 0.0177941 0.00932879 0.00835371 0.000729127 0.000483688 0.000460291 1.48833e-06
threshold=2.5416666666666674 7.2226790386014175 0.56805769230769243 0.4244134615384616 0.61517307692307699 7.6419255179732621 0.51805769230769239 14.800000000000002 8.3911170456645259 0.47441346153846159 7.200356359288631 7.2133000484419894 10.500000000000002 10.500000000000002 0.51805769230769239 14.800000000000002 10.500000000000002 6.9599592149906035 0.51167307692307695 0.4244134615384616 0.51805769230769239 7.1783939000347887
decision_type=2 2 2 2 2 2 2 2 2 2 2 2 2 2 2 2 2 2 2 2 2 2
left_child=3 6 5 -1 -4 14 9 -7 15 19 16 12 -12 -11 18 -6 -8 -15 -3 -2 -5 -21
right_child=1 2 4 20 8 7 10 -9 -10 13 11 -13 -14 17 -16 -17 -18 -19 -20 21 -22 -23
leaf_value=0.022570986914634706 0.00053628939336288698 -0.0014203011603267106 0.0039541566564558856 0.0055179914206350128 -0.0032031319662928583 -0.0038991391705609883 0.0010449366099600282 -0.0014754027450301996 -0.0041390836863395043 -0.0010853660063065115 -0.0018936878034289469 0.001104691104783166 0.00092171968399917988 0.00054994895887549645 -0.00075201547357897636 -0.00096062165319432159 0.0013360610552386851 -4.5392339244334171e-05 -0.0031359003909996585 0.0014292916509439238 0.0069104559514933904 0.00073662411922847395
leaf_weight=24 196 26 554 88 11.999999999999998 1606 699 53 33 93 56 154 58 80 208 106 1169 172 12.999999999999998 19 141 208
leaf_count=24 196 26 554 88 12 1606 699 53 33 93 56 154 58 80 208 106 1169 172 13 19 141 208
internal_value=0 -0.000370819 -0.00180154 0.00805772 0.00268329 -0.00346356 0.000914001 -0.00382566 -0.00194182 0.000296304 0.00113351 0.000437429 -0.00042225 -0.000188819 -0.00100573 -0.00125569 0.00123042 0.000125269 -0.00218127 0.000703277 0.00642342 0.000822545
internal_weight=5768 5515 2611 253 705 1906 2904 1659 151 768 2136 268 114 345 247 118 1868 252 39 423 229 227
internal_count=5768 5515 2611 253 705 1906 2904 1659 151 768 2136 268 114 345 247 118 1868 252 39 423 229 227
is_linear=0
shrinkage=0.05


Tree=2
num_leaves=22
num_cat=0
split_feature=1 17 19 19 19 17 19 15 17 19 17 17 7 7 19 15 7 17 15 19 19
split_gain=6.24122 3.66631 7.03226 2.08007 1.5084 0.600623 0.139257 0.0908695 0.070848 0.0560491 0.0486406 0.0570846 0.0847163 0.0369742 0.0210453 0.0160469 0.00818343 0.00757212 0.00064171 0.000331826 0.000314776
threshold=6.7534722222222232 7.2226790386014175 0.56805769230769243 0.4244134615384616 0.61517307692307699 7.6419255179732621 0.51805769230769239 14.800000000000002 8.3911170456645259 0.47441346153846159 7.200356359288631 7.2133000484419894 10.500000000000002 10.500000000000002 0.51805769230769239 14.800000000000002 10.500000000000002 6.9599592149906035 12.800000000000002 0.4244134615384616 0.51167307692307695
decision_type=2 2 2 2 2 2 2 2 2 2 2 2 2 2 2 2 2 2 2 2 2
left_child=3 6 5 -1 -4 14 9 18 15 19 16 12 -12 -11 20 -6 -8 -15 -7 -2 -3
right_child=1 2 4 -5 8 7 10 -9 -10 13 11 -13 -14 17 -16 -17 -18 -19 -20 -21 -22
leaf_value=0.021487579095363619 0.00050961105715244682 -0.0013519162132784174 0.0037568050251753481 0.0061060355582638927 -0.0030552951318140215 -0.0027826503179967403 0.00099276439669941153 -0.0014029987175039154 -0.0039382162142325853 -0.0010316750894677131 -0.0018006645335832188 0.0010498128571817952 0.00087641473921224637 0.00052279098278463435 -0.00071459463290072557 -0.00091303949461919113 0.0012693151434362093 -4.3135828559281514e-05 -0.0037344034439198274 0.00078298928326770887 -0.0029903048170464384
leaf_weight=24 196 26 554 229 11.999999999999998 59 699 53 33 93 56 154 58 80 208 106 1169 172 1547 227 12.999999999999998
leaf_count=24 196 26 554 229 12 59 699 53 33 93 56 154 58 80 208 106 1169 172 1547 227 13
internal_value=0 -0.000352417 -0.00171232 0.00766369 0.00254775 -0.00329119 0.000868725 -0.00363469 -0.00185075 0.000281952 0.00107713 0.000415582 -0.000399386 -0.000179462 -0.000958533 -0.00119676 0.00116909 0.000118117 -0.0037043 0.000669611 -0.00208415
internal_weight=5768 5515 2611 253 705 1906 2904 1659 151 768 2136 268 114 345 247 118 1868 252 1606 423 39
internal_count=5768 5515 2611 253 705 1906 2904 1659 151 768 2136 268 114 345 247 118 1868 252 1606 423 39
is_linear=0
shrinkage=0.05


Tree=3
num_leaves=21
num_cat=0
split_feature=0 17 19 19 19 17 19 15 17 19 17 17 7 7 19 17 7 17 19 12
split_gain=5.64258 3.31245 6.34612 1.88675 1.36498 0.540336 0.125596 0.0812306 0.0636772 0.0507404 0.0437156 0.0514971 0.0766707 0.0333857 0.0192055 0.014461 0.00716156 0.0068645 0.00171056 0.000301459
threshold=2.5416666666666674 7.2226790386014175 0.56805769230769243 0.4244134615384616 0.61517307692307699 7.6419255179732621 0.51805769230769239 14.800000000000002 8.3911170456645259 0.47441346153846159 7.200356359288631 7.2133000484419894 10.500000000000002 10.500000000000002 0.51805769230769239 7.9625070052679279 10.500000000000002 6.9599592149906035 0.51805769230769239 1.0000000180025095e-35
decision_type=2 2 2 2 2 2 2 2 2 2 2 2 2 2 2 2 2 2 2 2
left_child=3 6 5 -1 -4 14 9 -7 15 19 16 12 -12 -11 -3 -6 -8 -15 -5 -2
right_child=1 2 4 18 8 7 10 -9 -10 13 11 -13 -14 17 -16 -17 -18 -19 -20 -21
leaf_value=0.020456175971031193 0.00059418071533932741 -0.0019916204288601877 0.0035693031636377173 0.0049433205892028438 -0.0029142817253103625 -0.0035194466130630663 0.00094319713285991123 -0.00133414786011498 -0.0037470969776896867 -0.0009806400886241426 -0.0017122108502346173 0.0009976608626424304 0.00083333681048470231 0.00049697414181413657 -0.00067903585711930785 -0.00086781415574809667 0.0012059035573744725 -4.0991510617186054e-05 0.0062642146169509683 0.0012195315064454917
leaf_weight=24 404 39 554 88 11.999999999999998 1606 699 53 33 93 56 154 58 80 208 106 1169 172 141 19
leaf_count=24 404 39 554 88 12 1606 699 53 33 93 56 154 58 80 208 106 1169 172 141 19
internal_value=0 -0.000335059 -0.0016277 0.00728692 0.00241901 -0.00312762 0.000825601 -0.00345349 -0.0017641 0.000267903 0.00102356 0.000394826 -0.000377645 -0.000170569 -0.000913642 -0.00114069 0.00111083 0.000111318 0.00580206 0.000636872
internal_weight=5768 5515 2611 253 705 1906 2904 1659 151 768 2136 268 114 345 247 118 1868 252 229 423
internal_count=5768 5515 2611 253 705 1906 2904 1659 151 768 2136 268 114 345 247 118 1868 252 229 423
is_linear=0
shrinkage=0.05


Tree=4
num_leaves=23
num_cat=0
split_feature=0 17 19 19 19 17 19 15 17 19 17 17 7 7 19 17 7 17 15 19 19 19
split_gain=5.10414 2.99216 5.72605 1.71074 1.2353 0.486536 0.113258 0.0725558 0.0572068 0.0459485 0.0392797 0.0464532 0.0693922 0.0301446 0.0172348 0.0130217 0.00625058 0.00622381 0.000850374 0.000517677 0.000389523 0.000260748
threshold=2.5416666666666674 7.2226790386014175 0.56805769230769243 0.4244134615384616 0.61517307692307699 7.6419255179732621 0.51805769230769239 14.800000000000002 8.3911170456645259 0.47441346153846159 7.200356359288631 7.2133000484419894 10.500000000000002 10.500000000000002 0.51805769230769239 7.9625070052679279 10.500000000000002 6.9599592149906035 12.800000000000002 0.51167307692307695 0.51805769230769239 0.4244134615384616
decision_type=2 2 2 2 2 2 2 2 2 2 2 2 2 2 2 2 2 2 2 2 2 2
left_child=3 6 5 -1 -4 14 9 18 15 21 16 12 -12 -11 19 -6 -8 -15 -7 -3 -5 -2
right_child=1 2 4 20 8 7 10 -9 -10 13 11 -13 -14 17 -16 -17 -18 -19 -20 -21 -22 -23
leaf_value=0.019474280002713205 0.00045454288658811266 -0.0011909311319942828 0.0033911594756551693 0.0046989314643184794 -0.0027797762433496805 -0.0024727972601540386 0.00089610463271715818 -0.0012686757781301384 -0.0035652525525759248 -0.00093212973484967619 -0.0016281022654290784 0.00094809965458848779 0.00079237619922022822 0.00047243219722683237 -0.00064524655153475811 -0.00082482892445453972 0.0011456599698663674 -3.8953778640813912e-05 -0.0033719453318598047 -0.002759001356150423 0.0059532097559159905 0.00071196431804677115
leaf_weight=24 196 26 554 88 11.999999999999998 59 699 53 33 93 56 154 58 80 208 106 1169 172 1547 12.999999999999998 141 227
leaf_count=24 196 26 554 88 12 59 699 53 33 93 56 154 58 80 208 106 1169 172 1547 13 141 227
internal_value=0 -0.000318424 -0.00154702 0.00693078 0.00229672 -0.00297183 0.00078464 -0.00328111 -0.00168166 0.000254591 0.000972672 0.000375107 -0.000356971 -0.000162116 -0.000869507 -0.00108734 0.00105548 0.000104854 -0.00334358 -0.00189453 0.00551548 0.000605832
internal_weight=5768 5515 2611 253 705 1906 2904 1659 151 768 2136 268 114 345 247 118 1868 252 1606 39 229 423
internal_count=5768 5515 2611 253 705 1906 2904 1659 151 768 2136 268 114 345 247 118 1868 252 1606 39 229 423
is_linear=0
shrinkage=0.05


Tree=5
num_leaves=15
num_cat=0
split_feature=0 18 19 19 19 15 19 15 19 19 19 7 19 19
split_gain=4.6174 2.69058 5.23787 1.55108 1.11803 0.346848 0.0982741 0.0667365 0.0403691 0.0268356 0.0425298 0.0272173 0.000805868 0.000375561
threshold=2.5416666666666674 2.5000000000000004 0.56805769230769243 0.4244134615384616 0.61517307692307699 12.800000000000002 0.53667307692307709 14.800000000000002 0.78680769230769243 0.51805769230769239 0.47441346153846159 10.500000000000002 0.66167307692307709 0.43079807692307698
decision_type=2 2 2 2 2 2 2 2 2 2 2 2 2 2
left_child=3 6 5 -1 -4 -3 9 -7 12 10 13 -12 -6 -2
right_child=1 2 4 -5 8 7 -8 -9 -10 -11 11 -13 -14 -15
leaf_value=0.018539513769745827 0.00043622040398665432 -0.0010946998508445111 0.0032219069078229033 0.0052431098715118741 -0.0017519802763126793 -0.0032029830162754788 0.0010709009691112937 -0.0012064167213005324 -0.003019160288499623 0.00065937477833451566 -0.00088601900106097795 9.8708600526870681e-05 -0.00082493718056694451 0.00069331752585827678
leaf_weight=24 203 248 554 229 17 1565 1236 53 40 938 93 252 94 222
leaf_count=24 203 248 554 229 17 1565 1236 53 40 938 93 252 94 222
internal_value=0 -0.000302753 -0.00148489 0.00659214 0.00218055 -0.00287284 0.000728062 -0.00314146 -0.00160323 0.000476559 0.000246804 -0.000154082 -0.00102593 0.000583565
internal_weight=5768 5515 2571 253 705 1866 2944 1618 151 1708 770 345 111 425
internal_count=5768 5515 2571 253 705 1866 2944 1618 151 1708 770 345 111 425
is_linear=0
shrinkage=0.05


Tree=6
num_leaves=16
num_cat=0
split_feature=0 18 19 19 19 16 19 6 19 19 19 7 19 19 12
split_gain=4.17448 2.43023 4.72586 1.40675 1.01181 0.312507 0.0884628 0.0595516 0.0361239 0.0240865 0.0384444 0.0246185 0.00130148 0.000574068 0.000303616
threshold=2.5416666666666674 2.5000000000000004 0.56805769230769243 0.4244134615384616 0.61517307692307699 1.5000000000000002 0.53667307692307709 7.5000000000000009 0.78680769230769243 0.51805769230769239 0.47441346153846159 10.500000000000002 0.51805769230769239 0.66167307692307709 1.0000000180025095e-35
decision_type=2 2 2 2 2 2 2 2 2 2 2 2 2 2 2
left_child=3 6 5 -1 -4 -3 9 -7 13 10 14 -12 -5 -6 -2
right_child=1 2 4 12 8 7 -8 -9 -10 -11 11 -13 -14 -15 -16
leaf_value=0.017649616922438147 0.00051464997024785184 -0.0010401847049683693 0.0030611018336101159 0.0042074148875943735 -0.0016692478354606367 -0.003042936168889376 0.0010173992294251239 -0.0011472129380261456 -0.0028718841212188326 0.00062644117429487502 -0.0008421893566450539 9.3792683061620923e-05 0.0053973363560270264 -0.0007841245602620275 0.0011006383463391103
leaf_weight=24 406 248 554 88 17 1565 1236 53 40 938 93 252 141 94 19
leaf_count=24 406 248 554 88 17 1565 1236 53 40 938 93 252 141 94 19
internal_value=5.97535e-08 -0.000287668 -0.00141118 0.0062682 0.00207029 -0.00272962 0.000691949 -0.00298467 -0.00152819 0.000453053 0.000234811 -0.00014577 0.00498209 -0.00097802 0.000555106
internal_weight=5768 5515 2571 253 705 1866 2944 1618 151 1708 770 345 229 111 425
internal_count=5768 5515 2571 253 705 1866 2944 1618 151 1708 770 345 229 111 425
is_linear=0
shrinkage=0.05


Tree=7
num_leaves=21
num_cat=0
split_feature=1 17 19 19 19 17 19 15 17 19 17 17 19 19 19 17 17 19 12 19
split_gain=3.7764 2.2139 4.2113 1.27533 0.91674 0.361394 0.0836175 0.0518673 0.0400734 0.0339357 0.0336962 0.0429537 0.0610256 0.0211406 0.0126416 0.00946912 0.00570343 0.00281388 0.000289247 0.000188778
threshold=6.7534722222222232 7.2226790386014175 0.56805769230769243 0.4244134615384616 0.63680769230769241 7.6419255179732621 0.51805769230769239 14.800000000000002 8.4655176533823031 0.47441346153846159 7.200356359288631 7.2133000484419894 0.53667307692307709 0.48742307692307701 0.51805769230769239 7.9919350267718441 6.9599592149906035 0.53667307692307709 1.0000000180025095e-35 0.51805769230769239
decision_type=2 2 2 2 2 2 2 2 2 2 2 2 2 2 2 2 2 2 2 2
left_child=3 6 5 -1 -4 14 9 -7 15 18 17 12 -12 -11 -3 -6 -15 -8 -2 -5
right_child=1 2 4 19 8 7 10 -9 -10 13 11 -13 -14 16 -16 -17 -18 -19 -20 -21
leaf_value=0.016802435140311722 0.00048117203005290605 -0.001622773136012256 0.0028891212723184644 0.0039994077681657974 -0.0024935761703035009 -0.0028721871145926453 0.00078716447547610329 -0.0010909145151230472 -0.0031518063558773563 -0.00077434849789521345 -0.0016112881611313737 0.00083712452049216918 0.00065078360541581605 0.00043959597574782638 -0.00053973017833875184 -0.00076505159330780359 -5.2465937857390849e-05 0.00098410014451568968 0.0010483579764841125 0.0051293700912468871
leaf_weight=24 404 39 559 88 11.999999999999998 1606 699 53 32 95 56 154 58 80 208 102 170 1169 19 141
leaf_count=24 404 39 559 88 12 1606 699 53 32 95 56 154 58 80 208 102 170 1169 19 141
internal_value=2.93118e-07 -0.00027333 -0.00133022 0.00596212 0.00196555 -0.0025523 0.000675339 -0.00281898 -0.00153215 0.000218648 0.000837024 0.00028367 -0.00042128 -0.000137867 -0.000736752 -0.00101058 8.61976e-05 0.000913543 0.000520853 0.00473616
internal_weight=5768 5515 2611 253 705 1906 2904 1659 146 768 2136 268 114 345 247 114 250 1868 423 229
internal_count=5768 5515 2611 253 705 1906 2904 1659 146 768 2136 268 114 345 247 114 250 1868 423 229
is_linear=0
shrinkage=0.05


Tree=8
num_leaves=21
num_cat=0
split_feature=0 17 19 19 19 17 19 15 17 19 17 17 7 7 19 17 17 7 19 17
split_gain=3.41647 2.00013 3.79961 1.15612 0.830861 0.325269 0.0753882 0.0462088 0.0395575 0.0307489 0.0302741 0.0387292 0.0552549 0.020187 0.0113195 0.0100549 0.00507117 0.00236479 0.000205363 0.00205288
threshold=2.5416666666666674 7.2226790386014175 0.56805769230769243 0.4244134615384616 0.61517307692307699 7.6419255179732621 0.51805769230769239 14.800000000000002 8.3911170456645259 0.47441346153846159 7.200356359288631 7.2133000484419894 10.500000000000002 10.500000000000002 0.51805769230769239 7.9625070052679279 6.9599592149906035 10.500000000000002 0.43079807692307698 7.1783939000347887
decision_type=2 2 2 2 2 2 2 2 2 2 2 2 2 2 2 2 2 2 2 2
left_child=3 6 5 -1 -4 14 9 -7 15 18 17 12 -12 -11 -3 -6 -15 -8 -2 -20
right_child=1 2 4 -5 8 7 10 -9 -10 13 11 -13 -14 16 -16 -17 -18 -19 19 -21
leaf_value=0.0159959184743464 0.00036270811736090658 -0.0015436629457399249 0.0027641268927050201 0.0045024276997732079 -0.0023784879347882593 -0.0027286670908726542 0.00074786243691508263 -0.0010373789054790028 -0.0029694927056484362 -0.00076222230383056271 -0.0015321371648787407 0.00079553831657094344 0.00061879587659643878 0.00041788754684895135 -0.00051287282505585105 -0.00065267208900528955 -4.3561372453766754e-05 0.00093493714630524184 0.0014718656548155617 0.00051195938796869979
leaf_weight=24 203 39 554 229 11.999999999999998 1606 699 53 33 93 56 154 58 80 208 106 172 1169 11.999999999999998 208
leaf_count=24 203 39 554 229 12 1606 699 53 33 93 56 154 58 80 208 106 172 1169 12 208
internal_value=4.43782e-07 -0.000259771 -0.00126438 0.00567109 0.00186597 -0.00242524 0.000641878 -0.00267831 -0.00139289 0.000207789 0.000795445 0.000269463 -0.00039846 -0.000131029 -0.000701359 -0.000888708 8.42402e-05 0.000868047 0.000495581 0.000593365
internal_weight=5768 5515 2611 253 705 1906 2904 1659 151 768 2136 268 114 345 247 118 252 1868 423 220
internal_count=5768 5515 2611 253 705 1906 2904 1659 151 768 2136 268 114 345 247 118 252 1868 423 220
is_linear=0
shrinkage=0.05


Tree=9
num_leaves=23
num_cat=0
split_feature=0 17 19 19 19 17 19 15 17 19 17 17 19 19 19 17 17 19 19 19 19 17
split_gain=3.08892 1.80727 3.42814 1.04841 0.752573 0.292717 0.0678686 0.0411351 0.0321021 0.0279306 0.027192 0.0349166 0.0500331 0.0171962 0.0101282 0.00754966 0.00469195 0.00196823 0.00086687 0.000306207 0.000115161 0.00178749
threshold=2.5416666666666674 7.2226790386014175 0.56805769230769243 0.4244134615384616 0.63680769230769241 7.6419255179732621 0.51805769230769239 14.800000000000002 8.4655176533823031 0.47441346153846159 7.200356359288631 7.2133000484419894 0.53667307692307709 0.48742307692307701 0.51805769230769239 7.9919350267718441 6.9599592149906035 0.53667307692307709 0.51805769230769239 0.51167307692307695 0.43079807692307698 7.1783939000347887
decision_type=2 2 2 2 2 2 2 2 2 2 2 2 2 2 2 2 2 2 2 2 2 2
left_child=3 6 5 -1 -4 14 9 -7 15 20 17 12 -12 -11 19 -6 -15 -8 -5 -3 -2 -22
right_child=1 2 4 18 8 7 10 -9 -10 13 11 -13 -14 16 -16 -17 -18 -19 -20 -21 21 -23
leaf_value=0.015228114332258702 0.00034466160568591279 -0.00085265702947422313 0.002608489088481292 0.0035790922902943045 -0.0022687115459344709 -0.0025923186414973619 0.00071052277790648608 -0.00098647049386744144 -0.0028550161240678846 -0.00069906884144681192 -0.0014568742753513027 0.00075601806131101422 0.00058838052217359267 0.00039725112013215557 -0.00048735184467990286 -0.00069372895598135778 -4.7692657769684908e-05 0.00088823032171791809 0.004651171318452124 -0.0021939024515449999 0.0014039333967062143 0.00048648389273002278
leaf_weight=24 203 26 559 88 11.999999999999998 1606 699 53 32 95 56 154 58 80 208 102 170 1169 141 12.999999999999998 11.999999999999998 208
leaf_count=24 203 26 559 88 12 1606 699 53 32 95 56 154 58 80 208 102 170 1169 141 13 12 208
internal_value=5.51293e-07 -0.000246832 -0.00120181 0.00539255 0.00177138 -0.00230452 0.000610189 -0.00254465 -0.00139567 0.000197852 0.000755943 0.000255968 -0.00037676 -0.000124534 -0.000667713 -0.000921281 7.57844e-05 0.000824824 0.00427828 -0.00146841 0.000472258 0.000565277
internal_weight=5768 5515 2611 253 705 1906 2904 1659 146 768 2136 268 114 345 247 114 250 1868 229 39 423 220
internal_count=5768 5515 2611 253 705 1906 2904 1659 146 768 2136 268 114 345 247 114 250 1868 229 39 423 220
is_linear=0
shrinkage=0.05


Tree=10
num_leaves=22
num_cat=0
split_feature=0 17 17 6 12 17 17 17 17 17 17 17 7 17 17 17 12 7 17 7 12
split_gain=2.79472 1.63334 2.54776 0.915347 0.670326 0.558762 0.266676 0.0375128 0.0357935 0.0316811 0.0182316 0.0274095 0.0509641 0.0166051 0.00820749 0.0161062 0.00489042 0.00451071 0.00386547 0.00152653 0.000567613
threshold=2.5416666666666674 7.2226790386014175 7.784864722929397 6.0000000000000009 384.00000000000006 7.8479119156778632 7.6419255179732621 7.1783939000347887 7.115355359154643 8.3911170456645259 7.200356359288631 7.2133000484419894 10.500000000000002 8.0497542698189957 7.6318409637684832 7.3170628783230649 384.00000000000006 10.500000000000002 8.1868831544556162 10.500000000000002 384.00000000000006
decision_type=2 2 2 2 2 2 2 2 2 2 2 2 2 2 2 2 2 2 2 2 2
left_child=3 7 6 -1 13 -6 14 8 19 -7 16 12 -12 -4 15 -3 -9 -10 -15 -2 -5
right_child=1 2 4 20 5 9 -8 10 17 -11 11 -13 -14 18 -16 -17 -18 -19 -20 -21 -22
leaf_value=0.014128967578021382 0.0011815736055947269 -0.00040866886958389019 -0.0022997143515653311 0.0034079629004649496 0.0025003653606030054 -0.00066423425587739066 -0.0024672041524791059 0.00043469361120622858 -0.00068993505982166913 -0.0026953443396708059 -0.0013853086024653493 0.00071846102412429554 0.00063357172420982165 -0.00064469080004427178 -0.00047065672994052107 -0.002219359364093247 0.00076800416486255685 0 -0.0018183157238222305 0.00038491481468123429 0.004434856759465259
leaf_weight=25 11.999999999999998 40 86 91 553 96 1520 201 93 28 56 154 65 53 189 26 1746 23 20 554 137
leaf_count=25 12 40 86 91 553 96 1520 201 93 28 56 154 65 53 189 26 1746 23 20 554 137
internal_value=6.66867e-07 -0.000234599 -0.00114249 0.00512951 0.00112848 0.001818 -0.00221493 0.000580082 0.000243649 -0.00118077 0.000680938 0.000268893 -0.000263499 -0.00176921 -0.000687902 -0.00121908 0.000736402 -0.000534839 -0.00105403 0.000412678 0.00406351
internal_weight=5768 5515 2611 253 836 677 1775 2904 682 124 2222 275 121 159 255 66 1947 116 73 566 228
internal_count=5768 5515 2611 253 836 677 1775 2904 682 124 2222 275 121 159 255 66 1947 116 73 566 228
is_linear=0
shrinkage=0.05


Tree=11
num_leaves=21
num_cat=0
split_feature=0 17 19 19 19 17 19 15 17 19 17 17 7 7 19 17 17 7 19 19
split_gain=2.52867 1.47632 2.79217 0.864848 0.617657 0.236357 0.056381 0.0321789 0.0287521 0.0237694 0.0221705 0.0284691 0.0408823 0.0144492 0.00841433 0.00762164 0.00404591 0.00190732 5.21067e-05 0.000782631
threshold=2.5416666666666674 7.2226790386014175 0.56805769230769243 0.4244134615384616 0.61517307692307699 7.6419255179732621 0.51805769230769239 14.800000000000002 8.3911170456645259 0.47441346153846159 7.200356359288631 7.2133000484419894 10.500000000000002 10.500000000000002 0.51805769230769239 7.9625070052679279 6.9599592149906035 10.500000000000002 0.43079807692307698 0.4458076923076924
decision_type=2 2 2 2 2 2 2 2 2 2 2 2 2 2 2 2 2 2 2 2
left_child=3 6 5 -1 -4 14 9 -7 15 18 17 12 -12 -11 -3 -6 -15 -8 -2 -20
right_child=1 2 4 -5 8 7 10 -9 -10 13 11 -13 -14 16 -16 -17 -18 -19 19 -21
leaf_value=0.013818974676728249 0.00030816636500222719 -0.0013429117361083627 0.0023714720805024579 0.0038646754747175649 -0.0020854948866718382 -0.0023399479773377175 0.00063670205255704276 -0.00089772922918200508 -0.0025656563744825473 -0.0006558052767464455 -0.0013172583700272076 0.00068276973909908723 0.00052831845318551294 0.00035862563410773876 -0.00044024412424423904 -0.00055709334617484979 -5.5224336966376946e-05 0.00080748668659287386 0.0012449914379976691 0.00044678591637473017
leaf_weight=24 203 39 554 229 11.999999999999998 1606 699 53 33 93 56 154 58 80 208 106 172 1169 10.999999999999998 209
leaf_count=24 203 39 554 229 12 1606 699 53 33 93 56 154 58 80 208 106 172 1169 11 209
internal_value=6.77761e-07 -0.000223067 -0.00108625 0.00487933 0.00159662 -0.00208154 0.00055141 -0.00229745 -0.00121022 0.000174877 0.000684308 0.000230172 -0.000338373 -0.000121823 -0.000607772 -0.00077076 5.7292e-05 0.00074663 0.000428375 0.000514773
internal_weight=5768 5515 2611 253 705 1906 2904 1659 151 768 2136 268 114 345 247 118 252 1868 423 220
internal_count=5768 5515 2611 253 705 1906 2904 1659 151 768 2136 268 114 345 247 118 252 1868 423 220
is_linear=0
shrinkage=0.05


Tree=12
num_leaves=21
num_cat=0
split_feature=0 17 19 19 19 17 19 15 17 19 17 17 7 7 19 17 17 7 19 19
split_gain=2.28637 1.33418 2.51907 0.784149 0.560059 0.212605 0.0507411 0.028561 0.0232179 0.021605 0.0198959 0.025658 0.0370268 0.013045 0.00751303 0.00566201 0.00366657 0.00157868 0.000767734 9.58428e-05
threshold=2.5416666666666674 7.2226790386014175 0.56805769230769243 0.4244134615384616 0.63680769230769241 7.6419255179732621 0.51805769230769239 14.800000000000002 8.4655176533823031 0.47441346153846159 7.200356359288631 7.2133000484419894 10.500000000000002 10.500000000000002 0.51805769230769239 7.9919350267718441 6.9599592149906035 10.500000000000002 0.51805769230769239 0.51167307692307695
decision_type=2 2 2 2 2 2 2 2 2 2 2 2 2 2 2 2 2 2 2 2
left_child=3 6 5 -1 -4 14 9 -7 15 -2 17 12 -12 -11 19 -6 -15 -8 -5 -3
right_child=1 2 4 18 8 7 10 -9 -10 13 11 -13 -14 16 -16 -17 -18 -19 -20 -21
leaf_value=0.013155663686990738 0.00040837108394249682 -0.00070832109147751787 0.0022381433637258721 0.003036579431945019 -0.0019892411829473882 -0.0022230233826750442 0.00060491237015064276 -0.00085367399699020166 -0.0024681564555926756 -0.00062336384675445707 -0.0012525509140993421 0.00064885147384578182 0.00050235027100070044 0.00034091572612121612 -0.00041833724115828151 -0.00059309901416446402 -5.2479074115870312e-05 0.0007671468268446107 0.0040096426204266683 -0.0019266515491264209
leaf_weight=24 423 26 559 88 11.999999999999998 1606 699 53 32 93 56 154 58 80 208 102 172 1169 141 12.999999999999998
leaf_count=24 423 26 559 88 12 1606 699 53 32 93 56 154 58 80 208 102 172 1169 141 13
internal_value=7.5491e-07 -0.000211958 -0.00103257 0.00463983 0.00151553 -0.00197799 0.000524235 -0.00218283 -0.0012136 0.000166565 0.000650358 0.000218644 -0.000319624 -0.000115783 -0.000578751 -0.000799559 5.34992e-05 0.000709471 0.00367228 -0.00127744
internal_weight=5768 5515 2611 253 705 1906 2904 1659 146 768 2136 268 114 345 247 114 252 1868 229 39
internal_count=5768 5515 2611 253 705 1906 2904 1659 146 768 2136 268 114 345 247 114 252 1868 229 39
is_linear=0
shrinkage=0.05


Tree=13
num_leaves=23
num_cat=0
split_feature=2 17 19 19 19 17 19 15 17 19 17 17 7 7 19 17 17 7 12 17 19 19
split_gain=2.06896 1.20567 2.27288 0.710632 0.507844 0.190869 0.0458153 0.0253218 0.022926 0.0195375 0.0178484 0.0231217 0.0335374 0.0117769 0.00687148 0.00591403 0.00332309 0.00128922 0.000486722 0.00034523 7.36954e-05 0.000741686
threshold=30.500000000000004 7.2226790386014175 0.56805769230769243 0.4244134615384616 0.61517307692307699 7.6419255179732621 0.51805769230769239 14.800000000000002 8.4655176533823031 0.47441346153846159 7.200356359288631 7.2133000484419894 10.500000000000002 10.500000000000002 0.51805769230769239 7.9625070052679279 6.9599592149906035 10.500000000000002 756.00000000000011 7.6503990045026331 0.43079807692307698 0.4458076923076924
decision_type=2 2 2 2 2 2 2 2 2 2 2 2 2 2 2 2 2 2 2 2 2 2
left_child=3 6 5 -1 -4 14 9 19 15 20 17 12 -12 -11 -3 -6 -15 -8 -5 -7 -2 -22
right_child=1 2 4 18 8 7 10 -9 -10 13 11 -13 -14 16 -16 -17 -18 -19 -20 -21 21 -23
leaf_value=0.012524191606044772 0.00027251509083297978 -0.00122311632335186 0.0021414066305014867 0.0031875306809710903 -0.0018974300871531552 -0.0014830962680280209 0.00057470994626304932 -0.00081178073443610363 -0.0023484882780096749 -0.00059252722327537987 -0.0011910220988813722 0.00061661820561294592 0.00047765846522051402 0.00032408037695769274 -0.00039752046334775584 -0.00051611988492637729 -4.9870304529140629e-05 0.00072882226742326448 0.004232891760766507 -0.0021338228207704452 0.0011692123258641612 0.00040423164074309174
leaf_weight=24 203 39 554 171 11.999999999999998 64 699 53 32 93 56 154 58 80 208 107 172 1169 58 1542 10.999999999999998 209
leaf_count=24 203 39 554 171 12 64 699 53 32 93 56 154 58 80 208 107 172 1169 58 1542 11 209
internal_value=7.39701e-07 -0.000201565 -0.000981684 0.00441378 0.00143849 -0.00187978 0.000498219 -0.00207393 -0.00110466 0.000157916 0.000618104 0.000207693 -0.000301795 -0.000110042 -0.000552445 -0.000711729 4.98931e-05 0.000674167 0.00349129 -0.00211194 0.000388001 0.000470223
internal_weight=5768 5515 2611 253 705 1906 2904 1659 151 768 2136 268 114 345 247 119 252 1868 229 1606 423 220
internal_count=5768 5515 2611 253 705 1906 2904 1659 151 768 2136 268 114 345 247 119 252 1868 229 1606 423 220
is_linear=0
shrinkage=0.05


Tree=14
num_leaves=23
num_cat=0
split_feature=0 17 19 19 19 17 19 16 17 19 17 17 7 7 19 17 17 7 19 19 19 19
split_gain=1.87234 1.08991 2.0508 0.643934 0.461311 0.171433 0.0412202 0.0235208 0.0184238 0.0177697 0.0160056 0.0208336 0.0303791 0.0106318 0.00612524 0.00458012 0.00301205 0.00103475 0.000243527 0.000181104 1.19963e-05 0.000609991
threshold=2.5416666666666674 7.2226790386014175 0.59978846153846166 0.4244134615384616 0.63680769230769241 7.6419255179732621 0.51805769230769239 3.5000000000000004 8.3911170456645259 0.47441346153846159 7.200356359288631 7.2133000484419894 10.500000000000002 10.500000000000002 0.51805769230769239 7.9919350267718441 6.9599592149906035 10.500000000000002 0.51805769230769239 0.51167307692307695 0.43079807692307698 0.4458076923076924
decision_type=2 2 2 2 2 2 2 2 2 2 2 2 2 2 2 2 2 2 2 2 2 2
left_child=3 6 5 -1 -4 14 9 -7 15 20 17 12 -12 -11 19 -6 -15 -8 -5 -3 -2 -22
right_child=1 2 4 18 8 7 10 -9 -10 13 11 -13 -14 16 -16 -17 -18 -19 -20 -21 21 -23
leaf_value=0.011923030573129656 0.00025895617952497276 -0.00061532597988843928 0.0020247833891263588 0.0027288705872350865 -0.0018098564141501604 -0.0020066124145155999 0.00054601552906845296 -0.00076223025784235123 -0.002212849716272424 -0.00056321603781048289 -0.0011325157611843262 0.0005859862391446387 0.00045418036691213061 0.00030807641665393744 -0.00037773952322553081 -0.00052880221119552264 -4.7391197049311988e-05 0.00069241227268074181 0.0036309693000790943 -0.0017804123913603171 0.001115623435083156 0.00038411630436201535
leaf_weight=24 203 26 558 88 11.999999999999998 1606 699 54 33 93 56 154 58 80 208 101 172 1169 141 12.999999999999998 10.999999999999998 209
leaf_count=24 203 26 558 88 12 1606 699 54 33 93 56 154 58 80 208 101 172 1169 141 13 11 209
internal_value=8.24149e-07 -0.000191586 -0.00093334 0.00419899 0.00136759 -0.00178566 0.000473699 -0.00196963 -0.00110682 0.000150445 0.000587461 0.00019729 -0.000284841 -0.000104586 -0.000526158 -0.000723386 4.64645e-05 0.000640628 0.00331942 -0.00116349 0.000369998 0.000448199
internal_weight=5768 5515 2611 253 704 1907 2904 1660 146 768 2136 268 114 345 247 113 252 1868 229 39 423 220
internal_count=5768 5515 2611 253 704 1907 2904 1660 146 768 2136 268 114 345 247 113 252 1868 229 39 423 220
is_linear=0
shrinkage=0.05


Tree=15
num_leaves=23
num_cat=0
split_feature=0 17 17 6 12 17 17 17 17 17 17 17 7 15 15 17 17 7 12 7 17 12
split_gain=1.69438 0.985322 1.52391 0.560303 0.401532 0.34261 0.156123 0.0211746 0.0217921 0.0182664 0.010091 0.0159983 0.03152 0.00749893 0.00575563 0.0106413 0.00336075 0.00296167 0.00254852 0.000831191 0.000512579 0.000330753
threshold=2.5416666666666674 7.2226790386014175 7.784864722929397 6.0000000000000009 384.00000000000006 7.8479119156778632 7.6419255179732621 7.1783939000347887 7.115355359154643 8.3911170456645259 7.200356359288631 7.2133000484419894 10.500000000000002 14.800000000000002 13.650000000000002 7.3170628783230649 8.1868831544556162 10.500000000000002 384.00000000000006 10.500000000000002 7.6503990045026331 756.00000000000011
decision_type=2 2 2 2 2 2 2 2 2 2 2 2 2 2 2 2 2 2 2 2 2 2
left_child=3 7 6 -1 13 -6 14 8 19 -7 18 12 -12 -4 -3 -16 -15 -10 -9 -2 -8 -5
right_child=1 2 4 21 5 9 20 10 17 -11 11 -13 -14 16 15 -17 -18 -19 -20 -21 -22 -23
leaf_value=0.01105172405162683 0.00095562336894755183 -0.0003547064770307196 -0.0017558819072952645 0.0028675419026822375 0.0019375745349627538 -0.00052931825371132677 -0.0013112952840299561 0.00033129810606876369 -0.00053535484728660983 -0.0021084020710710819 -0.0010768833991728331 0.00055687595191862311 0.00050742617483730572 -0.00045823417397009009 -0.00030353217362994101 -0.0018101776684461921 -0.0015175748119751614 0 0.00059259241868533366 0.00030307010809160973 -0.0019323948105220607 0.0038463632004745937
leaf_weight=25 11.999999999999998 189 86 170 553 96 64 201 93 28 56 154 65 53 40 26 20 23 1746 554 1456 58
leaf_count=25 12 189 86 170 553 96 64 201 93 28 56 154 65 53 40 26 20 23 1746 554 1456 58
internal_value=8.94047e-07 -0.000182102 -0.000887402 0.00399461 0.000868045 0.00140255 -0.00171703 0.000450403 0.000194461 -0.0009399 0.000526588 0.00021168 -0.000187641 -0.0013711 -0.000541851 -0.000989845 -0.000832618 -0.000408632 0.000568368 0.000327385 -0.00191041 0.00315408
internal_weight=5768 5515 2611 253 836 677 1775 2904 682 124 2222 275 121 159 255 66 73 116 1947 566 1520 228
internal_count=5768 5515 2611 253 836 677 1775 2904 682 124 2222 275 121 159 255 66 73 116 1947 566 1520 228
is_linear=0
shrinkage=0.05


Tree=16
num_leaves=20
num_cat=0
split_feature=0 17 19 19 19 17 19 15 17 19 17 17 7 7 19 17 17 7 12
split_gain=1.53358 0.891093 1.67059 0.530882 0.378033 0.138297 0.034271 0.0172486 0.016526 0.0151728 0.0130325 0.0169833 0.0248163 0.00837798 0.00505452 0.00442308 0.00264762 0.00101287 6.14881e-06
threshold=2.5416666666666674 7.2226790386014175 0.56805769230769243 0.4244134615384616 0.61517307692307699 7.6419255179732621 0.51805769230769239 14.800000000000002 8.4655176533823031 0.47441346153846159 7.200356359288631 7.2133000484419894 10.500000000000002 10.500000000000002 0.51805769230769239 7.9625070052679279 6.9599592149906035 10.500000000000002 384.00000000000006
decision_type=2 2 2 2 2 2 2 2 2 2 2 2 2 2 2 2 2 2 2
left_child=3 6 5 -1 -4 14 9 -7 15 -2 17 12 -12 -11 -3 -6 -15 -8 -5
right_child=1 2 4 18 8 7 10 -9 -10 13 11 -13 -14 16 -16 -17 -18 -19 -20
leaf_value=0.010820242154598238 0.00033600535835161418 -0.0010646474519744517 0.0018372416748698836 0.0024656747926467214 -0.0016624834804007641 -0.0018114937426995136 0.00048916645132537407 -0.00070420322146404679 -0.002029582942186883 -0.00050887183533941812 -0.0010239838186259333 0.00052921179174295356 0.00040691492226669349 0.00027789633833216851 -0.00034175767269181576 -0.00043959762987301303 -5.8086614206573269e-05 0.00062972645054802179 0.0033005280682034256
leaf_weight=24 423 39 554 92 11.999999999999998 1606 699 53 32 93 56 154 58 80 208 107 172 1169 137
leaf_count=24 423 39 554 92 12 1606 699 53 32 93 56 154 58 80 208 107 172 1169 137
internal_value=8.21322e-07 -0.000173232 -0.000843992 0.00380034 0.00123032 -0.00161411 0.000428213 -0.00177958 -0.000960954 0.000132761 0.000531991 0.000177207 -0.000255296 -0.000102235 -0.000479892 -0.000617407 2.94886e-05 0.000580094 0.00299905
internal_weight=5768 5515 2611 253 705 1906 2904 1659 151 768 2136 268 114 345 247 119 252 1868 229
internal_count=5768 5515 2611 253 705 1906 2904 1659 151 768 2136 268 114 345 247 119 252 1868 229
is_linear=0
shrinkage=0.05


Tree=17
num_leaves=24
num_cat=0
split_feature=2 17 19 19 19 17 19 15 19 17 17 17 19 19 19 17 17 19 17 19 19 19 12
split_gain=1.388 0.805294 1.50724 0.48096 0.343815 0.124109 0.0309474 0.0159505 0.0137238 0.0131247 0.0116731 0.0152963 0.0224853 0.00697862 0.00449225 0.00327024 0.00246838 0.000803377 0.000416595 5.48723e-05 0.000483306 3.66766e-05 2.67251e-06
threshold=30.500000000000004 7.2226790386014175 0.59978846153846166 0.4244134615384616 0.63680769230769241 7.6419255179732621 0.51805769230769239 14.800000000000002 0.47441346153846159 8.4655176533823031 7.200356359288631 7.2133000484419894 0.53667307692307709 0.48742307692307701 0.51805769230769239 7.9919350267718441 6.9599592149906035 0.53667307692307709 7.6503990045026331 0.43079807692307698 0.4458076923076924 0.51167307692307695 756.00000000000011
decision_type=2 2 2 2 2 2 2 2 2 2 2 2 2 2 2 2 2 2 2 2 2 2 2
left_child=3 6 5 -1 -4 14 8 18 19 15 17 12 -12 -10 21 -6 -15 -8 -7 -2 -21 -3 -5
right_child=1 2 4 22 9 7 10 -9 13 -11 11 -13 -14 16 -16 -17 -18 -19 -20 20 -22 -23 -24
leaf_value=0.010300870645046235 0.00021411472064666631 -0.00050407284801756898 0.0017374436226581793 0.0025850026580223513 -0.0015857534970228492 -0.0011575578938309962 0.00046474307772836519 -0.00066228804737329487 -0.00046298264040766908 -0.0019311789220029657 -0.00097368287069624971 0.00050292190813249155 0.00038691400992289446 0.00026417307138879909 -0.0003247515591636799 -0.00045935151791109627 -6.1817583689270062e-05 0.00059826705276838741 -0.0017403540347355141 0.0010052910641146203 0.00033150885555715789 -0.0015642763301730155 0.0034950751729183279
leaf_weight=24 203 26 558 171 11.999999999999998 64 699 54 95 32 56 154 58 80 208 102 170 1169 1542 10.999999999999998 209 12.999999999999998 58
leaf_count=24 203 26 558 171 12 64 699 54 95 32 56 154 58 80 208 102 170 1169 1542 11 209 13 58
internal_value=8.36121e-07 -0.000164708 -0.00080239 0.00361556 0.00116961 -0.00153324 0.000406993 -0.00168997 0.000125801 -0.000963652 0.00050565 0.00016833 -0.000240626 -9.71651e-05 -0.000457189 -0.000634157 2.3216e-05 0.000551253 -0.00172098 0.000319245 0.000392219 -0.00101275 0.00285143
internal_weight=5768 5515 2611 253 704 1907 2904 1660 768 146 2136 268 114 345 247 114 250 1868 1606 423 220 39 229
internal_count=5768 5515 2611 253 704 1907 2904 1660 768 146 2136 268 114 345 247 114 250 1868 1606 423 220 39 229
is_linear=0
shrinkage=0.05


Tree=18
num_leaves=22
num_cat=0
split_feature=0 17 19 19 19 17 19 15 17 19 17 17 7 7 19 17 17 7 17 19 19
split_gain=1.25639 0.72834 1.36001 0.435677 0.311972 0.111291 0.0278265 0.0140576 0.0130539 0.012497 0.0104504 0.0137748 0.0203749 0.00686754 0.0041156 0.00355568 0.00216564 0.000619832 2.54729e-05 5.44957e-06 0.00038422
threshold=2.5416666666666674 7.2226790386014175 0.59978846153846166 0.4244134615384616 0.61517307692307699 7.6419255179732621 0.51805769230769239 14.800000000000002 8.3911170456645259 0.47441346153846159 7.200356359288631 7.2133000484419894 10.500000000000002 10.500000000000002 0.51805769230769239 7.9625070052679279 6.9599592149906035 10.500000000000002 7.6503990045026331 0.43079807692307698 0.4458076923076924
decision_type=2 2 2 2 2 2 2 2 2 2 2 2 2 2 2 2 2 2 2 2 2
left_child=3 6 5 -1 -4 14 9 18 15 19 17 12 -12 -11 -3 -6 -15 -8 -7 -2 -21
right_child=1 2 4 -5 8 7 10 -9 -10 13 11 -13 -14 16 -16 -17 -18 -19 -20 20 -22
leaf_value=0.0098064293146133442 0.00020346146050096472 -0.00097094403766095645 0.0016624589448640062 0.0027112712163640108 -0.0015125648605708894 -0.0011005704492473832 0.00044153912668781623 -0.00062977574689483109 -0.0018197754611644673 -0.00046079607383209346 -0.00092585283592996881 0.00047793805872600888 0.00036789626246160376 0.00025112748031079035 -0.00030859166961252405 -0.00039236462205021741 -5.1894172921109237e-05 0.0005683792766788576 -0.001653392700524005 0.00095921518746763476 0.00031501233413638104
leaf_weight=24 203 39 553 229 11.999999999999998 64 699 54 33 93 56 154 58 80 208 106 172 1169 1542 10.999999999999998 209
leaf_count=24 203 39 553 229 12 64 699 54 33 93 56 154 58 80 208 106 172 1169 1542 11 209
internal_value=8.41648e-07 -0.000156617 -0.000763097 0.00343997 0.00110991 -0.00145739 0.000387026 -0.00160588 -0.000878413 0.00011992 0.000480624 0.000159898 -0.000226676 -9.23445e-05 -0.000436828 -0.000560053 2.51527e-05 0.000523853 -0.00163517 0.000304645 0.000374042
internal_weight=5768 5515 2611 253 704 1907 2904 1660 151 768 2136 268 114 345 247 118 252 1868 1606 423 220
internal_count=5768 5515 2611 253 704 1907 2904 1660 151 768 2136 268 114 345 247 118 252 1868 1606 423 220
is_linear=0
shrinkage=0.05


Tree=19
num_leaves=21
num_cat=0
split_feature=0 17 19 19 19 17 19 15 19 17 17 17 19 19 19 17 17 19 19 19
split_gain=1.13624 0.658661 1.22699 0.394845 0.282966 0.0999951 0.0250156 0.0123671 0.0113843 0.0105102 0.00935102 0.0124029 0.0184641 0.00566944 0.0036494 0.00211375 0.00202656 0.000462359 0.000459428 9.48371e-05
threshold=2.5416666666666674 7.2226790386014175 0.59978846153846166 0.4244134615384616 0.63680769230769241 7.6419255179732621 0.51805769230769239 14.800000000000002 0.47441346153846159 8.5364934715769056 7.200356359288631 7.2133000484419894 0.53667307692307709 0.48742307692307701 0.51805769230769239 7.9919350267718441 6.9599592149906035 0.51805769230769239 0.53667307692307709 0.51167307692307695
decision_type=2 2 2 2 2 2 2 2 2 2 2 2 2 2 2 2 2 2 2 2
left_child=3 6 5 -1 -4 14 8 -7 -2 15 18 12 -12 -10 19 -6 -15 -5 -8 -3
right_child=1 2 4 17 9 7 10 -9 13 -11 11 -13 -14 16 -16 -17 -18 -19 -20 -21
leaf_value=0.0093357209444046036 0.00029076589076210889 -0.00043305352744128973 0.0015686717364697155 0.0020638593282090146 -0.0014427541239330403 -0.0015536550355321184 0.00041949369502919067 -0.00059885948693210432 -0.00041770077155282105 -0.0018559959510873469 -0.00088037237524986258 0.00045419529744333798 0.00034981320769983837 0.00023872611768267776 -0.00029323592920159325 -0.00045053308027692967 -5.6165245685682839e-05 0.0028441188350634677 0.00053998460048316121 -0.0014465696763779439
leaf_weight=24 423 26 558 88 11.999999999999998 1606 699 54 95 27 56 154 58 80 208 107 170 141 1169 12.999999999999998
leaf_count=24 423 26 558 88 12 1606 699 54 95 27 56 154 58 80 208 107 170 141 1169 13
internal_value=8.25028e-07 -0.000148873 -0.000725645 0.00327142 0.0010532 -0.00138516 0.000368056 -0.00152598 0.000114328 -0.000880145 0.000456849 0.000151889 -0.000213411 -8.77651e-05 -0.000416253 -0.000603445 1.88548e-05 0.0025763 0.000497821 -0.000923611
internal_weight=5768 5515 2611 253 704 1907 2904 1660 768 146 2136 268 114 345 247 119 250 229 1868 39
internal_count=5768 5515 2611 253 704 1907 2904 1660 768 146 2136 268 114 345 247 119 250 229 1868 39
is_linear=0
shrinkage=0.05


Tree=20
num_leaves=21
num_cat=0
split_feature=0 17 17 6 14 17 17 17 17 17 17 17 7 15 17 15 17 7 7 17
split_gain=1.02859 0.595486 0.911424 0.342088 0.240314 0.210631 0.0909284 0.0117288 0.0133446 0.010573 0.00540201 0.00926638 0.0195912 0.00409599 0.00703281 0.00269499 0.00294773 0.00200556 0.000535919 0.000160586
threshold=2.5416666666666674 7.2226790386014175 7.784864722929397 6.0000000000000009 1.0000000180025095e-35 7.8479119156778632 7.6419255179732621 7.1783939000347887 7.115355359154643 8.3911170456645259 7.200356359288631 7.2133000484419894 10.500000000000002 13.650000000000002 7.3170628783230649 14.800000000000002 8.1868831544556162 10.500000000000002 10.500000000000002 7.6503990045026331
decision_type=2 2 2 2 2 2 2 2 2 2 2 2 2 2 2 2 2 2 2 2
left_child=3 7 6 -1 15 -6 13 8 18 -7 -9 12 -12 -3 -15 -4 -17 -10 -2 -8
right_child=1 2 4 -5 5 9 19 10 17 -11 11 -13 -14 14 -16 16 -18 -19 -20 -21
leaf_value=0.008643190608574795 0.00079786997646666489 -0.00026545951941883879 -0.0013350366066670282 0.0024492729824508123 0.0015011938498607613 -0.00041946746826594336 -0.00096990089745332411 0.00043818337101540934 -0.00041733851854471455 -0.0016577752027660609 -0.00083712596299224777 0.00043163205935589725 0.00040927084670825444 -0.0002226986122749201 -0.0014821030434083058 -0.00031471390768678657 -0.0012759365065998975 0 0.00023890526897928403 -0.001498128639236246
leaf_weight=25 11.999999999999998 189 86 228 553 96 64 1947 93 28 56 154 65 40 26 53 20 23 554 1456
leaf_count=25 12 189 86 228 553 96 64 1947 93 28 56 154 65 40 26 53 20 23 554 1456
internal_value=7.72279e-07 -0.000141616 -0.000690062 0.00311262 0.000666619 0.00108097 -0.00133187 0.000349842 0.000155945 -0.000750111 0.000407008 0.000167386 -0.000128724 -0.000428065 -0.000808171 -0.00106211 -0.000659314 -0.000311575 0.000260961 -0.00147983
internal_weight=5768 5515 2611 253 836 677 1775 2904 682 124 2222 275 121 255 66 159 73 116 566 1520
internal_count=5768 5515 2611 253 836 677 1775 2904 682 124 2222 275 121 255 66 159 73 116 566 1520
is_linear=0
shrinkage=0.05


Tree=21
num_leaves=21
num_cat=0
split_feature=0 17 17 6 12 17 17 17 17 17 17 17 7 15 17 15 17 7 12 7
split_gain=0.930366 0.538711 0.821818 0.309899 0.217693 0.190817 0.0814409 0.0105056 0.0120554 0.00945123 0.00479846 0.00834777 0.0177363 0.00371062 0.00622597 0.00214296 0.00256032 0.00184451 0.00139056 0.000450148
threshold=2.5416666666666674 7.2226790386014175 7.784864722929397 6.0000000000000009 384.00000000000006 7.8479119156778632 7.6419255179732621 7.1783939000347887 7.115355359154643 8.3911170456645259 7.200356359288631 7.2133000484419894 10.500000000000002 13.650000000000002 7.3170628783230649 14.800000000000002 8.1868831544556162 10.500000000000002 756.00000000000011 10.500000000000002
decision_type=2 2 2 2 2 2 2 2 2 2 2 2 2 2 2 2 2 2 2 2
left_child=3 7 6 -1 15 -6 13 8 19 -7 -9 12 -12 -3 -15 -4 -17 -10 -5 -2
right_child=1 2 4 18 5 9 -8 10 17 -11 11 -13 -14 14 -16 16 -18 -19 -20 -21
leaf_value=0.0082276523929949007 0.00076104522037964608 -0.00025225638500169705 -0.0012690519272274842 0.0020766175263806394 0.0014262697664139934 -0.00039871031790491695 -0.0014060811963134258 0.00041628545036853063 -0.00039669359033491381 -0.0015777447431123465 -0.00079600402660537188 0.0004101897004330831 0.00038911739519486828 -0.00021183525461976121 -0.0014107424517472587 -0.00029926961512063391 -0.0012151776072347449 0 0.0029298339588409764 0.00022698152662246481
leaf_weight=25 11.999999999999998 189 86 170 553 96 1520 1947 93 28 56 154 65 40 26 53 20 23 58 554
leaf_count=25 12 189 86 170 553 96 1520 1947 93 28 56 154 65 40 26 53 20 23 58 554
internal_value=5.77587e-07 -0.000134799 -0.000656476 0.00296016 0.000631586 0.00102614 -0.00126596 0.000332588 0.000148396 -0.000715436 0.00038678 0.000159018 -0.000120414 -0.000409 -0.000772766 -0.00101304 -0.000630801 -0.000294988 0.00232734 0.000248445
internal_weight=5768 5515 2611 253 836 677 1775 2904 682 124 2222 275 121 255 66 159 73 116 228 566
internal_count=5768 5515 2611 253 836 677 1775 2904 682 124 2222 275 121 255 66 159 73 116 228 566
is_linear=0
shrinkage=0.05


Tree=22
num_leaves=22
num_cat=0
split_feature=0 17 19 19 19 17 19 19 17 15 17 17 19 17 19 19 17 19 19 19 17
split_gain=0.842388 0.487283 0.902501 0.296117 0.210351 0.0719771 0.0202507 0.00865217 0.00829363 0.00745298 0.00699892 0.00915213 0.0135836 0.00433325 0.00265712 0.00123758 0.00115427 0.00094209 0.000581237 0.000307559 0.0001047
threshold=2.5416666666666674 7.2226790386014175 0.56805769230769243 0.4244134615384616 0.63680769230769241 7.6419255179732621 0.51805769230769239 0.47441346153846159 8.6973007686733208 14.800000000000002 7.200356359288631 7.2133000484419894 0.53667307692307709 6.9599592149906035 0.51805769230769239 0.48742307692307701 7.9919350267718441 0.51805769230769239 0.53667307692307709 0.63055769230769243 7.6503990045026331
decision_type=2 2 2 2 2 2 2 2 2 2 2 2 2 2 2 2 2 2 2 2 2
left_child=3 6 5 -1 -4 14 7 -2 16 20 18 12 -12 -9 -3 -15 -6 -5 -8 -19 -7
right_child=1 2 4 17 8 9 10 13 -10 -11 11 -13 -14 15 -16 -17 -18 19 -20 -21 -22
leaf_value=0.0080778056859970096 0.00024199077333043602 -0.00080755839310586459 0.0013433074006419963 0.001731138668870658 -0.0012745675401618849 -0.00085292946778309459 0.00035588658412120179 0.00020393042652695271 -0.0018412488084286452 -0.00053281443788566528 -0.00075690209947265044 0.00038981253742390579 0.00029337619383961469 -0.00035808889835607264 -0.00025363853192357923 -7.3398359872847374e-05 -0.0004232446757819633 0.0027398018056624816 0.00047234741826024325 0.001753141823767995 -0.0013488642402579953
leaf_weight=24 423 39 559 88 11.999999999999998 64 699 80 19 53 56 154 58 95 208 170 115 94 1169 47 1542
leaf_count=24 423 39 559 88 12 64 699 80 19 53 56 154 58 95 208 170 115 94 1169 47 1542
internal_value=5.08887e-07 -0.000128266 -0.000624449 0.00281673 0.000899095 -0.00119078 0.000316196 8.73795e-05 -0.000765243 -0.00131055 0.000396048 0.000128575 -0.000181167 -8.78881e-05 -0.000364164 -0.000195217 -0.000552076 0.00221088 0.000431657 0.00246079 -0.00133276
internal_weight=5768 5515 2611 253 705 1906 2904 768 146 1659 2136 268 114 345 247 265 127 229 1868 141 1606
internal_count=5768 5515 2611 253 705 1906 2904 768 146 1659 2136 268 114 345 247 265 127 229 1868 141 1606
is_linear=0
shrinkage=0.05


Tree=23
num_leaves=17
num_cat=0
split_feature=0 6 19 19 19 15 19 7 12 19 7 15 19 12 12 19
split_gain=0.763494 0.410598 0.829192 0.267952 0.179102 0.0612546 0.0207989 0.0150683 0.0102538 0.0083041 0.00798652 0.00726554 0.00607897 0.00290578 0.00120831 0.000352066
threshold=2.5416666666666674 6.0000000000000009 0.59978846153846166 0.4244134615384616 0.61517307692307699 12.800000000000002 0.51805769230769239 10.500000000000002 1.0000000180025095e-35 0.78680769230769243 10.500000000000002 14.800000000000002 0.47441346153846159 384.00000000000006 756.00000000000011 0.72430769230769243
decision_type=2 2 2 2 2 2 2 2 2 2 2 2 2 2 2 2
left_child=3 6 5 -1 -4 -3 7 8 -2 15 -8 -7 -10 -9 -5 -6
right_child=1 2 4 14 9 11 10 13 12 -11 -12 -13 -14 -15 -16 -17
leaf_value=0.0076900712728500374 -0.0014927564490409126 -0.00038075917710860571 0.0012880407241492497 0.0018682350300598977 -0.00039916097476250603 -0.001280893977172402 0.00023466898535782476 0.00022460058040118261 0.00071475122410517475 -0.0013307488939111553 0.00044460749984684986 -0.00050103163429197266 -0.00035935594244523254 0 0.0026703883685424167 0
leaf_weight=24 20 248 553 171 89 1547 946 436 11.999999999999998 40 1236 54 93 227 58 13.999999999999998
leaf_count=24 20 248 553 171 89 1547 946 436 12 40 1236 54 93 227 58 14
internal_value=5.18791e-07 -0.000122036 -0.000588605 0.00268166 0.000877475 -0.00114335 0.00027615 4.84541e-05 -0.00044314 -0.000673434 0.000356029 -0.00125804 -0.000183846 0.000149196 0.00210387 -0.000359747
internal_weight=5768 5515 2545 253 696 1849 2970 788 125 143 2182 1601 105 663 229 103
internal_count=5768 5515 2545 253 696 1849 2970 788 125 143 2182 1601 105 663 229 103
is_linear=0
shrinkage=0.05


Tree=24
num_leaves=21
num_cat=0
split_feature=0 17 19 19 19 17 19 19 17 17 17 7 15 17 15 17 17 7 12 17
split_gain=0.691359 0.399478 0.734509 0.242573 0.174272 0.0582071 0.0166341 0.00708762 0.00691293 0.00609266 0.00833169 0.0121421 0.00597426 0.00383815 0.00206912 0.00360214 0.0012889 0.0011767 0.000731266 0.000575337
threshold=2.5416666666666674 7.2226790386014175 0.59978846153846166 0.4244134615384616 0.63680769230769241 7.6419255179732621 0.51805769230769239 0.47441346153846159 8.6973007686733208 7.200356359288631 7.2133000484419894 10.500000000000002 14.800000000000002 6.9599592149906035 13.650000000000002 7.3170628783230649 7.9919350267718441 10.500000000000002 756.00000000000011 7.1783939000347887
decision_type=2 2 2 2 2 2 2 2 2 2 2 2 2 2 2 2 2 2 2 2
left_child=3 6 5 -1 -4 14 7 -2 16 19 11 -11 -7 -9 -3 -16 -6 -15 -5 -8
right_child=1 2 4 18 8 12 9 13 -10 10 -12 -13 -14 17 15 -17 -18 -19 -20 -21
leaf_value=0.0073209478139877318 0.00021842766746903061 -0.00020538741541340167 0.0012153645749628705 0.0017753664468046885 -0.0012168209770551097 -0.0012039892334785422 0.00059336335761699739 0.00019385979292385375 -0.0016952368188649419 -0.00073124852791232506 0.00035878990366754513 0.00025710241711240705 -0.00047643552622122863 -0.00034157928663920218 -0.00020150512911197615 -0.0012861073448469766 -0.00037565204491517669 -6.4185786362457473e-05 0.0025391319763483637 0.00037466944252904753
leaf_weight=24 423 189 558 171 11.999999999999998 1606 122 80 19 56 154 58 54 93 40 18 115 172 58 1746
leaf_count=24 423 189 558 171 12 1606 122 80 19 56 154 58 54 93 40 18 115 172 58 1746
internal_value=5.69276e-07 -0.00011601 -0.000565332 0.00255195 0.000810056 -0.00107586 0.000286311 7.81578e-05 -0.000702715 0.000358742 0.00010818 -0.000187062 -0.00118363 -7.95085e-05 -0.000329522 -0.000638945 -0.000503081 -0.00018125 0.00200075 0.000391938
internal_weight=5768 5515 2611 253 704 1907 2904 768 146 2136 268 114 1660 345 247 58 127 265 229 1868
internal_count=5768 5515 2611 253 704 1907 2904 768 146 2136 268 114 1660 345 247 58 127 265 229 1868
is_linear=0
shrinkage=0.05


Tree=25
num_leaves=24
num_cat=0
split_feature=0 17 19 19 19 17 19 17 19 17 17 7 15 17 15 17 17 7 12 19 17 19 19
split_gain=0.626138 0.361322 0.662563 0.219569 0.158406 0.0520235 0.0150273 0.00671716 0.00641382 0.00543905 0.00749272 0.0110131 0.00515498 0.00350206 0.00188024 0.00315719 0.0014071 0.00102922 0.00065941 0.00159925 0.000449054 3.88493e-05 0.000429082
threshold=2.5416666666666674 7.2226790386014175 0.59978846153846166 0.4244134615384616 0.61517307692307699 7.6419255179732621 0.51805769230769239 8.6973007686733208 0.47441346153846159 7.200356359288631 7.2133000484419894 10.500000000000002 14.800000000000002 6.9599592149906035 13.650000000000002 7.3170628783230649 7.9625070052679279 10.500000000000002 384.00000000000006 0.63055769230769243 7.1783939000347887 0.43079807692307698 0.4458076923076924
decision_type=2 2 2 2 2 2 2 2 2 2 2 2 2 2 2 2 2 2 2 2 2 2 2
left_child=3 6 5 -1 -4 14 8 16 21 20 11 -11 -7 -10 -3 -16 -6 -15 -5 -20 -8 -2 -23
right_child=1 2 4 18 7 12 9 -9 13 10 -12 -13 -14 17 15 -17 -18 -19 19 -21 -22 22 -24
leaf_value=0.0069695419549942019 0.00012121999934415014 -0.00019517207336857133 0.0011630964423075911 0.0014794741835324997 -0.0011606599906316172 -0.0011438272996923979 0.00056393639646409974 -0.0016147131510078909 0.00018428645625618507 -0.00069532755345694339 0.00034096613457997238 0.00024446516218831987 -0.00045304688903376124 -0.00032468200319426811 -0.00019167562810386101 -0.0012251864961887661 -0.00033298261863879921 -6.0995048574155807e-05 0.0024216504550569665 0.001451409386548524 0.00035594666746680101 0.00077661220605174705 0.00020926361074227664
leaf_weight=24 203 189 553 92 11.999999999999998 1606 122 19 80 56 154 58 54 93 40 18 120 172 90 47 1746 10.999999999999998 209
leaf_count=24 203 189 553 92 12 1606 122 19 80 56 154 58 54 93 40 18 120 172 90 47 1746 11 209
internal_value=5.15212e-07 -0.000110387 -0.000537744 0.00242861 0.000768343 -0.00102268 0.000272183 -0.00064259 7.39253e-05 0.000341059 0.000102749 -0.000175741 -0.00112465 -7.55637e-05 -0.000315403 -0.000612496 -0.000453981 -0.000173204 0.00190273 0.00213796 0.0003725 0.000207532 0.000263641
internal_weight=5768 5515 2611 253 704 1907 2904 151 768 2136 268 114 1660 345 247 58 132 265 229 137 1868 423 220
internal_count=5768 5515 2611 253 704 1907 2904 151 768 2136 268 114 1660 345 247 58 132 265 229 137 1868 423 220
is_linear=0
shrinkage=0.05


Tree=26
num_leaves=23
num_cat=0
split_feature=0 17 19 19 19 17 19 19 17 17 17 7 15 17 15 17 17 7 12 17 19 19
split_gain=0.567649 0.327001 0.597652 0.198596 0.143867 0.0464707 0.0134941 0.0058603 0.00538368 0.00485198 0.00673683 0.00999014 0.00442794 0.00319688 0.0017087 0.00275783 0.000915057 0.000897468 0.000520905 0.000338358 7.8668e-06 0.00035175
threshold=2.5416666666666674 7.2226790386014175 0.59978846153846166 0.4244134615384616 0.63680769230769241 7.6419255179732621 0.51805769230769239 0.47441346153846159 8.6973007686733208 7.200356359288631 7.2133000484419894 10.500000000000002 14.800000000000002 6.9599592149906035 13.650000000000002 7.3170628783230649 7.9919350267718441 10.500000000000002 756.00000000000011 7.1783939000347887 0.43079807692307698 0.4458076923076924
decision_type=2 2 2 2 2 2 2 2 2 2 2 2 2 2 2 2 2 2 2 2 2 2
left_child=3 6 5 -1 -4 14 7 20 16 19 11 -11 -7 -9 -3 -16 -6 -15 -5 -8 -2 -22
right_child=1 2 4 18 8 12 9 13 -10 10 -12 -13 -14 17 15 -17 -18 -19 -20 -21 21 -23
leaf_value=0.0066350039720535275 0.0001151887014074258 -0.00018546485479332899 0.001097323493632173 0.0015987024803884157 -0.0011070911185099529 -0.0010866714895496402 0.00053596882119290225 0.00017518590549351994 -0.0015380141828209163 -0.00066117111871247757 0.0003240278342498406 0.00023244909942150119 -0.00043080639798427005 -0.0003086206186661854 -0.0001823255265267884 -0.0011671513750364907 -0.00034052575962489537 -5.79629182166856e-05 0.0023142084286753403 0.00033815953291474959 0.00074101747246459128 0.00019885023559133212
leaf_weight=24 203 189 558 171 11.999999999999998 1606 122 80 19 56 154 58 54 93 40 18 115 172 58 1746 10.999999999999998 209
leaf_count=24 203 189 558 171 12 1606 122 80 19 56 154 58 54 93 40 18 115 172 58 1746 11 209
internal_value=6.098e-07 -0.000104944 -0.000511529 0.00231256 0.000728724 -0.000972151 0.000258947 7.0613e-05 -0.000643901 0.000324259 9.75913e-05 -0.000164976 -0.00106862 -7.18146e-05 -0.000301974 -0.000587309 -0.000460103 -0.000165556 0.00181094 0.000354034 0.000198465 0.000251813
internal_weight=5768 5515 2611 253 704 1907 2904 768 146 2136 268 114 1660 345 247 58 127 265 229 1868 423 220
internal_count=5768 5515 2611 253 704 1907 2904 768 146 2136 268 114 1660 345 247 58 127 265 229 1868 423 220
is_linear=0
shrinkage=0.05


Tree=27
num_leaves=23
num_cat=0
split_feature=0 17 19 19 19 17 19 17 19 17 17 7 16 17 17 16 17 7 19 19 7 17
split_gain=0.514143 0.295978 0.539103 0.179713 0.130624 0.0415488 0.0121139 0.00543332 0.00535733 0.00432481 0.00605589 0.00906325 0.00348891 0.0029197 0.00178073 0.0015529 0.00239965 0.000779843 0.000364256 0.00125099 0.000258132 0.000202507
threshold=2.5416666666666674 7.2226790386014175 0.56805769230769243 0.4244134615384616 0.61517307692307699 7.6419255179732621 0.51805769230769239 8.3911170456645259 0.47441346153846159 7.200356359288631 7.2133000484419894 10.500000000000002 3.5000000000000004 6.9599592149906035 7.9625070052679279 2.5000000000000004 7.3170628783230649 10.500000000000002 0.51805769230769239 0.63055769230769243 10.500000000000002 7.6503990045026331
decision_type=2 2 2 2 2 2 2 2 2 2 2 2 2 2 2 2 2 2 2 2 2 2
left_child=3 6 5 -1 -4 15 8 14 -2 20 11 -11 21 -10 -6 -3 -17 -15 -5 -20 -8 -7
right_child=1 2 4 18 7 12 9 -9 13 10 -12 -13 -14 17 -16 16 -18 -19 19 -21 -22 -23
leaf_value=0.0063165241956710822 0.00018984563657006289 -0.00017624042501771138 0.0010482004574407732 0.0013132413983177604 -0.001055994578278982 -0.00060995573077637423 0.00027303852650469967 -0.0012231900522430594 0.00016653474719252118 -0.00062869250774383551 0.00030793095303459036 0.00022102363960091345 -0.00041532448972618485 -0.00029335373106036101 -0.0002272899065027449 -0.00017343165262079821 -0.0011118652240226146 -5.5081518615913618e-05 0.0021850468976129045 0.0012849387068611879 0.00036988984871432824 -0.0010462568257135604
leaf_weight=24 423 189 554 88 11.999999999999998 64 699 33 80 56 154 58 53 93 106 40 18 172 94 47 1169 1542
leaf_count=24 423 189 554 88 12 64 699 33 80 56 154 58 53 93 106 40 18 172 94 47 1169 1542
internal_value=6.42056e-07 -9.97723e-05 -0.000486622 0.00220098 0.000689964 -0.000924578 0.000246372 -0.000589713 6.74636e-05 0.000308298 9.26923e-05 -0.00015474 -0.00101593 -6.82516e-05 -0.000361747 -0.000289201 -0.000563324 -0.000158287 0.00172233 0.00193138 0.000336489 -0.00103237
internal_weight=5768 5515 2611 253 705 1906 2904 151 768 2136 268 114 1659 345 118 247 58 265 229 141 1868 1606
internal_count=5768 5515 2611 253 705 1906 2904 151 768 2136 268 114 1659 345 118 247 58 265 229 141 1868 1606
is_linear=0
shrinkage=0.05


Tree=28
num_leaves=23
num_cat=0
split_feature=0 17 19 19 19 17 19 19 17 17 17 7 15 17 15 17 17 7 13 17 19 19
split_gain=0.466293 0.267867 0.486426 0.162492 0.118911 0.0370345 0.0109448 0.0048496 0.00483022 0.00385139 0.00544258 0.00822328 0.00318984 0.00266789 0.0014114 0.00207866 0.00128068 0.000674916 0.000364905 0.000281677 2.00895e-05 0.000325784
threshold=2.5416666666666674 7.2226790386014175 0.59978846153846166 0.4244134615384616 0.61517307692307699 7.6419255179732621 0.51805769230769239 0.47441346153846159 8.5364934715769056 7.200356359288631 7.2133000484419894 10.500000000000002 14.800000000000002 6.9599592149906035 13.650000000000002 7.3170628783230649 7.9625070052679279 10.500000000000002 9.4828921423310444 7.1783939000347887 0.43079807692307698 0.4458076923076924
decision_type=2 2 2 2 2 2 2 2 2 2 2 2 2 2 2 2 2 2 2 2 2 2
left_child=3 6 5 -1 -4 14 7 20 16 19 11 -11 -7 -9 -3 -16 -6 -15 -5 -8 -2 -22
right_child=1 2 4 18 8 12 9 13 -10 10 -12 -13 -14 17 15 -17 -18 -19 -20 -21 21 -23
leaf_value=0.0060133308649063105 0.0001000117529046667 -0.00016747477283015065 0.00099796403871869345 0.0014391967570842354 -0.0010072563760555708 -0.0009809602552363632 0.00049104409587637677 0.00015831081990014628 -0.0012493596172758513 -0.00059780934752014128 0.00029263374351731113 0.00021015970967710017 -0.00039059953634965831 -0.00027884208290104541 -0.00016497154106817594 -0.0010591979324817659 -0.00024516380445586635 -5.2343374629628795e-05 0.0021106030141650619 0.00030471489955066072 0.00069835290623207892 0.00017950799639913299
leaf_weight=24 203 189 553 171 11.999999999999998 1606 122 80 27 56 154 58 54 93 40 18 112 172 58 1746 10.999999999999998 209
leaf_count=24 203 189 553 171 12 1606 122 80 27 56 154 58 54 93 40 18 112 172 58 1746 11 209
internal_value=5.80994e-07 -9.50052e-05 -0.000463056 0.00209607 0.00065545 -0.000878719 0.000234235 6.37658e-05 -0.000564342 0.00029313 8.80391e-05 -0.000145006 -0.000965013 -6.48653e-05 -0.000277052 -0.000540485 -0.000366383 -0.000151378 0.00163942 0.000319816 0.000180376 0.000231117
internal_weight=5768 5515 2611 253 704 1907 2904 768 151 2136 268 114 1660 345 247 58 124 265 229 1868 423 220
internal_count=5768 5515 2611 253 704 1907 2904 768 151 2136 268 114 1660 345 247 58 124 265 229 1868 423 220
is_linear=0
shrinkage=0.05


Tree=29
num_leaves=24
num_cat=0
split_feature=2 17 19 19 19 15 19 17 19 19 17 17 17 7 15 17 17 17 19 17 7 12 19
split_gain=0.422417 0.242517 0.438746 0.146998 0.108121 0.0331546 0.00981948 0.00625043 0.00553473 0.00443861 0.00390249 0.00342677 0.00489027 0.00746201 0.00319416 0.00243907 0.0020469 0.00515963 0.000597682 0.000524955 0.000204653 0.000135732 0.00161251
threshold=30.500000000000004 7.2226790386014175 0.59978846153846166 0.4244134615384616 0.63680769230769241 12.800000000000002 0.51805769230769239 7.6503990045026331 0.53667307692307709 0.47441346153846159 8.6973007686733208 7.200356359288631 7.2133000484419894 10.500000000000002 14.800000000000002 6.9599592149906035 7.6673031450585656 7.6419255179732621 0.4970384615384616 7.9919350267718441 10.500000000000002 384.00000000000006 0.63055769230769243
decision_type=2 2 2 2 2 2 2 2 2 2 2 2 2 2 2 2 2 2 2 2 2 2 2
left_child=3 6 5 -1 -4 16 9 8 -7 -2 19 20 13 -13 -9 -11 17 -3 -17 -6 -8 -5 -23
right_child=1 2 4 21 10 7 11 14 -10 15 -12 12 -14 -15 -16 18 -18 -19 -20 -21 -22 22 -24
leaf_value=0.0057246908426284793 0.0001726515167944665 -0.00015914509994418999 0.00094155659179381488 0.0011892032847609572 -0.00096076756142652946 -0.00068599633462727069 0.00024419213422973237 -0.00095792801033350969 5.7517605641021802e-05 0.00015049299854716217 -0.0013475124808028341 -0.00056844330625608567 0.00027809645842775824 0.00019982987351841849 -0.00037142464963041931 -0.00017059933378863238 0.0001064065396785736 -0.0008158642501043885 0 -0.00029075471748565807 0.00033521696513630133 0.0020169495521010932 0.0011354837863473222
leaf_weight=24 423 189 558 92 11.999999999999998 49 699 1528 28 80 19 56 154 58 54 242 13.999999999999998 45 23 115 1169 90 47
leaf_count=24 423 189 558 92 12 49 699 1528 28 80 19 56 154 58 54 242 14 45 23 115 1169 90 47
internal_value=6.1089e-07 -9.03253e-05 -0.000440559 0.00199511 0.000621507 -0.000835379 0.000222894 -0.000917308 -0.000354254 6.0955e-05 -0.000565767 0.000278723 8.36195e-05 -0.00013575 -0.000941314 -6.1647e-05 -0.000265748 -0.000309648 -0.000144811 -0.000400137 0.00030398 0.00155931 0.0017612
internal_weight=5768 5515 2611 253 704 1907 2904 1659 77 768 146 2136 268 114 1582 345 248 234 265 127 1868 229 137
internal_count=5768 5515 2611 253 704 1907 2904 1659 77 768 146 2136 268 114 1582 345 248 234 265 127 1868 229 137
is_linear=0
shrinkage=0.05


Tree=30
num_leaves=24
num_cat=0
split_feature=1 17 19 19 19 15 19 17 19 19 19 17 17 19 15 17 17 17 17 19 17 12 19
split_gain=0.383137 0.219436 0.395572 0.13286 0.0983955 0.0297661 0.00882292 0.00556627 0.00507171 0.00409614 0.00398145 0.00304569 0.00439299 0.00677197 0.00269642 0.0022053 0.00190944 0.00461238 0.0015693 0.000555702 0.000232719 0.00021076 3.19898e-05
threshold=6.7534722222222232 7.2226790386014175 0.59978846153846166 0.4244134615384616 0.61517307692307699 12.800000000000002 0.51805769230769239 7.6503990045026331 0.53667307692307709 0.78680769230769243 0.47441346153846159 7.200356359288631 7.2133000484419894 0.53667307692307709 14.800000000000002 6.9599592149906035 7.6673031450585656 7.6419255179732621 7.9625070052679279 0.4970384615384616 7.1783939000347887 756.00000000000011 0.4244134615384616
decision_type=2 2 2 2 2 2 2 2 2 2 2 2 2 2 2 2 2 2 2 2 2 2 2
left_child=3 6 5 -1 -4 16 10 8 -7 18 22 20 13 -13 -9 -12 17 -3 -6 -17 -8 -5 -2
right_child=1 2 4 21 9 7 11 14 -10 -11 15 12 -14 -15 -16 19 -18 -19 -20 -21 -22 -23 -24
leaf_value=0.0054499053239822383 8.4158921340092791e-05 -0.00015122972002350971 0.0009011630736802459 0.0012956812862999912 -0.00091642445669724403 -0.00065238252989947799 0.00045006692288367724 -0.00091006290872533793 5.4740875413448641e-05 -0.0010084963859081633 0.00014306122922901938 -0.0005405197519269821 0.00026428133478545917 0.00019000771313400591 -0.00035319108778441498 -0.00016210447077030018 0.00010144087361792722 -0.00077595789370167524 -0.00015561088621616364 0 0.00027455762544733225 0.0019249044600242781 0.00021040947202811624
leaf_weight=24 196 189 553 171 11.999999999999998 49 122 1528 28 40 80 56 154 58 54 242 13.999999999999998 45 99 23 1746 58 227
leaf_count=24 196 189 553 171 12 49 122 1528 28 40 80 56 154 58 54 242 14 45 99 23 1746 58 227
internal_value=7.46413e-07 -8.58173e-05 -0.000419 0.00190029 0.00058925 -0.000793946 0.000212069 -0.000871653 -0.000333739 -0.000518572 5.8108e-05 0.000265033 7.94217e-05 -0.000126949 -0.000894448 -5.74207e-05 -0.000252635 -0.000295437 -0.000289952 -0.000137051 0.00028893 0.00148446 0.000164039
internal_weight=5768 5515 2611 253 704 1907 2904 1659 77 151 768 2136 268 114 1582 345 248 234 111 265 1868 229 423
internal_count=5768 5515 2611 253 704 1907 2904 1659 77 151 768 2136 268 114 1582 345 248 234 111 265 1868 229 423
is_linear=0
shrinkage=0.05


Tree=31
num_leaves=19
num_cat=0
split_feature=0 17 19 19 19 16 19 17 17 17 17 12 16 17 17 17 17 17
split_gain=0.347114 0.19863 0.356645 0.12015 0.0894338 0.0267163 0.00805717 0.00507013 0.00358113 0.00348688 0.00240961 0.00232384 0.00212483 0.00178242 0.00411974 0.000884228 0.00694372 0.000538103
threshold=2.5416666666666674 7.2226790386014175 0.59978846153846166 0.4244134615384616 0.61517307692307699 1.5000000000000002 0.53667307692307709 7.3170628783230649 8.6973007686733208 7.1783939000347887 6.9599592149906035 1.0000000180025095e-35 3.5000000000000004 7.6673031450585656 7.6419255179732621 7.200356359288631 7.2133000484419894 7.9625070052679279
decision_type=2 2 2 2 2 2 2 2 2 2 2 2 2 2 2 2 2 2
left_child=3 6 5 -1 -4 13 9 -7 17 10 -2 -12 -9 14 -3 -11 -17 -6
right_child=1 2 4 -5 8 7 -8 12 -10 15 11 -13 -14 -15 -16 16 -18 -19
leaf_value=0.0051883105516433714 0.00024156456253258512 -0.00014370804201615484 0.0008561862748291089 0.0014120271448855816 -0.00087412801929391342 -0.00010755904109739676 0.00030224053726109895 -0.0008569970891602358 -0.0012398664969950916 0.000201594735424424 9.0885182350949602e-05 -0.00012967696864178924 -0.00033585261329161854 9.6707013746102639e-05 -0.00073800338644777318 -0.00035678425627338589 0.00025115251652929268 -0.00024235407798743445
leaf_weight=24 99 189 553 229 11.999999999999998 40 1227 1565 19 900 196 265 54 13.999999999999998 45 63 154 120
leaf_count=24 99 189 553 229 12 40 1227 1565 19 900 196 265 54 14 45 63 154 120
internal_value=8.70771e-07 -8.14812e-05 -0.000398507 0.00180895 0.00055864 -0.000754581 0.000201876 -0.000828277 -0.000496617 0.000125327 1.3488e-05 -2.50859e-05 -0.000842919 -0.000240169 -0.000281926 0.000176862 5.0892e-05 -0.000343523
internal_weight=5768 5515 2611 253 704 1907 2904 1659 151 1677 560 461 1619 248 234 1117 217 132
internal_count=5768 5515 2611 253 704 1907 2904 1659 151 1677 560 461 1619 248 234 1117 217 132
is_linear=0
shrinkage=0.05


Tree=32
num_leaves=23
num_cat=0
split_feature=0 17 19 19 19 15 19 17 19 17 17 19 15 17 17 17 17 17 17 13 19 17
split_gain=0.314108 0.179738 0.32159 0.108738 0.0812696 0.0240217 0.00721896 0.00456627 0.00467279 0.00313812 0.00300646 0.00290861 0.00168817 0.00166498 0.0036764 0.00121307 0.001069 0.000750261 0.00628369 0.000304479 1.55268e-05 3.76195e-06
threshold=2.5416666666666674 7.2226790386014175 0.56805769230769243 0.4244134615384616 0.63680769230769241 12.800000000000002 0.53667307692307709 7.6503990045026331 0.53667307692307709 7.1459464135563868 7.115355359154643 0.78680769230769243 14.800000000000002 7.6673031450585656 7.6419255179732621 6.9599592149906035 7.9919350267718441 7.200356359288631 7.2133000484419894 9.4828921423310444 0.63055769230769243 7.1783939000347887
decision_type=2 2 2 2 2 2 2 2 2 2 2 2 2 2 2 2 2 2 2 2 2 2
left_child=3 6 5 -1 -4 13 9 8 -7 10 15 16 -9 14 -3 -2 -6 21 -19 20 -5 -11
right_child=1 2 4 19 11 7 -8 12 -10 17 -12 -13 -14 -15 -16 -17 -18 18 -20 -21 -22 -23
leaf_value=0.0049392713785171511 0.00022960710803745317 -0.00013656044222022361 0.00080622506100085697 0.0012371698621270323 -0.00083378364117099699 -0.00060165549963712701 0.00028714082583008451 -0.00082176770659967726 8.1841276059376779e-05 0 -0.00023948149456966508 -0.00092679911173834673 -0.00032373301227818486 9.2194013918439526e-05 -0.00070190542367408459 1.1321802090616584e-05 -0.00015165560834697988 -0.0003392237879597815 0.00023867591096636572 0.0017608857785462069 0.0004642054617404938 0.00019152617016879555
leaf_weight=24 99 189 559 147 11.999999999999998 49 1227 1528 28 25 91 40 53 13.999999999999998 45 345 94 63 154 58 24 900
leaf_count=24 99 189 559 147 12 49 1227 1528 28 25 91 40 53 14 45 345 94 63 154 58 24 900
internal_value=7.71907e-07 -7.75249e-05 -0.000379129 0.00172079 0.00052867 -0.000717632 0.000191965 -0.000787627 -0.000291146 0.000119218 9.04059e-06 -0.000498267 -0.000808448 -0.000228318 -0.000269081 7.16361e-05 -0.000282677 0.000166406 4.71763e-05 0.00134173 0.00116108 0.000188896
internal_weight=5768 5515 2611 253 705 1906 2904 1658 77 1677 535 146 1581 248 234 444 106 1142 217 229 171 925
internal_count=5768 5515 2611 253 705 1906 2904 1658 77 1677 535 146 1581 248 234 444 106 1142 217 229 171 925
is_linear=0
shrinkage=0.05


Tree=33
num_leaves=17
num_cat=0
split_feature=0 18 19 19 19 15 19 19 6 19 19 19 19 19 19 19
split_gain=0.285032 0.160608 0.293238 0.0982185 0.0741244 0.0226304 0.00751304 0.00291215 0.00141129 0.00072998 0.00382615 0.00122244 0.000499546 0.00162066 0.000447228 0.000124237
threshold=2.5416666666666674 2.5000000000000004 0.59978846153846166 0.4244134615384616 0.61517307692307699 12.800000000000002 0.53667307692307709 0.78680769230769243 7.5000000000000009 0.4970384615384616 0.47441346153846159 0.48742307692307701 0.51805769230769239 0.63055769230769243 0.72430769230769243 0.43079807692307698
decision_type=2 2 2 2 2 2 2 2 2 2 2 2 2 2 2 2
left_child=3 6 5 -1 -4 -3 9 14 -7 10 15 -12 -5 -14 -6 -2
right_child=1 2 4 12 7 8 -8 -9 -10 -11 11 -13 13 -15 -16 -17
leaf_value=0.0047021862745285038 7.6232727682081012e-05 -0.00021705213004730671 0.00077321568066893078 0.00092334609792641027 -0.00029064547322804526 -0.00077378711614457156 0.00027376584076264644 -0.00088158942906685724 -0.00030450018491087993 0.00013753314885697347 -0.00021374251911765899 0 0.001678924961309684 0.00087845934089273217 0 0.00020775561413055311
leaf_weight=24 203 248 553 88 97 1565 1236 40 54 961 95 227 94 47 13.999999999999998 222
leaf_count=24 203 248 553 88 97 1565 1236 40 54 961 95 227 94 47 14 222
internal_value=8.42639e-07 -7.37011e-05 -0.000363004 0.00163936 0.000501982 -0.00069194 0.000177288 -0.000457002 -0.000761419 0.000104426 5.5022e-05 -6.41626e-05 0.00127757 0.00145538 -0.000252849 0.000156998
internal_weight=5768 5515 2571 253 704 1867 2944 151 1619 1708 747 322 229 141 111 425
internal_count=5768 5515 2571 253 704 1867 2944 151 1619 1708 747 322 229 141 111 425
is_linear=0
shrinkage=0.05


Tree=34
num_leaves=25
num_cat=0
split_feature=0 17 19 19 19 15 19 17 19 19 17 17 17 19 17 17 17 17 19 17 12 19 17 12
split_gain=0.258691 0.14738 0.261729 0.0886922 0.0672878 0.0193379 0.00581666 0.00353375 0.00433984 0.00282581 0.00248006 0.00229349 0.00342586 0.00510913 0.00152318 0.00151247 0.00332561 0.00146648 0.000447988 0.000302728 0.000278153 0.00144574 0.000217653 3.87913e-06
threshold=2.5416666666666674 7.2226790386014175 0.59978846153846166 0.4244134615384616 0.63680769230769241 12.800000000000002 0.51805769230769239 7.6503990045026331 0.53667307692307709 0.47441346153846159 8.6973007686733208 7.200356359288631 7.2133000484419894 0.53667307692307709 6.9599592149906035 7.6673031450585656 7.6419255179732621 7.6893425732886129 0.4970384615384616 7.9919350267718441 384.00000000000006 0.63055769230769243 7.1783939000347887 1.0000000180025095e-35
decision_type=2 2 2 2 2 2 2 2 2 2 2 2 2 2 2 2 2 2 2 2 2 2 2 2
left_child=3 6 5 -1 -4 15 9 8 -7 23 19 22 13 -13 -11 16 -3 -9 -16 -6 -5 -22 -8 -2
right_child=1 2 4 20 10 7 11 17 -10 14 -12 12 -14 -15 18 -17 -18 -19 -20 -21 21 -23 -24 -25
leaf_value=0.0044764816045761114 0.00011253286412928577 -0.00011897288351074647 0.00072946162867711366 0.00088796374538252423 -0.00078188686559979733 -0.00056265019774436953 0.00038494004141085035 -0.00075868990394923393 9.8990442809359776e-05 0.00011272874226747655 -0.0011019048132002354 -0.00048653406748678867 0.00021998682400331863 0.00013824248323374887 -0.00013926033212308898 9.8020697012543657e-05 -0.00065695639588343713 -0.00050240481909131628 0 -0.00021444664572582356 0.001616938199111066 0.00083545143725738565 0.00022435673550368383 0.00037741842906689272
leaf_weight=24 404 189 558 92 11.999999999999998 49 122 1383 28 80 19 56 154 58 242 13.999999999999998 45 199 23 115 90 47 1746 19
leaf_count=24 404 189 558 92 12 49 122 1383 28 80 19 56 154 58 242 14 45 199 23 115 90 47 1746 19
internal_value=9.47243e-07 -7.00274e-05 -0.000343198 0.00156195 0.000476157 -0.000648388 0.000173894 -0.000711307 -0.000259767 4.72585e-05 -0.000456316 0.000217043 5.39845e-05 -0.000126749 -4.85041e-05 -0.000206243 -0.000246063 -0.000729948 -0.000116216 -0.000312815 0.00121662 0.00139307 0.00023772 0.000137085
internal_weight=5768 5515 2611 253 704 1907 2904 1659 77 768 146 2136 268 114 345 248 234 1582 265 127 229 137 1868 423
internal_count=5768 5515 2611 253 704 1907 2904 1659 77 768 146 2136 268 114 345 248 234 1582 265 127 229 137 1868 423
is_linear=0
shrinkage=0.05


Tree=35
num_leaves=22
num_cat=0
split_feature=0 17 17 6 17 12 15 17 17 12 8 7 8 17 17 17 17 17 17 12 17
split_gain=0.23481 0.133492 0.194418 0.0754678 0.0523623 0.0494094 0.0181978 0.00667568 0.0034758 0.00199735 0.00344308 0.0025095 0.00331703 0.00203381 0.00307173 0.00141468 0.0014142 0.00296416 0.00055883 0.000211958 0.000153289
threshold=2.5416666666666674 7.2226790386014175 7.784864722929397 6.0000000000000009 8.0497542698189957 384.00000000000006 12.800000000000002 8.4655176533823031 7.3170628783230649 384.00000000000006 3.5000000000000004 10.500000000000002 3.5000000000000004 7.200356359288631 7.2133000484419894 7.8479119156778632 7.6673031450585656 7.6419255179732621 6.9599592149906035 756.00000000000011 7.1783939000347887
decision_type=2 2 2 2 2 2 2 2 2 2 2 2 2 2 2 2 2 2 2 2 2
left_child=3 9 6 -1 5 -4 16 -6 -8 11 18 12 -2 20 -15 -7 17 -3 -11 -5 -12
right_child=1 2 4 19 7 15 8 -9 -10 10 13 -13 -14 14 -16 -17 -18 -19 -20 -21 -22
leaf_value=0.0041277684443272074 0.00050242962530599187 -0.00011305555740469382 -0.00056803024020688289 0.00099222720154065486 -0.00023272550314820063 0.00069821741149528804 -6.8655979887741368e-05 -0.0010738302235856552 -0.00070263213115795615 0.0001071618982579237 0.00036584952778023918 0.00012346406207398522 -0.00026730929038118727 -0.00011838908968037805 0.00020905843599053521 0 9.344641615947087e-05 -0.00062482266686856745 -5.6166844820049973e-05 0.0015431683580391109 0.00021314532638905422
leaf_weight=25 11.999999999999998 189 86 170 149 553 40 36 1487 80 122 434 95 114 154 11.999999999999998 13.999999999999998 45 147 58 1746
leaf_count=25 12 189 86 170 149 553 40 36 1487 80 122 434 95 114 154 12 14 45 147 58 1746
internal_value=1.09849e-06 -6.64798e-05 -0.000326493 0.00148835 0.000297911 0.000512258 -0.000623397 -0.000428175 -0.000689353 0.00016561 0.000186769 6.37948e-05 -0.000130834 0.000206436 5.12614e-05 0.000686238 -0.000196067 -0.000234989 0 0.00116034 0.000225984
internal_weight=5768 5515 2611 253 836 651 1775 185 1527 2904 2363 541 107 2136 268 565 248 234 227 228 1868
internal_count=5768 5515 2611 253 836 651 1775 185 1527 2904 2363 541 107 2136 268 565 248 234 227 228 1868
is_linear=0
shrinkage=0.05


Tree=36
num_leaves=22
num_cat=0
split_feature=0 17 19 19 19 16 19 17 19 17 17 17 17 17 17 17 17 17 17 12 19
split_gain=0.212872 0.120795 0.213064 0.0727151 0.0554411 0.0155517 0.00493739 0.00287695 0.00399091 0.0021346 0.00193704 0.00208068 0.00132322 0.00263911 0.00104817 0.000955076 0.000551184 0.00474797 0.000399884 0.000123406 0.00137951
threshold=2.5416666666666674 7.2226790386014175 0.59978846153846166 0.4244134615384616 0.61517307692307699 1.5000000000000002 0.53667307692307709 7.6503990045026331 0.53667307692307709 8.6973007686733208 7.1459464135563868 7.115355359154643 7.6673031450585656 7.6419255179732621 7.6893425732886129 6.9599592149906035 7.200356359288631 7.2133000484419894 7.9625070052679279 384.00000000000006 0.63055769230769243
decision_type=2 2 2 2 2 2 2 2 2 2 2 2 2 2 2 2 2 2 2 2 2
left_child=3 6 5 -1 -4 12 10 8 -7 18 11 15 13 -3 -9 -2 -12 -18 -6 -5 -21
right_child=1 2 4 19 9 7 -8 14 -10 -11 16 -13 -14 -15 -16 -17 17 -19 -20 20 -22
leaf_value=0.0040634772062301634 0.00020096617883536965 -0.00010743251624272059 0.00066336970588037685 0.00079327926410221918 -0.00072418034936373049 -0.00052030460685491568 0.00023669109980466532 -0.00068567662293762995 0.00011829421148988706 -0.00099855737201869489 0.00015285417304040371 -0.00019695909202868201 8.9085566500822684e-05 -0.00059426070059366207 -0.00045090897532063532 6.1126185091201616e-06 -0.00030450605018359059 0.00019867296044474411 -0.00017501251467538244 0.0014773184943248283 0.00073277169671200689
leaf_weight=24 99 189 553 92 11.999999999999998 49 1227 1383 28 19 925 91 13.999999999999998 45 199 345 63 154 120 90 47
leaf_count=24 99 189 553 92 12 49 1227 1383 28 19 925 91 14 45 199 345 63 154 120 90 47
internal_value=1.10207e-06 -6.32003e-05 -0.00031057 0.00141721 0.000428291 -0.000586035 0.00015752 -0.000642616 -0.000225445 -0.000398434 9.65079e-05 7.63311e-06 -0.000186393 -0.00022446 -0.000659607 6.11496e-05 0.000133726 2.89262e-05 -0.0002676 0.00110167 0.00126528
internal_weight=5768 5515 2611 253 704 1907 2904 1659 77 151 1677 535 248 234 1582 444 1142 217 132 229 137
internal_count=5768 5515 2611 253 704 1907 2904 1659 77 151 1677 535 248 234 1582 444 1142 217 132 229 137
is_linear=0
shrinkage=0.05


Tree=37
num_leaves=16
num_cat=0
split_feature=0 18 19 19 19 15 19 19 19 6 19 19 19 12 19
split_gain=0.193326 0.107933 0.194201 0.0656083 0.0504416 0.0146828 0.00519663 0.00166751 0.000812091 0.000708535 0.000314303 0.00275812 0.000798852 0.000147475 8.33195e-05
threshold=2.5416666666666674 2.5000000000000004 0.56805769230769243 0.4244134615384616 0.63680769230769241 12.800000000000002 0.53667307692307709 0.78680769230769243 0.66167307692307709 7.5000000000000009 0.4970384615384616 0.47441346153846159 0.48742307692307701 756.00000000000011 0.43079807692307698
decision_type=2 2 2 2 2 2 2 2 2 2 2 2 2 2 2
left_child=3 6 5 -1 -4 -3 10 8 -6 -7 11 14 -13 -5 -2
right_child=1 2 4 13 7 9 -8 -9 -10 -11 -12 12 -14 -15 -16
leaf_value=0.0038684304833412168 5.9399288569978783e-05 -0.0001771964739828584 0.00062455727657236698 0.00089082103041605908 -0.00069075662929278157 -0.00063169980152851478 0.0002260316456400804 -0.00074199042713167388 -9.8691721936981937e-05 -0.00023158406044347906 0.00010824382189667799 -0.00017428760213078931 0 0.0014092161753057044 0.00017796919605957823
leaf_weight=24 203 248 559 171 11.999999999999998 1565 1236 40 94 53 961 95 227 58 222
leaf_count=24 203 248 559 171 12 1565 1236 40 94 53 961 95 227 58 222
internal_value=1.12477e-06 -6.01137e-05 -0.000297393 0.00135069 0.000405064 -0.000565543 0.000145435 -0.000399845 -0.000218276 -0.000621833 8.4088e-05 4.62243e-05 -5.33399e-05 0.00104941 0.000133344
internal_weight=5768 5515 2571 253 705 1866 2944 146 106 1618 1708 747 322 229 425
internal_count=5768 5515 2571 253 705 1866 2944 146 106 1618 1708 747 322 229 425
is_linear=0
shrinkage=0.05


Tree=38
num_leaves=20
num_cat=0
split_feature=2 17 19 19 19 15 19 17 15 17 17 17 17 17 17 17 17 17 12
split_gain=0.175324 0.0991733 0.17319 0.0592412 0.0461036 0.012501 0.00391181 0.00221682 0.00174284 0.00171273 0.00153493 0.00174275 0.00120313 0.00238551 0.000862592 0.000779235 0.000506642 0.00427952 0.000336553
threshold=30.500000000000004 7.2226790386014175 0.59978846153846166 0.4244134615384616 0.61517307692307699 12.800000000000002 0.53667307692307709 7.6503990045026331 13.650000000000002 8.6973007686733208 7.1459464135563868 7.115355359154643 7.6673031450585656 7.6419255179732621 6.9599592149906035 7.6893425732886129 7.200356359288631 7.2133000484419894 756.00000000000011
decision_type=2 2 2 2 2 2 2 2 2 2 2 2 2 2 2 2 2 2 2
left_child=3 6 5 -1 -4 12 10 8 -7 18 11 14 13 -3 -2 -9 -12 -18 -6
right_child=1 2 4 -5 9 7 -8 15 -10 -11 16 -13 -14 -15 -16 -17 17 -19 -20
leaf_value=0.0036827458024024963 0.00018980192129965874 -9.3275962152371289e-05 0.00059908964560242777 0.00099852923486817066 0 1.9980523735284791e-05 0.00021357381533215533 -0.000619855356497577 -0.00035564403286424736 -0.00091909782867878684 0.0001390871439356916 -0.00017859853275180998 9.3197402233878755e-05 -0.00055652637090331523 4.1587189555900278e-06 -0.00040266478705743795 -0.00029522760762176861 0.0001834261214901363 -0.0002997109015669427
leaf_weight=24 99 189 553 229 35 19 1227 1383 58 19 925 91 13.999999999999998 45 345 199 63 154 97
leaf_count=24 99 189 553 229 35 19 1227 1383 58 19 925 91 14 45 345 199 63 154 97
internal_value=1.10425e-06 -5.71719e-05 -0.000281374 0.00128634 0.000384359 -0.000529833 0.000142715 -0.000580721 -0.000199787 -0.000367912 8.77945e-05 7.44038e-06 -0.000168372 -0.000205628 5.71216e-05 -0.000595965 0.000121025 2.08096e-05 -0.000244667
internal_weight=5768 5515 2611 253 704 1907 2904 1659 77 151 1677 535 248 234 444 1582 1142 217 132
internal_count=5768 5515 2611 253 704 1907 2904 1659 77 151 1677 535 248 234 444 1582 1142 217 132
is_linear=0
shrinkage=0.05


Tree=39
num_leaves=23
num_cat=0
split_feature=0 17 17 6 17 13 15 17 17 13 8 7 8 17 17 17 17 17 17 17 13 17
split_gain=0.158715 0.0897693 0.128116 0.0500363 0.0359447 0.033429 0.0117116 0.00513579 0.00222772 0.00116725 0.00250602 0.00170469 0.00262394 0.00156584 0.00241288 0.00112688 0.00212074 0.000660282 0.000392821 0.000147246 0.000140973 0.000121688
threshold=2.5416666666666674 7.2226790386014175 7.784864722929397 6.0000000000000009 8.0497542698189957 8.5000000000000018 12.800000000000002 8.4655176533823031 7.3170628783230649 8.5000000000000018 3.5000000000000004 10.500000000000002 3.5000000000000004 7.200356359288631 7.2133000484419894 7.6673031450585656 7.6419255179732621 7.8479119156778632 6.9599592149906035 7.1783939000347887 9.4828921423310444 7.6893425732886129
decision_type=2 2 2 2 2 2 2 2 2 2 2 2 2 2 2 2 2 2 2 2 2 2
left_child=3 9 6 -1 5 -4 15 -6 -8 11 18 12 -2 19 -15 16 -3 -7 -11 -12 -5 -10
right_child=1 2 4 20 7 17 8 -9 21 10 13 -13 -14 14 -16 -17 -18 -19 -20 -21 -22 -23
leaf_value=0.0033880982397554008 0.00045344716224532861 -8.8636738052101527e-05 -0.00046654511649889507 0.00079898283403165629 -0.00018508158624366236 0.00056918912281413376 -3.6329741521579461e-05 -0.00092901487570457367 -0.00058249337773345162 8.2572769965792508e-05 0.00031416587444491745 0.00010393019469626162 -0.00022863471299691205 -0.00011760881811167803 0.00017431398098086639 8.884818789859611e-05 -0.00052930497468206225 0 -5.388757125852076e-05 0.00017422247134814381 0.0012908692771403151 -0.00025067024289940798
leaf_weight=25 11.999999999999998 189 86 170 149 553 40 36 1428 80 122 434 95 114 154 13.999999999999998 45 11.999999999999998 147 1746 58 59
leaf_count=25 12 189 86 170 149 553 40 36 1428 80 122 434 95 114 154 14 45 12 147 1746 58 59
internal_value=1.04237e-06 -5.43627e-05 -0.000267701 0.00122393 0.000238391 0.00041667 -0.000508879 -0.000360945 -0.000562116 0.000135756 0.000152376 5.37925e-05 -0.000102353 0.000169164 3.15749e-05 -0.000160065 -0.000196549 0.000560527 0 0.000186201 0.000951036 -0.000572865
internal_weight=5768 5515 2611 253 836 651 1775 185 1527 2904 2363 541 107 2136 268 248 234 565 227 1868 228 1487
internal_count=5768 5515 2611 253 836 651 1775 185 1527 2904 2363 541 107 2136 268 248 234 565 227 1868 228 1487
is_linear=0
shrinkage=0.05


Tree=40
num_leaves=22
num_cat=0
split_feature=0 17 17 6 17 12 15 17 17 17 17 12 8 7 8 17 17 17 17 12 17
split_gain=0.143981 0.0813127 0.115555 0.04513 0.0326045 0.0302781 0.0104879 0.00458511 0.00190531 0.00105618 0.00188283 0.00103012 0.00226506 0.00151815 0.00239799 0.00141052 0.00218515 0.00055502 0.00035489 0.000129243 9.89438e-05
threshold=2.5416666666666674 7.2226790386014175 7.784864722929397 6.0000000000000009 8.0497542698189957 384.00000000000006 12.800000000000002 8.4655176533823031 7.3170628783230649 7.6673031450585656 7.6419255179732621 384.00000000000006 3.5000000000000004 10.500000000000002 3.5000000000000004 7.200356359288631 7.2133000484419894 7.8479119156778632 6.9599592149906035 384.00000000000006 7.1783939000347887
decision_type=2 2 2 2 2 2 2 2 2 2 2 2 2 2 2 2 2 2 2 2 2
left_child=3 11 6 -1 5 -4 9 -6 -8 10 -3 13 18 14 -2 20 -17 -7 -13 -5 -14
right_child=1 2 4 19 7 17 8 -9 -10 -11 -12 12 15 -15 -16 16 -18 -19 -20 -21 -22
leaf_value=0.0032252088199871093 0.00043251882880353015 -8.4228202308479113e-05 -0.00044348594743287431 0.0006234598075768546 -0.00017588920174554614 0.00054078104411544356 -3.4557589125342478e-05 -0.00088381956318846439 -0.00054441781935340885 8.4701939796408e-05 -0.00050341504732268343 7.8495091494218804e-05 0.00029858529261063513 9.8745624074476901e-05 -0.00021732206780143319 -0.00011177950835047778 0.00016565451686901433 0 -5.1211408918371069e-05 0.0010499578335767855 0.00016551635050575736
leaf_weight=25 11.999999999999998 189 86 91 149 553 40 36 1487 13.999999999999998 45 80 122 434 95 114 154 11.999999999999998 147 137 1746
leaf_count=25 12 189 86 91 149 553 40 36 1487 14 45 80 122 434 95 114 154 12 147 137 1746
internal_value=9.98052e-07 -5.17314e-05 -0.000254804 0.00116578 0.00022563 0.000395609 -0.000483897 -0.000344541 -0.000534366 -0.000152168 -0.000187917 0.000129156 0.000144875 5.11332e-05 -9.48164e-05 0.000160835 2.90773e-05 0.000532722 0 0.000905033 0.000177037
internal_weight=5768 5515 2611 253 836 651 1775 185 1527 248 234 2904 2363 541 107 2136 268 565 227 228 1868
internal_count=5768 5515 2611 253 836 651 1775 185 1527 248 234 2904 2363 541 107 2136 268 565 227 228 1868
is_linear=0
shrinkage=0.05


Tree=41
num_leaves=23
num_cat=0
split_feature=0 17 19 19 19 16 19 17 16 17 17 17 17 17 17 17 17 16 17 19 19 17
split_gain=0.130612 0.0736246 0.127402 0.0441138 0.0343828 0.00897892 0.00307764 0.0016403 0.00165575 0.0010175 0.00122678 0.000990604 0.00166912 0.000941936 0.000695983 0.000421257 0.00341991 0.000387353 0.000257425 0.00011351 0.00188188 1.71563e-06
threshold=2.5416666666666674 7.2226790386014175 0.59978846153846166 0.4244134615384616 0.63680769230769241 1.5000000000000002 0.53667307692307709 7.6503990045026331 2.5000000000000004 7.1459464135563868 7.115355359154643 7.6673031450585656 7.6419255179732621 8.6973007686733208 6.9599592149906035 7.200356359288631 7.2133000484419894 3.5000000000000004 7.9919350267718441 0.51805769230769239 0.63055769230769243 7.1783939000347887
decision_type=2 2 2 2 2 2 2 2 2 2 2 2 2 2 2 2 2 2 2 2 2 2
left_child=3 6 5 -1 -4 11 9 8 -7 10 14 12 -3 18 -2 21 -17 -9 -6 -5 -21 -11
right_child=1 2 4 19 13 7 -8 17 -10 15 -12 -13 -14 -15 -16 16 -18 -19 -20 20 -22 -23
leaf_value=0.0031885352313518523 0.00016793885459192098 -8.0039000383725302e-05 0.00051012921022094645 0.00057711906767753736 -0.00061036852546609373 7.2559739579446602e-05 0.00018591854999642761 -0.00052090380796425634 -0.00031857003378918619 0 -0.00014771019169331894 8.0749195689956341e-05 -0.00047879147596414321 -0.00078933103615418077 3.8484531330924426e-07 -0.00027176948363376145 0.00015742523384641016 -0.00017545198477190836 -0.00013138392698551642 0.0011838551785821388 0.00048967126819964815 0.00011861631944444812
leaf_weight=24 99 189 558 88 11.999999999999998 19 1227 1528 58 25 91 13.999999999999998 45 19 345 63 154 54 115 94 47 900
leaf_count=24 99 189 558 88 12 19 1227 1528 58 25 91 14 45 19 345 63 154 54 115 94 47 900
internal_value=9.97019e-07 -4.91834e-05 -0.000242449 0.00111042 0.000327944 -0.000455701 0.000122885 -0.00049907 -0.000158262 7.37026e-05 6.22706e-06 -0.000144661 -0.00017971 -0.000333074 4.92743e-05 0.000100906 9.20947e-06 -0.000512389 -0.00022012 0.000857974 0.00099275 0.000116984
internal_weight=5768 5515 2611 253 704 1907 2904 1659 77 1677 535 248 234 146 444 1142 217 1582 127 229 141 925
internal_count=5768 5515 2611 253 704 1907 2904 1659 77 1677 535 248 234 146 444 1142 217 1582 127 229 141 925
is_linear=0
shrinkage=0.05


Tree=42
num_leaves=18
num_cat=0
split_feature=1 17 19 19 19 17 19 19 17 17 17 17 17 17 17 17 12
split_gain=0.118752 0.0666969 0.114772 0.0397354 0.0314103 0.00737623 0.00274254 0.0010461 0.000905723 0.00111773 0.000760886 0.000619459 0.000379915 0.00309189 0.000169753 0.000242799 0.000154029
threshold=6.7534722222222232 7.2226790386014175 0.59978846153846166 0.4244134615384616 0.61517307692307699 7.6503990045026331 0.53667307692307709 0.78680769230769243 7.1459464135563868 7.115355359154643 7.9625070052679279 6.9599592149906035 7.200356359288631 7.2133000484419894 7.8920499419587129 8.0944061379747652 756.00000000000011
decision_type=2 2 2 2 2 2 2 2 2 2 2 2 2 2 2 2 2
left_child=3 6 5 -1 -4 -3 8 10 9 11 -6 -2 -10 -14 -7 -16 -5
right_child=1 2 4 16 7 14 -8 -9 12 -11 -12 -13 13 -15 15 -17 -18
leaf_value=0.0030354855835437776 0.00015962586742825806 -0.00018233230140490028 0.00048833039370684852 0.00067640627032486975 -0.00058219771187465927 -0.00048639674148294768 0.0001766302314600589 -0.00058865665834562661 0.00011122010760140037 -0.00014040496536915233 -4.9922471679747107e-05 3.6567527628530578e-07 -0.00025839333859948969 0.00014960475456750683 0 -0.00044086023318496619 0.0011311529611505694
leaf_weight=24 99 311 553 171 11.999999999999998 1542 1227 40 925 91 99 345 63 154 44 9.9999999999999982 58
leaf_count=24 99 311 553 171 12 1542 1227 40 925 91 99 345 63 154 44 10 58
internal_value=1.03094e-06 -4.67766e-05 -0.000230756 0.00105893 0.00031041 -0.000433215 0.000116942 -0.000307209 7.02105e-05 5.91764e-06 -0.000156793 4.73913e-05 9.59242e-05 7.57598e-06 -0.000478827 -0.000166839 0.000817739
internal_weight=5768 5515 2611 253 704 1907 2904 151 1677 535 111 444 1142 217 1596 54 229
internal_count=5768 5515 2611 253 704 1907 2904 151 1677 535 111 444 1142 217 1596 54 229
is_linear=0
shrinkage=0.05


Tree=43
num_leaves=19
num_cat=0
split_feature=0 17 17 6 17 12 15 17 17 17 17 12 7 17 17 17 17 17
split_gain=0.107791 0.0604495 0.0843598 0.0329333 0.0251994 0.0220859 0.00767991 0.0035755 0.00145422 0.000930486 0.00151631 0.000619762 0.00115675 0.00199519 0.000773336 0.00169523 0.000330306 2.88586e-05
threshold=2.5416666666666674 7.2226790386014175 7.784864722929397 6.0000000000000009 8.0497542698189957 384.00000000000006 12.800000000000002 8.4655176533823031 7.3170628783230649 7.6673031450585656 7.6419255179732621 384.00000000000006 10.500000000000002 7.115355359154643 7.200356359288631 7.2133000484419894 7.6893425732886129 7.0395900374172458
decision_type=2 2 2 2 2 2 2 2 2 2 2 2 2 2 2 2 2 2
left_child=3 11 6 -1 5 -4 9 -6 -8 10 -3 12 13 -2 17 -16 -10 -13
right_child=1 2 4 -5 7 -7 8 -9 16 -11 -12 14 -14 -15 15 -17 -18 -19
leaf_value=0.0027804776820882508 0.0003974380566237065 -6.6989463606947352e-05 -0.00037178041113690398 0.00078152152396510793 -0.00015556660909787754 0.00045779296373676958 -8.4376344230116809e-06 -0.00079091744143452904 -0.00047672119835441172 9.9679438397288312e-05 -0.00044645390903536719 7.4036084560425862e-05 8.8414411932957943e-05 -0.000193268950908229 -0.00010247335692300745 0.00014217277360899797 -0.00016205276098723215 0.00014416765172424285
leaf_weight=25 11.999999999999998 189 86 228 149 565 40 36 1428 13.999999999999998 45 347 434 95 114 154 59 1748
leaf_count=25 12 189 86 228 149 565 40 36 1428 14 45 347 434 95 114 154 59 1748
internal_value=9.69616e-07 -4.45372e-05 -0.000219719 0.0010089 0.000190164 0.000340132 -0.000415582 -0.000309672 -0.000458968 -0.000127589 -0.000162829 0.00011127 4.62604e-05 -7.76586e-05 0.000124013 1.95254e-05 -0.000467714 0.000134978
internal_weight=5768 5515 2611 253 836 651 1775 185 1527 248 234 2904 541 107 2363 268 1487 2095
internal_count=5768 5515 2611 253 836 651 1775 185 1527 248 234 2904 541 107 2363 268 1487 2095
is_linear=0
shrinkage=0.05


Tree=44
num_leaves=21
num_cat=0
split_feature=0 17 17 6 17 12 17 17 12 17 17 17 17 17 17 12 12 17 17 17
split_gain=0.0976295 0.0548061 0.0760491 0.0297111 0.0228635 0.0200092 0.00601099 0.00318143 0.000539991 0.000696336 0.0015347 0.000438619 0.000881616 0.000288943 0.000171894 0.000106435 8.66875e-05 4.70634e-05 0.000814121 2.65389e-07
threshold=2.5416666666666674 7.2226790386014175 7.784864722929397 6.0000000000000009 8.0497542698189957 384.00000000000006 7.6503990045026331 8.4655176533823031 384.00000000000006 7.200356359288631 7.2133000484419894 7.115355359154643 7.1459464135563868 7.8479119156778632 7.6893425732886129 756.00000000000011 1.0000000180025095e-35 7.6318409637684832 7.3170628783230649 7.0395900374172458
decision_type=2 2 2 2 2 2 2 2 2 2 2 2 2 2 2 2 2 2 2 2
left_child=3 8 6 -1 5 -4 17 -6 11 19 -11 16 -13 -7 -8 -5 -2 18 -3 -10
right_child=1 2 4 15 7 13 14 -9 9 10 -12 12 -14 -15 -16 -17 -18 -19 -20 -21
leaf_value=0.0026468009210657327 5.2221239624819174e-05 -8.0260352754011328e-06 -0.00035340506347945368 0.00060741412081641332 -0.00014784013473351178 0.00044110953175741845 -0.00044924565106603683 -0.00075244037022285579 7.0344923470897248e-05 -9.7394256042721472e-05 0.00013510999287809095 -0.00012390261047941117 5.816532948659336e-05 0 -0.00015408516364792983 0.0010371401247773633 0.00028794943164526062 -0.00011661001203369028 -0.00054571298054522939 0.00013696342716797583
leaf_weight=25 196 40 86 170 149 553 1397 36 347 114 154 91 233 11.999999999999998 59 58 21 253 26 1748
leaf_count=25 196 40 86 170 149 553 1397 36 347 114 154 91 233 12 59 58 21 253 26 1748
internal_value=8.5346e-07 -4.24134e-05 -0.000209249 0.000960141 0.000179708 0.000322748 -0.000395255 -0.000295787 0.000105888 0.000117923 1.76272e-05 4.39744e-05 0 0.000434944 -0.000440831 0.000742616 9.91857e-05 -0.000170882 -0.000299453 0.000128354
internal_weight=5768 5515 2611 253 836 651 1775 185 2904 2363 268 541 324 565 1456 228 217 319 66 2095
internal_count=5768 5515 2611 253 836 651 1775 185 2904 2363 268 541 324 565 1456 228 217 319 66 2095
is_linear=0
shrinkage=0.05


Tree=45
num_leaves=21
num_cat=0
split_feature=1 17 17 6 17 12 17 17 12 17 17 17 17 17 17 12 12 17 17 12
split_gain=0.0886486 0.0497504 0.0686176 0.0267462 0.0207581 0.0181383 0.00526867 0.0028271 0.000457192 0.000627107 0.00138935 0.000407247 0.000796371 0.000231058 6.98198e-05 6.12354e-05 3.82408e-05 3.7005e-05 0.000682417 1.43296e-05
threshold=6.7534722222222232 7.2226790386014175 7.784864722929397 6.0000000000000009 8.0497542698189957 384.00000000000006 7.6503990045026331 8.4655176533823031 384.00000000000006 7.200356359288631 7.2133000484419894 7.115355359154643 7.1459464135563868 7.8479119156778632 7.6893425732886129 1.0000000180025095e-35 384.00000000000006 7.6318409637684832 7.3170628783230649 756.00000000000011
decision_type=2 2 2 2 2 2 2 2 2 2 2 2 2 2 2 2 2 2 2 2
left_child=3 8 6 -1 5 -4 17 19 11 -10 -11 15 -13 -7 -8 -2 -5 18 -3 -6
right_child=1 2 4 16 7 13 14 -9 9 10 -12 12 -14 -15 -16 -17 -18 -19 -20 -21
leaf_value=0.0025195507415068838 4.962343774584647e-05 -7.6344663777002411e-06 -0.00033593791269365402 0.00046061975456288332 -1.8368369392767735e-05 0.00041909394832832293 -0.00042679942799905298 -0.00071583516759690961 0.00012206008830714264 -9.2566883657127622e-05 0.00012839808349587745 -0.00011777481214464745 5.5269493480634871e-05 0 -0.0001465093519849082 0.00027420640499754384 0.00082979224620562423 -0.00011080244449508106 -0.00051943791995721846 -0.00020310430076076757
leaf_weight=25 196 40 86 91 78 553 1397 36 2095 114 154 91 233 11.999999999999998 59 21 137 253 26 71
leaf_count=25 196 40 86 91 78 553 1397 36 2095 114 154 91 233 12 59 21 137 253 26 71
internal_value=8.06699e-07 -4.03812e-05 -0.000199366 0.000914948 0.000169886 0.000306373 -0.000376091 -0.000282583 0.000100861 0.000112138 1.58235e-05 4.22622e-05 0 0.000413395 -0.000418982 9.54512e-05 0.000706936 -0.000164005 -0.000288624 -0.000140497
internal_weight=5768 5515 2611 253 836 651 1775 185 2904 2363 268 541 324 565 1456 217 228 319 66 149
internal_count=5768 5515 2611 253 836 651 1775 185 2904 2363 268 541 324 565 1456 217 228 319 66 149
is_linear=0
shrinkage=0.05


Tree=46
num_leaves=20
num_cat=0
split_feature=0 17 17 6 17 12 17 17 8 12 17 17 17 12 12 17 17 17 17
split_gain=0.0805171 0.0451768 0.0618406 0.0240682 0.0189386 0.0164452 0.00460699 0.00248462 0.000557141 0.00126022 0.000846653 0.00125774 0.000578471 0.000525999 0.000351993 0.000253444 0.000138905 2.8288e-05 0.000565071
threshold=2.5416666666666674 7.2226790386014175 7.784864722929397 6.0000000000000009 8.0497542698189957 384.00000000000006 7.6503990045026331 8.3911170456645259 3.5000000000000004 384.00000000000006 7.200356359288631 7.2133000484419894 6.9599592149906035 1.0000000180025095e-35 384.00000000000006 7.1783939000347887 7.1459464135563868 7.6318409637684832 7.3170628783230649
decision_type=2 2 2 2 2 2 2 2 2 2 2 2 2 2 2 2 2 2 2
left_child=3 8 6 -1 5 -4 17 -6 12 13 15 -12 -2 -10 -14 -11 -15 18 -3
right_child=1 2 4 -5 7 -7 -8 -9 9 10 11 -13 14 16 -16 -17 -18 -19 -20
leaf_value=0.0023984186236674972 0.00013303217593347655 -7.2620872680733788e-06 -0.00031933410649840862 0.00067296264187827323 -0.00013333921303938226 0.00039292144434248486 -0.00039822377307006837 -0.00067399497658602507 6.0309114378123056e-05 0.00025247240696496114 -8.7978764700338903e-05 0.00012201959570689549 3.9911784174643004e-05 -9.7764926012654964e-05 -6.1937437323551328e-05 0.00012163518338917869 0 -0.00010528414410962467 -0.0004944279386351507
leaf_weight=25 99 40 86 228 148 565 1456 37 209 122 114 154 195 93 147 1746 25 253 26
leaf_count=25 99 40 86 228 148 565 1456 37 209 122 114 154 195 93 147 1746 25 253 26
internal_value=6.70731e-07 -3.8542e-05 -0.000190073 0.000871919 0.000160253 0.000290815 -0.000357884 -0.000271394 9.59971e-05 0.000106296 0.000120424 1.41096e-05 2.7057e-05 0 0 0.000132986 -6.80575e-05 -0.000157467 -0.000278318
internal_weight=5768 5515 2611 253 836 651 1775 185 2904 2463 2136 268 441 327 342 1868 118 319 66
internal_count=5768 5515 2611 253 836 651 1775 185 2904 2463 2136 268 441 327 342 1868 118 319 66
is_linear=0
shrinkage=0.05


Tree=47
num_leaves=14
num_cat=0
split_feature=0 18 10 6 12 12 8 12 12 12 10 12 12
split_gain=0.0729495 0.0402436 0.048839 0.0216899 0.0185304 0.0218433 0.000418847 0.0005695 0.000767751 0.000417686 0.000384374 0.000140604 5.37158e-05
threshold=2.5416666666666674 2.5000000000000004 24.000000000000004 6.0000000000000009 384.00000000000006 756.00000000000011 3.5000000000000004 384.00000000000006 1.0000000180025095e-35 384.00000000000006 48.000000000000007 756.00000000000011 384.00000000000006
decision_type=2 2 2 2 2 2 2 2 2 2 2 2 2
left_child=3 6 12 -1 -4 10 9 8 -8 -2 -6 -5 -3
right_child=1 2 4 11 5 -7 7 -9 -10 -11 -12 -13 -14
leaf_value=0.0022831098814136705 7.880139610795089e-05 -0.00043995476298293383 -0.00032679626436630193 0.00051234558997376232 0.00038072226341659979 -0.00037558203166652775 8.4457021856785961e-05 0.00010740042115433208 -6.4237277769921893e-05 -2.5242637983817403e-06 0 0.00091229780561338032 -0.00031340346313120062
leaf_weight=25 214 264 172 170 556 110 211 2174 118 227 13.999999999999998 58 1455
leaf_count=25 214 264 172 170 556 110 211 2174 118 227 14 58 1455
internal_value=5.75713e-07 -3.67071e-05 -0.000181843 0.000829912 0.000123334 0.000244845 8.83611e-05 9.73868e-05 1.59414e-05 2.57167e-05 0.000373782 0.000639461 -0.00033599
internal_weight=5768 5515 2571 253 852 680 2944 2503 329 441 570 228 1719
internal_count=5768 5515 2571 253 852 680 2944 2503 329 441 570 228 1719
is_linear=0
shrinkage=0.05


Tree=48
num_leaves=24
num_cat=0
split_feature=0 17 19 19 19 15 19 17 17 17 17 17 17 17 19 19 17 19 12 12 17 17 12
split_gain=0.0662761 0.0371562 0.0626984 0.0220921 0.0173213 0.00493151 0.00205407 0.000869105 0.00148688 0.000624487 0.00142712 0.000491914 0.00122412 0.000485031 0.000814601 0.000902316 0.000618025 0.000366679 0.00269787 0.000390993 0.000321069 0.00218003 0.0002019
threshold=2.5416666666666674 7.2226790386014175 0.59978846153846166 0.4244134615384616 0.61517307692307699 12.800000000000002 0.53667307692307709 7.6673031450585656 7.6419255179732621 7.6503990045026331 7.6419255179732621 8.0529439743463929 7.9625070052679279 7.1459464135563868 0.47441346153846159 0.43079807692307698 6.9599592149906035 0.63055769230769243 384.00000000000006 756.00000000000011 7.200356359288631 7.2133000484419894 756.00000000000011
decision_type=2 2 2 2 2 2 2 2 2 2 2 2 2 2 2 2 2 2 2 2 2 2 2
left_child=3 6 5 -1 -4 7 13 8 -3 10 -7 12 -6 14 15 -2 -16 18 -5 -19 -15 -22 -13
right_child=1 2 4 17 11 9 -8 -9 -10 -11 -12 22 -14 20 16 -17 -18 19 -20 -21 21 -23 -24
leaf_value=0.0022836208522319791 2.8409484189515022e-05 -3.0889873368371474e-05 0.00035956463578160492 0.00036886547084069083 -0.00048842501969864735 -0.00025996143850734682 0.0001383763152145832 0.00017165013620009024 -0.00039287621532214771 -0.00036379446291674483 0.00013110795343527568 -1.7526677327363611e-05 0 7.7916181323945229e-05 3.884034201123372e-05 0.00052024352292601877 -9.1823825464850585e-05 0 0.00091495238694843349 0.00038900220650248227 -0.00023562678505186343 0.00011062259901495232 -0.00042798967991704843
leaf_weight=24 203 189 553 92 11.999999999999998 58 1227 13.999999999999998 45 1582 19 34 54 925 80 11.999999999999998 240 24 90 23 63 154 51
leaf_count=24 203 189 553 92 12 58 1227 14 45 1582 19 34 54 925 80 12 240 24 90 23 63 154 51
internal_value=5.83352e-07 -3.49126e-05 -0.000172395 0.000791114 0.000226487 -0.000322311 8.69942e-05 -8.58098e-05 -0.000123155 -0.00035458 -9.89175e-05 -0.000227143 -2.47296e-05 4.636e-05 0 8.12903e-05 -4.35622e-05 0.000603707 0.000669755 0.000235153 6.49316e-05 0 -0.000324057
internal_weight=5768 5515 2611 253 704 1907 2904 248 234 1659 77 151 66 1677 535 215 320 229 182 47 1142 217 85
internal_count=5768 5515 2611 253 704 1907 2904 248 234 1659 77 151 66 1677 535 215 320 229 182 47 1142 217 85
is_linear=0
shrinkage=0.05


Tree=49
num_leaves=22
num_cat=0
split_feature=1 17 17 6 17 12 15 17 17 17 17 8 12 17 17 17 12 12 17 17 17
split_gain=0.0604319 0.0336731 0.0457565 0.0174137 0.0139574 0.012098 0.00454152 0.00230955 0.000810174 0.00132231 0.000530155 0.000356499 0.000969484 0.000731774 0.00102832 0.000488542 0.000368722 0.000257039 0.000237494 0.000236755 0.000111304
threshold=6.7534722222222232 7.2226790386014175 7.784864722929397 6.0000000000000009 8.0497542698189957 384.00000000000006 12.800000000000002 8.6973007686733208 7.6673031450585656 7.6419255179732621 7.3170628783230649 3.5000000000000004 384.00000000000006 7.200356359288631 7.2133000484419894 6.9599592149906035 1.0000000180025095e-35 384.00000000000006 7.1783939000347887 7.6893425732886129 7.1459464135563868
decision_type=2 2 2 2 2 2 2 2 2 2 2 2 2 2 2 2 2 2 2 2 2
left_child=3 11 6 -1 5 -4 8 -6 9 -3 -8 15 16 18 -15 -2 -13 -17 -14 -12 -18
right_child=1 2 4 -5 7 -7 10 -9 -10 -11 19 12 13 14 -16 17 20 -19 -20 -21 -22
leaf_value=0.0020672378176823255 0.00012127086670370774 -2.9353497966535782e-05 -0.00026941830485031524 0.00058162922834581997 -0.00012836450971019187 0.00033752082689712977 0 -0.00077032837297090083 0.00016363978106528519 -0.00037365946046243747 -0.00035506747392471559 4.9645262238170425e-05 0.00022776249016264106 -8.6693889198257877e-05 0.00010512715636662418 3.2593147990730948e-05 -8.5208644369676555e-05 -5.4175968980416659e-05 0.00010448464859889008 -8.5903741884976623e-05 0
leaf_weight=25 99 189 86 228 164 565 40 21 13.999999999999998 45 1428 209 122 114 154 195 93 147 1746 59 25
leaf_count=25 99 189 86 228 164 565 40 21 14 45 1428 209 122 114 154 195 93 147 1746 59 25
internal_value=7.69715e-07 -3.30857e-05 -0.000163998 0.000755674 0.000136762 0.000249383 -0.000308464 -0.000231868 -8.15699e-05 -0.000118151 -0.000341964 8.29127e-05 9.14628e-05 0.000103825 4.92532e-06 2.37495e-05 0 0 0.000115329 -0.000347813 -5.82828e-05
internal_weight=5768 5515 2611 253 836 651 1775 185 248 234 1527 2904 2463 2136 268 441 327 342 1868 1487 118
internal_count=5768 5515 2611 253 836 651 1775 185 248 234 1527 2904 2463 2136 268 441 327 342 1868 1487 118
is_linear=0
shrinkage=0.05


Tree=50
num_leaves=14
num_cat=0
split_feature=0 6 11 6 12 12 11 8 12 12 12 11 12
split_gain=0.0547725 0.0271606 0.0376258 0.0156714 0.011298 0.0160885 0.00165159 0.000229564 0.000659053 0.000388486 0.000333669 0.000207785 0.000132017
threshold=2.5416666666666674 6.0000000000000009 4.5000000000000009 6.0000000000000009 384.00000000000006 756.00000000000011 4.5000000000000009 3.5000000000000004 384.00000000000006 1.0000000180025095e-35 384.00000000000006 5.5000000000000009 756.00000000000011
decision_type=2 2 2 2 2 2 2 2 2 2 2 2 2
left_child=3 6 -3 -1 -4 11 7 10 9 -9 -2 -6 -5
right_child=1 2 4 12 5 -7 -8 8 -10 -11 -12 -13 -14
leaf_value=0.001967851370931245 7.0193753339523504e-05 -0.00028666392276158599 -0.00024379714557835544 0.00043343777744826582 0.00032702533272387633 -0.00033917995728100246 -0.00032142888437109915 5.3099841265703124e-05 9.2038934014138142e-05 -5.4953200096937535e-05 -5.0100515261619116e-07 0 0.00080414684142096583
leaf_weight=25 214 1714 159 170 556 102 21 216 2174 118 227 13.999999999999998 58
leaf_count=25 214 1714 159 170 556 102 21 216 2174 118 227 14 58
internal_value=6.6754e-07 -3.1522e-05 -0.000151983 0.000719396 0.000119807 0.000213502 7.0035e-05 7.46255e-05 8.17728e-05 0 2.25734e-05 0.00032158 0.000552675
internal_weight=5768 5515 2545 253 831 672 2970 2949 2508 334 441 570 228
internal_count=5768 5515 2545 253 831 672 2970 2949 2508 334 441 570 228
is_linear=0
shrinkage=0.05


Tree=51
num_leaves=24
num_cat=0
split_feature=0 17 19 19 19 17 19 19 12 17 17 12 17 19 19 17 17 17 17 17 12 17 17
split_gain=0.0497988 0.0277663 0.0463188 0.0163367 0.0128476 0.00291433 0.00165905 0.000492632 0.00245214 0.000484433 0.00103324 0.000349853 0.000317762 0.000654143 0.000814981 0.000499571 0.000285777 0.00185746 0.000219431 0.000364391 0.000114809 5.96288e-06 5.81316e-06
threshold=2.5416666666666674 7.2226790386014175 0.59978846153846166 0.4244134615384616 0.61517307692307699 7.6503990045026331 0.53667307692307709 0.63055769230769243 384.00000000000006 8.0529439743463929 7.9625070052679279 756.00000000000011 7.1459464135563868 0.47441346153846159 0.43079807692307698 6.9599592149906035 7.200356359288631 7.2133000484419894 7.6318409637684832 7.3170628783230649 756.00000000000011 7.6419255179732621 7.1783939000347887
decision_type=2 2 2 2 2 2 2 2 2 2 2 2 2 2 2 2 2 2 2 2 2 2 2
left_child=3 6 5 -1 -4 18 12 8 -5 10 -6 -9 13 14 -2 -15 -14 -18 19 -3 -11 -20 -8
right_child=1 2 4 7 9 -7 22 11 -10 20 -12 -13 16 15 -16 -17 17 -19 21 -21 -22 -23 -24
leaf_value=0.0019803231537342072 2.1707971361191834e-05 -3.8045862825905335e-06 0.00030845145940350282 0.0002987891795384067 -0.00044504153184019604 -0.00030735145528764632 0.00021190242637403127 0 0.00081238281575369317 -1.6407114817411562e-06 1.239127630833536e-05 0.0003039607770430545 6.5566314370260769e-05 3.0958332770998458e-05 0.00048773668992977879 -8.287978014151308e-05 -0.00022482526954263453 9.5332452772004962e-05 -1.3635788186404267e-05 -0.00047856949563873446 -0.00037358044286240613 -0.00011685162548047419 0.00010679783895746493
leaf_weight=24 203 40 553 92 11.999999999999998 1596 122 24 90 34 54 23 925 80 11.999999999999998 240 63 154 189 18 51 64 1105
leaf_count=24 203 40 553 92 12 1596 122 24 90 34 54 23 925 80 12 240 63 154 189 18 51 64 1105
internal_value=6.68569e-07 -2.99843e-05 -0.000148921 0.000686026 0.000193326 -0.000277922 7.52451e-05 0.00052062 0.000583138 -0.000194655 -1.55253e-06 0.000167256 3.83818e-05 0 7.30046e-05 -3.88361e-05 5.34577e-05 0 -0.000110368 -0.000241505 -0.000284693 -5.9788e-05 0.000121484
internal_weight=5768 5515 2611 253 704 1907 2904 229 182 151 66 47 1677 535 215 320 1142 217 311 58 85 253 1227
internal_count=5768 5515 2611 253 704 1907 2904 229 182 151 66 47 1677 535 215 320 1142 217 311 58 85 253 1227
is_linear=0
shrinkage=0.05


Tree=52
num_leaves=21
num_cat=0
split_feature=0 17 19 19 19 15 19 17 17 17 17 17 17 19 12 12 19 19 19 12
split_gain=0.045444 0.0252674 0.0417972 0.014634 0.0117188 0.00354658 0.00147773 0.000726762 0.00119292 0.000452448 0.000940101 0.000347544 0.00133985 0.000345858 0.00210591 0.000312642 8.09858e-05 0.000836278 5.61508e-05 5.04339e-05
threshold=2.5416666666666674 7.2226790386014175 0.59978846153846166 0.4244134615384616 0.61517307692307699 12.800000000000002 0.53667307692307709 7.6673031450585656 7.6419255179732621 8.0529439743463929 7.9625070052679279 7.6503990045026331 7.6419255179732621 0.63055769230769243 384.00000000000006 756.00000000000011 0.47441346153846159 0.4970384615384616 0.48742307692307701 756.00000000000011
decision_type=2 2 2 2 2 2 2 2 2 2 2 2 2 2 2 2 2 2 2 2
left_child=3 6 5 -1 -4 7 16 8 -3 10 -6 12 -7 14 -5 -15 -2 18 -18 -11
right_child=1 2 4 13 9 11 -8 -9 -10 19 -12 -13 -14 15 -16 -17 17 -19 -20 -21
leaf_value=0.0018852674245834354 6.5092373219810721e-05 -1.2957599332654162e-05 0.00029305687409553286 0.0002840103506941789 -0.00042450114260785855 -0.00023407605050478953 0.00011562645092154535 0.00018372396814326445 -0.00033564544242361324 -1.5610332390808954e-06 1.1782978259196331e-05 -0.00029947536047127403 0.00016091301915002986 0 0.00077221004865490471 0.00028939596299702925 -7.9326541878496453e-05 4.9671489178399691e-05 0 -0.00035526061923939363
leaf_weight=24 423 189 553 92 11.999999999999998 58 1227 13.999999999999998 45 34 54 1582 19 24 90 23 95 932 227 51
leaf_count=24 423 189 553 92 12 58 1227 14 45 34 54 1582 19 24 90 23 95 932 227 51
internal_value=7.51475e-07 -2.84915e-05 -0.00014198 0.00065549 0.000182915 -0.000264574 7.18394e-05 -6.08264e-05 -9.74538e-05 -0.000186833 0 -0.000291965 -7.16952e-05 0.00049723 0.000555651 0.000159974 3.67724e-05 2.31912e-05 -3.78903e-05 -0.000273584
internal_weight=5768 5515 2611 253 704 1907 2904 248 234 151 66 1659 77 229 182 47 1677 1254 322 85
internal_count=5768 5515 2611 253 704 1907 2904 248 234 151 66 1659 77 229 182 47 1677 1254 322 85
is_linear=0
shrinkage=0.05


Tree=53
num_leaves=24
num_cat=0
split_feature=0 17 19 19 19 17 19 19 17 17 17 17 19 19 17 17 17 19 12 12 17 17 17
split_gain=0.0414927 0.0228588 0.0376455 0.0130974 0.0106933 0.00214952 0.00209195 0.00132632 0.000423177 0.000855308 0.000416962 0.000248217 0.00054944 0.000743268 0.000445863 0.000257315 0.00167913 0.00021759 0.00179824 0.000279107 1.05339e-05 0.000273921 6.78751e-06
threshold=2.5416666666666674 7.2226790386014175 0.59978846153846166 0.4244134615384616 0.61517307692307699 7.6503990045026331 0.53667307692307709 0.53667307692307709 8.0529439743463929 7.9625070052679279 7.6318409637684832 7.1459464135563868 0.47441346153846159 0.43079807692307698 6.9599592149906035 7.200356359288631 7.2133000484419894 0.63055769230769243 384.00000000000006 756.00000000000011 7.8920499419587129 8.0944061379747652 7.1783939000347887
decision_type=2 2 2 2 2 2 2 2 2 2 2 2 2 2 2 2 2 2 2 2 2 2 2
left_child=3 7 5 -1 -4 6 10 11 9 -6 -3 12 13 -2 -14 -13 -17 18 -5 -19 -7 -22 -9
right_child=1 2 4 17 8 20 -8 22 -10 -11 -12 15 14 -15 -16 16 -18 19 -20 -21 21 -23 -24
leaf_value=0.0017947746992111207 1.7389162767715022e-05 -0.00034122224580496554 0.00027843045238876168 0.00026996254447787522 -0.0004049087913993459 -0.00028192312427544736 0.00024120141025472049 0.00019565912012798272 -0.00026301884134269599 1.1204535289752209e-05 -9.371908202747558e-05 5.9657205933640598e-05 2.9429538954440273e-05 0.00046222151042177127 -7.7222415054781194e-05 -0.00021628875072565281 8.812902629705928e-05 0 0.00073402383661532139 0.00027552909761046371 0 -0.00027335221625187175 9.5686731779203495e-05
leaf_weight=24 203 49 553 92 11.999999999999998 1542 28 122 85 54 234 925 80 11.999999999999998 240 63 154 24 90 23 44 9.9999999999999982 1105
leaf_count=24 203 49 553 92 12 1542 28 122 85 54 234 925 80 12 240 63 154 24 90 23 44 10 1105
internal_value=7.87389e-07 -2.71167e-05 -0.000135092 0.000626449 0.000173026 -0.000251491 -0.000102853 6.82565e-05 -0.000179389 0 -0.000155229 3.47971e-05 0 6.73901e-05 -3.49745e-05 4.81716e-05 0 0.000474994 0.000529523 0.00015304 -0.000277241 -4.99334e-05 0.00010985
internal_weight=5768 5515 2611 253 704 1907 311 2904 151 66 283 1677 535 215 320 1142 217 229 182 47 1596 54 1227
internal_count=5768 5515 2611 253 704 1907 311 2904 151 66 283 1677 535 215 320 1142 217 229 182 47 1596 54 1227
is_linear=0
shrinkage=0.05


Tree=54
num_leaves=20
num_cat=0
split_feature=0 17 19 19 19 16 19 17 17 19 17 17 17 13 19 19 19 19 13
split_gain=0.03788 0.0207548 0.0339842 0.0117113 0.00969344 0.00289657 0.00117916 0.000682419 0.0010806 0.000494997 0.00357673 0.000380068 0.000778163 0.000113572 0.00109383 6.52104e-05 0.000689387 4.60874e-05 4.58464e-05
threshold=2.5416666666666674 7.2226790386014175 0.59978846153846166 0.4244134615384616 0.61517307692307699 1.5000000000000002 0.53667307692307709 7.6673031450585656 7.6419255179732621 0.52767307692307708 7.6503990045026331 8.0529439743463929 7.9625070052679279 9.4828921423310444 0.63055769230769243 0.47441346153846159 0.4970384615384616 0.48742307692307701 9.4828921423310444
decision_type=2 2 2 2 2 2 2 2 2 2 2 2 2 2 2 2 2 2 2
left_child=3 6 5 -1 -4 7 15 8 -3 -7 -11 12 -6 14 -5 -2 17 -17 -13
right_child=1 2 4 13 11 9 -8 -9 -10 10 -12 18 -14 -15 -16 16 -18 -19 -20
leaf_value=0.0017086253345012668 5.9539558352761955e-05 -7.6518309743780834e-06 0.00026453417144204738 0.00039593079099054071 -0.00038622068993460673 -0.00036819604923948645 0.00010457278101883999 0.00018830660140762727 -0.00031464393855497731 0.0002295572055375268 -0.00025239333952906438 0 1.0654514486139465e-05 0.00067891253805640395 0 -7.1723214132362047e-05 4.4804057259849274e-05 0 -0.00032494115509997266
leaf_weight=24 423 189 553 147 11.999999999999998 282 1227 13.999999999999998 45 28 1349 34 54 58 24 95 932 227 51
leaf_count=24 423 189 553 147 12 282 1227 14 45 28 1349 34 54 58 24 95 932 227 51
internal_value=9.95856e-07 -2.56268e-05 -0.000128546 0.000598829 0.000163993 -0.000239191 6.51992e-05 -5.2622e-05 -8.90531e-05 -0.00026402 -0.000238805 -0.000170636 0 0.000453856 0.000344948 3.3366e-05 2.05127e-05 -3.42377e-05 -0.000250021
internal_weight=5768 5515 2611 253 704 1907 2904 248 234 1659 1377 151 66 229 171 1677 1254 322 85
internal_count=5768 5515 2611 253 704 1907 2904 248 234 1659 1377 151 66 229 171 1677 1254 322 85
is_linear=0
shrinkage=0.05


Tree=55
num_leaves=20
num_cat=0
split_feature=0 18 19 19 19 16 19 19 19 19 19 19 19 19 19 19 19 19 19
split_gain=0.0344994 0.0184052 0.0308837 0.0104898 0.00882996 0.00268414 0.00137835 0.000445828 0.000393424 0.000393871 0.000148281 0.00150553 0.0001339 0.000132624 0.000314731 0.00012959 5.57471e-05 5.14625e-05 3.62106e-05
threshold=2.5416666666666674 2.5000000000000004 0.56805769230769243 0.4244134615384616 0.61517307692307699 1.5000000000000002 0.53667307692307709 0.52767307692307708 0.47441346153846159 0.4970384615384616 0.51805769230769239 0.63055769230769243 0.65192307692307705 0.78680769230769243 0.66167307692307709 0.91180769230769243 0.43079807692307698 0.4458076923076924 0.48742307692307701
decision_type=2 2 2 2 2 2 2 2 2 2 2 2 2 2 2 2 2 2 2
left_child=3 6 5 -1 -4 -3 8 -7 16 18 -5 -12 -13 14 -6 -15 -2 -18 -10
right_child=1 2 4 10 13 7 -8 -9 9 -11 11 12 -14 15 -16 -17 17 -19 -20
leaf_value=0.0016266112506389619 1.3561580608617148e-05 -5.0017780485940741e-05 0.00025082168672527482 0.00022787046336223573 -0.00026315079782054652 -0.0003630866773060656 0.00010163090472608782 -0.00023103611205336203 -6.8174404247353475e-05 2.7263095420146298e-05 0.00066293790034557647 0 0.00020621057818600631 -0.00038401584622674978 0 0 0.00036009450598309438 6.0731047492052593e-05 0
leaf_weight=24 203 248 554 88 17 251 1236 1367 95 961 94 21 26 28 94 11.999999999999998 10.999999999999998 211 227
leaf_count=24 203 248 554 88 17 251 1236 1367 95 961 94 21 26 28 94 12 11 211 227
internal_value=9.7999e-07 -2.43872e-05 -0.000122748 0.000571548 0.000154817 -0.000230321 5.98265e-05 -0.000254821 2.66072e-05 8.18459e-06 0.000432643 0.000522728 0.000130173 -0.000163849 -6.4062e-05 -0.000310491 7.03349e-05 9.95342e-05 -3.31829e-05
internal_weight=5768 5515 2571 253 705 1866 2944 1618 1708 1283 229 141 47 151 111 40 425 222 322
internal_count=5768 5515 2571 253 705 1866 2944 1618 1708 1283 229 141 47 151 111 40 425 222 322
is_linear=0
shrinkage=0.05


Tree=56
num_leaves=19
num_cat=0
split_feature=0 18 19 19 19 15 19 19 19 19 12 19 19 19 19 19 12 19
split_gain=0.0315398 0.0167268 0.0277896 0.0093609 0.00813437 0.00238005 0.00122488 0.000374098 0.000363701 0.000358611 0.000111606 7.19699e-05 0.00124944 0.000118059 4.28101e-05 3.08881e-05 3.0253e-05 2.74527e-05
threshold=2.5416666666666674 2.5000000000000004 0.59978846153846166 0.4244134615384616 0.61517307692307699 12.800000000000002 0.53667307692307709 0.47441346153846159 0.4970384615384616 0.52767307692307708 756.00000000000011 0.51805769230769239 0.63055769230769243 0.65192307692307705 0.43079807692307698 0.4458076923076924 384.00000000000006 0.48742307692307701
decision_type=2 2 2 2 2 2 2 2 2 2 2 2 2 2 2 2 2 2
left_child=3 6 5 -1 -4 -3 7 14 17 -7 16 -5 -13 -14 -2 -16 -6 -9
right_child=1 2 4 11 10 9 -8 8 -10 -11 -12 12 13 -15 15 -17 -18 -19
leaf_value=0.0015485339343547823 1.2886817430091255e-05 -4.7526936519920945e-05 0.00023881285078151133 0.00021660489982433534 -6.0012869389971615e-05 -0.00034500438789282706 9.6553445006167355e-05 -6.4801197295309977e-05 2.5901366189788265e-05 -0.00021936458795960014 -0.00018914070060355187 0.00063013992644846443 0 0.00019628191763331414 0.0003435901738703251 5.7708845992203595e-05 0 0
leaf_weight=24 203 248 553 88 20 251 1236 95 961 1368 114 94 21 26 10.999999999999998 211 17 227
leaf_count=24 203 248 553 88 20 251 1236 95 961 1368 114 94 21 26 11 211 17 227
internal_value=1.01466e-06 -2.32018e-05 -0.000117001 0.000546593 0.000146324 -0.000218996 5.70274e-05 2.54588e-05 7.41656e-06 -0.00024213 -0.000158841 0.000413571 0.000498898 0.000124589 6.80429e-05 9.57729e-05 0 -3.21804e-05
internal_weight=5768 5515 2571 253 704 1867 2944 1708 1283 1619 151 229 141 47 425 222 37 322
internal_count=5768 5515 2571 253 704 1867 2944 1708 1283 1619 151 229 141 47 425 222 37 322
is_linear=0
shrinkage=0.05


Tree=57
num_leaves=23
num_cat=0
split_feature=0 17 19 19 17 16 19 17 17 12 17 16 17 17 19 17 17 16 17 17 12 19
split_gain=0.0288408 0.0155573 0.0248983 0.00834344 0.00756526 0.00203267 0.000800829 0.000615017 0.00098124 0.0005115 0.000188864 0.00097858 0.000159508 0.000456144 0.000470714 0.000223932 0.0015245 0.000103596 4.83656e-05 4.61844e-05 4.30473e-05 0.000782418
threshold=2.5416666666666674 7.2226790386014175 0.56805769230769243 0.4244134615384616 8.0497542698189957 1.5000000000000002 0.53667307692307709 7.6673031450585656 7.6419255179732621 756.00000000000011 7.6503990045026331 2.5000000000000004 7.1459464135563868 6.9599592149906035 0.47441346153846159 7.200356359288631 7.2133000484419894 3.5000000000000004 7.1783939000347887 8.6973007686733208 756.00000000000011 0.63055769230769243
decision_type=2 2 2 2 2 2 2 2 2 2 2 2 2 2 2 2 2 2 2 2 2 2
left_child=3 6 5 -1 9 7 12 8 -3 -4 11 -7 13 -2 -15 -14 -17 -12 -8 -6 21 -5
right_child=1 2 4 20 19 10 18 -9 -10 -11 17 -13 15 14 -16 16 -18 -19 -20 -21 -22 -23
leaf_value=0.0014742045581340791 0.00010166440571192652 -2.4196999637704136e-06 0.0002291724533245291 0.00033727973306274701 -9.5028967370397585e-05 0.00015230264770798384 0.00017094091285110977 0.00018407103015730778 -0.00029448252940631435 0 -0.0002374434650222667 -0.00018891977840813541 5.0948690260975725e-05 2.4876253097909056e-05 -6.9427728784344014e-05 -0.00021090274820380729 7.8884186027871993e-05 -1.3020875544666689e-05 7.5782523145242364e-05 -0.00041719137364998457 0.00059934307442251916 0
leaf_weight=24 99 189 557 147 113 19 122 13.999999999999998 45 15.999999999999998 1528 58 925 196 240 63 154 53 1105 19 58 24
leaf_count=24 99 189 557 147 113 19 122 14 45 16 1528 58 925 196 240 63 154 53 1105 19 58 24
internal_value=1.11832e-06 -2.20005e-05 -0.000111194 0.000522861 0.000138329 -0.000206135 5.64833e-05 -4.51601e-05 -8.08763e-05 0.000220971 -0.000227158 -3.97463e-05 2.93461e-05 0 -1.56326e-05 4.01643e-05 0 -0.000233094 8.94472e-05 -0.000181783 0.000395441 0.000294129
internal_weight=5768 5515 2611 253 705 1906 2904 248 234 573 1658 77 1677 535 436 1142 217 1581 1227 132 229 171
internal_count=5768 5515 2611 253 705 1906 2904 248 234 573 1658 77 1677 535 436 1142 217 1581 1227 132 229 171
is_linear=0
shrinkage=0.05


Tree=58
num_leaves=20
num_cat=0
split_feature=1 17 19 19 17 17 19 12 17 17 19 19 19 19 19 17 17 17 19
split_gain=0.026286 0.0141469 0.0224252 0.0074515 0.00693213 0.00109292 0.000713414 0.000472072 0.000347209 0.000271713 5.39236e-05 0.00101991 6.96736e-05 3.8101e-05 0.000515581 3.36136e-05 1.61316e-05 0.000225814 1.4768e-05
threshold=6.7534722222222232 7.2226790386014175 0.59978846153846166 0.4244134615384616 8.0497542698189957 7.6419255179732621 0.53667307692307709 756.00000000000011 7.6318409637684832 7.3170628783230649 0.51805769230769239 0.63055769230769243 0.65192307692307705 0.47441346153846159 0.4970384615384616 8.0529439743463929 7.8920499419587129 8.0944061379747652 0.48742307692307701
decision_type=2 2 2 2 2 2 2 2 2 2 2 2 2 2 2 2 2 2 2
left_child=3 6 5 -1 7 8 13 -4 9 -3 -5 -12 -13 -2 18 -6 -7 -18 -15
right_child=1 2 4 10 15 16 -8 -9 -10 -11 11 12 -14 14 -16 -17 17 -19 -20
leaf_value=0.0014034425497055055 5.0268286327339436e-05 0 0.00021820532947216902 0.00018922182699937501 0 -0.00021609234835143483 8.5188476835204607e-05 0 -2.2993338735480046e-06 -0.00036871858137218577 0.00057745061807432455 0 0.0001613037246500392 -5.8285055080583942e-05 3.7921476756828459e-05 -0.00021957346980681992 0 -0.00022839007899165152 0
leaf_weight=24 423 40 556 88 47 1606 1227 15.999999999999998 189 18 94 21 26 95 932 85 44 9.9999999999999982 227
leaf_count=24 423 40 556 88 47 1606 1227 16 189 18 94 21 26 95 932 85 44 10 227
internal_value=1.1628e-06 -2.08688e-05 -0.000105954 0.000499293 0.000130859 -0.000196021 5.39211e-05 0.000210296 -6.46584e-05 -0.000179634 0.000377106 0.000456998 0.000104913 2.80271e-05 1.65065e-05 -0.000174766 -0.000212507 -1.29666e-05 -2.99228e-05
internal_weight=5768 5515 2611 253 704 1907 2904 572 247 58 229 141 47 1677 1254 132 1660 54 322
internal_count=5768 5515 2611 253 704 1907 2904 572 247 58 229 141 47 1677 1254 132 1660 54 322
is_linear=0
shrinkage=0.05


Tree=59
num_leaves=18
num_cat=0
split_feature=0 17 19 19 17 17 19 12 17 17 17 17 19 17 17 17 17
split_gain=0.0240798 0.0128491 0.0202256 0.00662382 0.00633182 0.000906828 0.000637698 0.000434427 0.000318315 0.000223087 0.000126077 0.00040807 0.000402332 0.000199371 0.00138044 4.46619e-05 2.22387e-05
threshold=2.5416666666666674 7.2226790386014175 0.59978846153846166 0.4244134615384616 8.0497542698189957 7.6419255179732621 0.53667307692307709 756.00000000000011 7.6318409637684832 7.3170628783230649 7.1459464135563868 6.9599592149906035 0.47441346153846159 7.200356359288631 7.2133000484419894 7.1783939000347887 8.6973007686733208
decision_type=2 2 2 2 2 2 2 2 2 2 2 2 2 2 2 2 2
left_child=3 6 5 -1 7 8 10 -4 9 -3 11 -2 -13 -12 -15 -8 -6
right_child=1 2 4 -5 16 -7 15 -9 -10 -11 13 12 -14 14 -16 -17 -18
leaf_value=0.0013360772311687471 9.6154476969968528e-05 0 0.00020731456835270998 0.00036077436732707811 -8.3963124667653786e-05 -0.00020199106797752012 0.00015823856478829575 0 -2.1849912346193649e-06 -0.0003512529474928191 4.6386368153817937e-05 2.1138122248543699e-05 -6.4846158966700327e-05 -0.00020245632556907371 7.3081578764568769e-05 6.7741261015412071e-05 -0.00038694505719468001
leaf_weight=24 99 40 556 229 113 1660 122 15.999999999999998 189 18 925 196 240 63 154 1105 19
leaf_count=24 99 40 556 229 113 1660 122 16 189 18 925 196 240 63 154 1105 19
internal_value=1.07038e-06 -1.99792e-05 -0.000101097 0.000477874 0.000123578 -0.000186682 5.12431e-05 0.000199709 -6.32327e-05 -0.000174009 2.65053e-05 0 -1.47911e-05 3.61542e-05 0 8.09326e-05 -0.00016775
internal_weight=5768 5515 2611 253 704 1907 2904 572 247 58 1677 535 436 1142 217 1227 132
internal_count=5768 5515 2611 253 704 1907 2904 572 247 58 1677 535 436 1142 217 1227 132
is_linear=0
shrinkage=0.05


Tree=60
num_leaves=21
num_cat=0
split_feature=1 17 19 19 17 17 19 12 17 17 19 19 19 19 19 17 17 17 17 19
split_gain=0.021854 0.0117045 0.0182225 0.00592907 0.00579615 0.000741311 0.000566967 0.000400027 0.000291803 0.000179688 7.05717e-05 0.000899845 6.83545e-05 3.28564e-05 0.000435128 2.75829e-05 0.000781762 6.52584e-05 6.74284e-06 4.77482e-06
threshold=6.7534722222222232 7.2226790386014175 0.59978846153846166 0.4244134615384616 8.0497542698189957 7.6419255179732621 0.53667307692307709 756.00000000000011 7.6318409637684832 7.3170628783230649 0.51805769230769239 0.63055769230769243 0.65192307692307705 0.47441346153846159 0.4970384615384616 7.6893425732886129 7.6831204213495203 7.784864722929397 8.0529439743463929 0.48742307692307701
decision_type=2 2 2 2 2 2 2 2 2 2 2 2 2 2 2 2 2 2 2 2
left_child=3 6 5 -1 7 8 13 -4 9 -3 -5 -12 -13 -2 19 16 -7 -17 -6 -15
right_child=1 2 4 10 18 15 -8 -9 -10 -11 11 12 -14 14 -16 17 -18 -19 -20 -21
leaf_value=0.0012719456434249878 4.6124427539806043e-05 0 0.00019696746344211605 0.00016203100322170207 0 -0.00017551268280966442 7.7098703864318731e-05 0 -2.0762985376150971e-06 -0.00033461464912091431 0.00053103317082614488 0 0.00013616663459860892 -5.2308484179472246e-05 3.4237119769207116e-05 0 -0.00031903514195152601 -0.00011789893292234089 -0.00020122622093727253 0
leaf_weight=24 423 40 556 88 47 1232 1227 15.999999999999998 189 18 94 21 26 95 932 59 229 140 85 227
leaf_count=24 423 40 556 88 47 1232 1227 16 189 18 94 21 26 95 932 59 229 140 85 227
internal_value=1.02935e-06 -1.89825e-05 -9.64339e-05 0.000455299 0.000116598 -0.000177718 4.89425e-05 0.000189651 -6.18747e-05 -0.000168651 0.000342814 0.000418496 8.28817e-05 2.53282e-05 1.42979e-05 -0.000191898 -0.000201631 -9.47833e-05 -0.000161419 -2.78617e-05
internal_weight=5768 5515 2611 253 704 1907 2904 572 247 58 229 141 47 1677 1254 1660 1461 199 132 322
internal_count=5768 5515 2611 253 704 1907 2904 572 247 58 229 141 47 1677 1254 1660 1461 199 132 322
is_linear=0
shrinkage=0.05


Tree=61
num_leaves=21
num_cat=0
split_feature=0 17 19 17 19 17 19 12 17 17 17 17 19 17 12 19 17 17 17 17
split_gain=0.0200448 0.0106645 0.0164649 0.00528723 0.00525578 0.000604532 0.000506025 0.000367386 0.000267467 0.000140998 0.000118449 0.000345606 0.000344978 0.000177005 7.08827e-05 0.000566125 4.11774e-05 2.62218e-05 0.000182157 2.6934e-06
threshold=2.5416666666666674 7.2226790386014175 0.56805769230769243 8.0497542698189957 0.4244134615384616 7.6419255179732621 0.53667307692307709 756.00000000000011 7.6318409637684832 7.3170628783230649 6.9599592149906035 7.1459464135563868 0.47441346153846159 7.200356359288631 756.00000000000011 0.63055769230769243 7.1783939000347887 8.0497542698189957 8.0944061379747652 8.6973007686733208
decision_type=2 2 2 2 2 2 2 2 2 2 2 2 2 2 2 2 2 2 2 2
left_child=4 6 5 7 -1 8 10 -4 9 -3 -2 12 -12 -13 15 -6 -8 -7 -19 -5
right_child=1 2 3 19 14 17 16 -9 -10 -11 11 13 -14 -15 -16 -17 -18 18 -20 -21
leaf_value=0.001210892352461815 9.0956648741848762e-05 0 0.00018675016145402144 -7.3976828088665291e-05 0.00027007541663290281 -0.00018588476383585691 0.00014656736562785702 0 -1.9730475829227963e-06 -0.00031876447144895792 1.7792085058003814e-05 4.2239894349224561e-05 -6.0608035264559935e-05 0 0.00051347393850338164 0 6.0505801744449209e-05 0 -0.00020346828482367772 -0.0003590069247875363
leaf_weight=24 99 40 557 113 147 1606 122 15.999999999999998 189 18 196 925 240 217 58 24 1105 43 9.9999999999999982 19
leaf_count=24 99 40 557 113 147 1606 122 16 189 18 196 925 240 217 58 24 1105 43 10 19
internal_value=8.60408e-07 -1.82687e-05 -9.22264e-05 0.000109847 0.00043596 -0.000169611 4.65147e-05 0.000179731 -6.05813e-05 -0.000163547 2.39441e-05 1.65183e-05 -1.39622e-05 3.25319e-05 0.000328093 0.000233526 7.32469e-05 -0.000182785 0 -0.000154989
internal_weight=5768 5515 2611 705 253 1906 2904 573 247 58 1677 1578 436 1142 229 171 1227 1659 53 132
internal_count=5768 5515 2611 705 253 1906 2904 573 247 58 1677 1578 436 1142 229 171 1227 1659 53 132
is_linear=0
shrinkage=0.05


Tree=62
num_leaves=18
num_cat=0
split_feature=0 17 19 17 19 17 19 12 17 17 19 19 19 19 19 17 17
split_gain=0.0182962 0.00972617 0.0148418 0.00485446 0.00467129 0.000494608 0.000450394 0.000339873 5.8947e-05 0.000106549 4.89871e-05 0.000738195 3.94552e-05 2.78597e-05 0.000367477 2.11722e-05 0.000165974
threshold=2.5416666666666674 7.2226790386014175 0.59978846153846166 8.0497542698189957 0.4244134615384616 7.6503990045026331 0.53667307692307709 756.00000000000011 7.6318409637684832 7.3170628783230649 0.51805769230769239 0.63055769230769243 0.65192307692307705 0.47441346153846159 0.4970384615384616 7.8920499419587129 8.0944061379747652
decision_type=2 2 2 2 2 2 2 2 2 2 2 2 2 2 2 2 2
left_child=4 6 5 7 -1 8 13 -4 9 -3 -6 -12 -13 -2 -15 -7 -17
right_child=1 2 3 -5 10 15 -8 -9 -10 -11 11 12 -14 14 -16 16 -18
leaf_value=0.0011527694046497346 4.2207424489359534e-05 0 0.00017781610391646142 -0.00014928173614513565 0.00014066843797316714 -0.0001790682780282507 6.9796564207254546e-05 0 -3.088243374203178e-05 -0.00030366513093835429 0.00048691573435146558 0 0.00010774028720334172 -2.5980207804538566e-05 3.0892718434348154e-05 0 -0.00019421972673047672
leaf_weight=24 423 40 556 132 88 1542 1227 15.999999999999998 253 18 94 21 26 322 932 44 9.9999999999999982
leaf_count=24 423 40 556 132 88 1542 1227 16 253 18 94 21 26 322 932 44 10
internal_value=8.39059e-07 -1.73978e-05 -8.80564e-05 0.000103756 0.000416561 -0.000161505 4.44191e-05 0.000171035 -7.11748e-05 -0.000158684 0.000312988 0.000383576 6.68919e-05 2.2841e-05 1.22959e-05 -0.000175921 0
internal_weight=5768 5515 2611 704 253 1907 2904 572 311 58 229 141 47 1677 1254 1596 54
internal_count=5768 5515 2611 704 253 1907 2904 572 311 58 229 141 47 1677 1254 1596 54
is_linear=0
shrinkage=0.05


Tree=63
num_leaves=22
num_cat=0
split_feature=2 17 19 17 19 19 17 12 17 17 17 19 17 17 17 12 16 17 17 17 17
split_gain=0.0167905 0.00884116 0.0134146 0.00440005 0.00412492 0.000398061 0.000390163 0.000313544 0.000236988 0.000117913 0.000287975 0.000293574 0.000158854 7.59168e-05 3.79119e-05 1.76934e-05 0.00104357 8.11965e-06 1.50888e-06 0.000735909 9.12497e-05
threshold=30.500000000000004 7.2226790386014175 0.59978846153846166 8.0497542698189957 0.4244134615384616 0.53667307692307709 7.6419255179732621 756.00000000000011 7.6318409637684832 6.9599592149906035 7.1459464135563868 0.47441346153846159 7.200356359288631 7.3170628783230649 7.1783939000347887 756.00000000000011 2.5000000000000004 8.0529439743463929 7.6893425732886129 7.6831204213495203 7.784864722929397
decision_type=2 2 2 2 2 2 2 2 2 2 2 2 2 2 2 2 2 2 2 2 2
left_child=4 5 6 7 -1 9 8 -4 13 -2 11 -11 -12 -3 -7 16 -6 -5 19 -8 -20
right_child=1 2 3 17 15 14 18 -9 -10 10 12 -13 -14 -15 -16 -17 -18 -19 20 -21 -22
leaf_value=0.0010974364459514618 8.7092529970686896e-05 0 0.0001689412877384968 0 0.00026601334930294096 0.00013583712160541883 -0.00014889590474754264 0 -3.3892546535322395e-07 1.4807337086628837e-05 3.847058374659997e-05 -5.6296583773235946e-05 0 -0.00028928099102095556 5.399657510200795e-05 0.00047169296568164891 0 -0.00017710019952108609 0 -0.00028498443463088381 -9.9572011344762316e-05
leaf_weight=24 99 40 556 47 143 122 1232 15.999999999999998 189 196 925 240 217 18 1105 58 28 85 59 229 140
leaf_count=24 99 40 556 47 143 122 1232 16 189 196 925 240 217 18 1105 58 28 85 59 229 140
internal_value=8.36005e-07 -1.65977e-05 -8.39947e-05 9.81423e-05 0.000399117 4.22862e-05 -0.00015387 0.000162408 -5.70705e-05 2.17004e-05 1.43787e-05 -1.293e-05 2.91815e-05 -0.000154052 6.63096e-05 0.000299738 0.000209941 -0.000141874 -0.00016522 -0.000173827 -7.64798e-05
internal_weight=5768 5515 2611 704 253 2904 1907 572 247 1677 1578 436 1142 58 1227 229 171 132 1660 1461 199
internal_count=5768 5515 2611 704 253 2904 1907 572 247 1677 1578 436 1142 58 1227 229 171 132 1660 1461 199
is_linear=0
shrinkage=0.05


Tree=64
num_leaves=23
num_cat=0
split_feature=0 17 19 17 19 19 17 12 17 17 19 17 17 17 19 19 17 19 17 17 17 17
split_gain=0.0153081 0.00808953 0.0121239 0.00402234 0.00366239 0.00035372 0.000305055 0.000289437 0.000103141 0.000256286 0.000267459 0.000145891 5.02378e-05 4.87184e-05 4.02479e-05 0.000600577 2.19289e-05 2.01708e-05 1.77319e-05 7.89678e-06 0.000143934 7.47173e-06
threshold=2.5416666666666674 7.2226790386014175 0.59978846153846166 8.0497542698189957 0.4244134615384616 0.53667307692307709 7.6503990045026331 756.00000000000011 6.9599592149906035 7.1459464135563868 0.47441346153846159 7.200356359288631 7.6318409637684832 7.3170628783230649 0.51805769230769239 0.63055769230769243 7.1783939000347887 0.65192307692307705 8.6973007686733208 7.8920499419587129 8.0944061379747652 8.2106037135369139
decision_type=2 2 2 2 2 2 2 2 2 2 2 2 2 2 2 2 2 2 2 2 2 2
left_child=4 5 6 7 -1 8 12 -4 -2 10 -10 -11 13 -3 -6 -16 -7 -17 21 -8 -21 -5
right_child=1 2 3 18 14 16 19 -9 9 11 -12 -13 -14 -15 15 17 -18 -19 -20 20 -22 -23
leaf_value=0.0010447594553232194 8.2781435502693064e-05 0 0.00016050926662138806 -6.8143192642479376e-05 0.00012071223259809312 0.00012910048229377568 -0.00016209295370300046 0 1.4070672985298679e-05 3.6549107498463173e-05 -5.3493434213550143e-05 0 -2.7455924925354026e-05 -0.00027557818464150555 0.00044629675806745104 0 5.1299145699530889e-05 8.2462154397809937e-05 -0.00032645093067549169 0 -0.00018086552619934082 0
leaf_weight=24 99 40 556 85 88 122 1542 15.999999999999998 196 925 240 217 253 18 94 21 1105 26 19 44 9.9999999999999982 28
leaf_count=24 99 40 556 85 88 122 1542 16 196 925 240 217 253 18 94 21 1105 26 19 44 10 28
internal_value=7.27308e-07 -1.58798e-05 -8.03762e-05 9.2548e-05 0.000381059 4.03957e-05 -0.00014685 0.000154211 2.06992e-05 1.35878e-05 -1.17162e-05 2.76248e-05 -6.66748e-05 -0.00014964 0.000285521 0.000351595 6.32054e-05 5.2673e-05 -0.000136215 -0.00015929 0 -5.77852e-05
internal_weight=5768 5515 2611 704 253 2904 1907 572 1677 1578 436 1142 311 58 229 141 1227 47 132 1596 54 113
internal_count=5768 5515 2611 704 253 2904 1907 572 1677 1578 436 1142 311 58 229 141 1227 47 132 1596 54 113
is_linear=0
shrinkage=0.05


Tree=65
num_leaves=16
num_cat=0
split_feature=0 17 19 17 19 19 12 17 17 17 19 19 15 12 12
split_gain=0.0140659 0.00738953 0.0109201 0.00369898 0.00321893 0.000313912 0.000267353 0.000228791 0.000210322 2.46082e-05 2.23718e-05 0.000279331 8.64841e-06 0.000343548 0.000162539
threshold=2.5416666666666674 7.2226790386014175 0.59978846153846166 8.0497542698189957 0.4244134615384616 0.53667307692307709 756.00000000000011 7.6419255179732621 7.6318409637684832 7.3170628783230649 0.47441346153846159 0.4970384615384616 13.650000000000002 756.00000000000011 384.00000000000006
decision_type=2 2 2 2 2 2 2 2 2 2 2 2 2 2 2
left_child=4 5 7 6 -1 10 -4 8 9 -3 -2 -12 14 -14 -6
right_child=1 2 3 -5 12 -7 -8 -9 -10 -11 11 -13 13 -15 -16
leaf_value=0.00099461111724376684 3.7275754883973254e-05 0 0.00015249837243417862 -0.0001317052567277902 0.0001415149234235287 6.0256084376803511e-05 0 -0.00014968290916063506 0 -0.00026252450090587926 -2.2733262260718382e-05 2.6447060563821661e-05 0 0.00020285289036110041 0.00041789461993094949
leaf_weight=24 423 40 556 132 89 1227 15.999999999999998 1660 189 18 322 932 28 23 89
leaf_count=24 423 40 556 132 89 1227 16 1660 189 18 322 932 28 23 89
internal_value=7.46947e-07 -1.5136e-05 -7.68077e-05 8.70695e-05 0.000365351 3.85995e-05 0.000146424 -0.00013994 -5.39615e-05 -0.000145436 1.9748e-05 9.82651e-06 0.000273626 4.97518e-05 0.0003092
internal_weight=5768 5515 2611 704 253 2904 572 1907 247 58 1677 1254 229 51 178
internal_count=5768 5515 2611 704 253 2904 572 1907 247 58 1677 1254 229 51 178
is_linear=0
shrinkage=0.05


Tree=66
num_leaves=18
num_cat=0
split_feature=0 17 17 17 6 12 17 17 17 17 17 17 10 17 17 17 17
split_gain=0.0128989 0.00671718 0.00845156 0.00388843 0.002027 0.00117896 0.00111978 0.000954751 0.00126746 0.000437979 5.13705e-05 3.35583e-05 6.83496e-06 1.5754e-05 4.00522e-05 0.000189056 9.88785e-06
threshold=2.5416666666666674 7.2226790386014175 7.6893425732886129 8.1868831544556162 6.0000000000000009 384.00000000000006 8.0497542698189957 7.6831204213495203 7.6673031450585656 8.0529439743463929 8.6973007686733208 7.6419255179732621 12.000000000000002 6.9599592149906035 7.1783939000347887 7.115355359154643 7.200356359288631
decision_type=2 2 2 2 2 2 2 2 2 2 2 2 2 2 2 2 2
left_child=4 12 7 5 -1 9 -7 8 11 -4 -5 -3 -2 -14 15 -15 -16
right_child=1 2 3 10 -6 6 -8 -9 -10 -11 -12 -13 13 14 16 -17 -18
leaf_value=0.00087324218537945017 0 -5.5574917150806873e-05 -0.00010474974992732056 -7.9727398954483481e-05 0.00026715614232051643 0.00013345832604869838 -2.9918299430781707e-05 -0.00025527614980693094 0.00024171135574579239 4.2859341136794137e-05 -0.00052795291751284493 -0.00013475617523906971 0.00010012444556670507 2.8221006889911493e-05 4.0234115660320624e-05 -3.3601479242659275e-05 7.5469489156206798e-08
leaf_weight=25 9.9999999999999982 255 98 42 228 619 69 229 13.999999999999998 46 21 1218 91 465 1947 116 275
leaf_count=25 10 255 98 42 228 619 69 229 14 46 21 1218 91 465 1947 116 275
internal_value=7.50766e-07 -1.4422e-05 -7.32511e-05 4.71549e-05 0.000349933 8.07852e-05 0.000109797 -0.000138953 -0.00011752 -2.31437e-05 -0.000313176 -0.000124488 3.67574e-05 3.69008e-05 3.30301e-05 7.2502e-06 3.75155e-05
internal_weight=5768 5515 2611 895 253 832 688 1716 1487 144 63 1473 2904 2894 2803 581 2222
internal_count=5768 5515 2611 895 253 832 688 1716 1487 144 63 1473 2904 2894 2803 581 2222
is_linear=0
shrinkage=0.05


Tree=67
num_leaves=16
num_cat=0
split_feature=0 17 19 17 19 19 17 19 17 19 15 19 19 19 17
split_gain=0.0117234 0.00611999 0.00894723 0.00306899 0.00255405 0.000275463 0.000131514 0.00178952 0.000112133 4.36435e-05 4.04102e-05 0.000366649 2.25852e-05 0.00024759 2.26227e-06
threshold=2.5416666666666674 7.2226790386014175 0.59978846153846166 8.0497542698189957 0.4244134615384616 0.53667307692307709 7.6503990045026331 0.53667307692307709 7.6318409637684832 0.61517307692307699 13.650000000000002 0.51805769230769239 0.47441346153846159 0.4970384615384616 8.0529439743463929
decision_type=2 2 2 2 2 2 2 2 2 2 2 2 2 2 2
left_child=4 5 6 9 -1 12 7 8 -3 -4 11 -6 -2 -14 -5
right_child=1 2 3 14 10 -7 -8 -9 -10 -11 -12 -13 13 -15 -16
leaf_value=0.00090495413839817055 3.36805023670302e-05 -0.00023843438792973756 0.00013547743606761044 0 0.00010684081437912855 5.5390178009409591e-05 -0.00013724681392732519 0.00027060029757759084 -6.0851318444660375e-05 0 3.1581944136772873e-05 0.00039215010530112884 -2.2998501695533955e-05 2.3659521628132278e-05 -0.00014904375421221716
leaf_weight=24 423 49 553 47 87 1227 1596 28 234 19 51 91 322 932 85
leaf_count=24 423 49 553 47 87 1227 1596 28 234 19 51 91 322 932 85
internal_value=7.17198e-07 -1.37071e-05 -6.98905e-05 7.80194e-05 0.000333645 3.50931e-05 -0.000127127 -5.88922e-05 -0.000109936 0.000132496 0.000248357 0.00028201 1.72386e-05 7.68591e-06 -0.000119672
internal_weight=5768 5515 2611 704 253 2904 1907 311 283 572 229 178 1677 1254 132
internal_count=5768 5515 2611 704 253 2904 1907 311 283 572 229 178 1677 1254 132
is_linear=0
shrinkage=0.05


Tree=68
num_leaves=20
num_cat=0
split_feature=0 17 19 17 19 19 12 17 17 19 17 17 12 17 17 19 17 17 19
split_gain=0.010788 0.00555119 0.00805873 0.00281107 0.00222661 0.000241949 0.000216399 0.000113422 0.00121747 0.000269049 0.000109774 0.000193712 5.79791e-05 4.25063e-05 1.97235e-05 1.44064e-05 1.31419e-05 0.000103024 2.50449e-06
threshold=2.5416666666666674 7.2226790386014175 0.59978846153846166 8.0497542698189957 0.4244134615384616 0.53667307692307709 756.00000000000011 7.2133000484419894 7.200356359288631 0.4970384615384616 7.6419255179732621 7.6318409637684832 756.00000000000011 7.1783939000347887 7.3170628783230649 0.51805769230769239 7.8920499419587129 8.0944061379747652 0.91180769230769243
decision_type=2 2 2 2 2 2 2 2 2 2 2 2 2 2 2 2 2 2 2
left_child=4 5 10 6 -1 7 -4 8 9 -2 11 14 -6 -7 -3 -13 -12 -18 -5
right_child=1 2 3 18 12 13 -8 -9 -10 -11 16 15 -14 -15 -16 -17 17 -19 -20
leaf_value=0.00086151632964611064 0 0 0.00013150095550052459 -0.0001206874398491538 0.00015504821690292165 0.00011556306195150063 0 6.3722676068033666e-05 -0.00019840810262394373 4.2422123892261116e-05 -0.00013122531537891079 -4.2435791343450535e-05 0.00039193549209227003 4.1054886332957268e-05 -0.00023616235850280835 0 0 -0.00015301779589869759 0
leaf_weight=24 738 40 556 120 171 122 15.999999999999998 154 63 722 1606 19 58 1105 18 170 44 9.9999999999999982 11.999999999999998
leaf_count=24 738 40 556 120 171 122 16 154 63 722 1606 19 58 1105 18 170 44 10 12
internal_value=8.03647e-07 -1.29975e-05 -6.65378e-05 7.36044e-05 0.000320198 3.34261e-05 0.000125958 1.63777e-05 8.2708e-06 2.07412e-05 -0.000120906 -4.6058e-05 0.000238228 5.26229e-05 -0.000130862 0 -0.000128998 0 -0.00011491
internal_weight=5768 5515 2611 704 253 2904 572 1677 1523 1460 1907 247 229 1227 58 189 1660 54 132
internal_count=5768 5515 2611 704 253 2904 572 1677 1523 1460 1907 247 229 1227 58 189 1660 54 132
is_linear=0
shrinkage=0.05


Tree=69
num_leaves=21
num_cat=0
split_feature=0 17 19 17 19 19 13 15 19 13 17 17 19 19 19 13 17 17 17 17
split_gain=0.00987549 0.00506036 0.0072774 0.00255478 0.00194877 0.000216056 0.000200457 6.22332e-05 0.000276427 0.00023973 5.86786e-05 0.000180981 3.09381e-05 0.00020713 1.30703e-05 1.09417e-05 9.83894e-05 2.76974e-06 9.38707e-05 2.46347e-06
threshold=2.5416666666666674 7.2226790386014175 0.59978846153846166 8.0497542698189957 0.4244134615384616 0.53667307692307709 9.4828921423310444 13.650000000000002 0.51805769230769239 9.4828921423310444 7.6419255179732621 7.6318409637684832 0.47441346153846159 0.4970384615384616 0.51805769230769239 9.4828921423310444 8.0529439743463929 7.8920499419587129 8.0944061379747652 7.3170628783230649
decision_type=2 2 2 2 2 2 2 2 2 2 2 2 2 2 2 2 2 2 2 2
left_child=4 5 10 6 -1 12 -4 8 -6 -9 11 19 -2 -14 -13 -5 -17 -12 -19 -3
right_child=1 2 3 15 7 -7 -8 9 -10 -11 17 14 13 -15 -16 16 -18 18 -20 -21
leaf_value=0.00082016359567642231 3.2164213831870348e-05 0 0.00012493762292997839 0 9.3895066529512403e-05 5.0201737466010387e-05 0 0 0.00036058158380910757 0.00016003808239474894 -0.0001246681332331713 -4.0420092642307267e-05 -2.1852129250736016e-05 2.0905953630084314e-05 0 0 -0.00018948369137853242 0 -0.00014606245031410995 -0.00022497573634609579
leaf_weight=24 423 40 556 34 87 1227 15.999999999999998 28 91 23 1606 19 322 932 170 47 51 44 9.9999999999999982 18
leaf_count=24 423 40 556 34 87 1227 16 28 91 23 1606 19 322 932 170 47 51 44 10 18
internal_value=8.15556e-07 -1.23512e-05 -6.34999e-05 6.94461e-05 0.000306434 3.19216e-05 0.000119578 0.000227523 0.000259421 1.7191e-05 -0.00011521 -4.50384e-05 1.55451e-05 5.93388e-06 0 -0.000109465 -0.000127961 -0.000122608 0 -0.00012726
internal_weight=5768 5515 2611 704 253 2904 572 229 178 51 1907 247 1677 1254 189 132 98 1660 54 58
internal_count=5768 5515 2611 704 253 2904 572 229 178 51 1907 247 1677 1254 189 132 98 1660 54 58
is_linear=0
shrinkage=0.05


Tree=70
num_leaves=19
num_cat=0
split_feature=0 17 19 17 19 19 17 17 17 19 17 17 17 15 17 19 19 19
split_gain=0.00907471 0.00461526 0.00655144 0.00235037 0.00169313 0.000188932 0.000121425 0.000181947 0.000988657 4.45814e-05 0.000307405 7.90337e-05 6.63566e-05 4.18828e-05 3.88364e-05 2.40999e-05 4.93467e-06 5.19071e-06
threshold=2.5416666666666674 7.2226790386014175 0.59978846153846166 8.0497542698189957 0.4244134615384616 0.53667307692307709 6.9599592149906035 7.2133000484419894 7.200356359288631 0.51805769230769239 7.6666386962426545 7.6893425732886129 7.6318409637684832 13.650000000000002 7.1783939000347887 0.61517307692307699 0.91180769230769243 0.78680769230769243
decision_type=2 2 2 2 2 2 2 2 2 2 2 2 2 2 2 2 2 2
left_child=4 5 9 15 -1 6 -2 8 -8 -3 12 -12 -11 -6 -7 -4 17 -5
right_child=1 2 3 16 13 14 7 -9 -10 10 11 -13 -14 -15 -16 -17 -18 -19
leaf_value=0.000780795755982399 7.5851807621074837e-05 -0.00016779311927010506 0.00011591675775360976 -2.0883752737865251e-05 0.00024797315074536722 0.00010734220101626788 1.1097166952902723e-05 5.9518545460436613e-05 -0.00018973322683450534 -0.00010890799932754958 -0.00011955198842213236 -3.1244961706061772e-05 -2.630600201974024e-06 1.3651728580813277e-05 3.6496162283188831e-05 0 0 -0.00022548103544475702
leaf_weight=24 99 279 553 92 178 122 1361 154 63 38 1098 194 298 51 1105 19 11.999999999999998 28
leaf_count=24 99 279 553 92 178 122 1361 154 63 38 1098 194 298 51 1105 19 12 28
internal_value=7.69573e-07 -1.1816e-05 -6.06919e-05 6.52047e-05 0.000293768 3.0413e-05 1.47688e-05 7.72438e-06 0 -0.000109799 -9.66939e-05 -0.000110194 -2.97744e-05 0.000217813 4.76937e-05 0.000113517 -0.000105832 -0.000111414
internal_weight=5768 5515 2611 704 253 2904 1677 1578 1424 1907 1628 1292 336 229 1227 572 132 120
internal_count=5768 5515 2611 704 253 2904 1677 1578 1424 1907 1628 1292 336 229 1227 572 132 120
is_linear=0
shrinkage=0.05


Tree=71
num_leaves=17
num_cat=0
split_feature=0 17 19 17 19 12 19 19 12 19 17 17 17 19 19 19
split_gain=0.008316 0.00423911 0.00591509 0.00217341 0.00147116 0.000172718 0.000171323 0.000215935 6.77771e-05 0.000232305 1.36066e-05 0.00109485 0.000764685 0.000126673 3.14647e-06 1.12604e-06
threshold=2.5416666666666674 7.2226790386014175 0.59978846153846166 8.0497542698189957 0.4244134615384616 756.00000000000011 0.4970384615384616 0.47441346153846159 756.00000000000011 0.63055769230769243 7.6831204213495203 7.6673031450585656 7.6893425732886129 0.53667307692307709 0.91180769230769243 0.53667307692307709
decision_type=2 2 2 2 2 2 2 2 2 2 2 2 2 2 2 2
left_child=4 6 10 5 -1 -4 7 -2 9 -6 11 -3 -12 -14 -5 -8
right_child=1 2 3 14 8 -7 15 -9 -10 -11 12 -13 13 -15 -16 -17
leaf_value=0.00074331745803356177 3.0026953010644138e-05 -9.6242184250987654e-05 0.0001129476234477341 -0.00010801157396005791 0.00015220669828153947 0 1.9510558403709991e-05 -2.2117968170396154e-05 0.00035123501604391363 0 -0.00021649933614484643 0.00025532195065170528 -8.3121678427509638e-05 0 0 4.5518460801077539e-05
leaf_weight=24 423 1465 556 120 147 15.999999999999998 932 322 58 24 229 13.999999999999998 91 108 11.999999999999998 1227
leaf_count=24 423 1465 556 120 147 16 932 322 58 24 229 14 91 108 12 1227
internal_value=7.38158e-07 -1.12726e-05 -5.81421e-05 6.12425e-05 0.000281253 0.000107923 2.91523e-05 7.87298e-07 0.000208067 0.000128677 -0.000104844 -8.93657e-05 -0.000146345 -3.99353e-05 -0.000102736 3.66204e-05
internal_weight=5768 5515 2611 704 253 572 2904 745 229 171 1907 1479 428 199 132 2159
internal_count=5768 5515 2611 704 253 572 2904 745 229 171 1907 1479 428 199 132 2159
is_linear=0
shrinkage=0.05


Tree=72
num_leaves=19
num_cat=0
split_feature=1 17 19 17 19 13 19 19 19 19 19 17 17 13 17 19 19 19
split_gain=0.00762013 0.00384848 0.00532899 0.00197576 0.0012728 0.000160294 0.000155935 0.00019505 5.78739e-05 0.000393598 2.64686e-05 0.000268144 0.00015118 8.69128e-06 7.92312e-05 3.95477e-06 0.00025179 1.95246e-07
threshold=6.7534722222222232 7.2226790386014175 0.59978846153846166 8.0497542698189957 0.4244134615384616 9.4828921423310444 0.4970384615384616 0.47441346153846159 0.51805769230769239 0.63055769230769243 0.51805769230769239 7.6419255179732621 7.6318409637684832 9.4828921423310444 8.0529439743463929 0.43079807692307698 0.4458076923076924 0.65192307692307705
decision_type=2 2 2 2 2 2 2 2 2 2 2 2 2 2 2 2 2 2
left_child=4 6 10 5 -1 -4 7 15 -6 -10 -3 12 -12 -5 -15 -2 -17 -11
right_child=1 2 3 13 8 -7 -8 -9 9 17 11 -13 -14 14 -16 16 -18 -19
leaf_value=0.00070763841569423686 0 -0.0001539102180644737 0.00010731049953780973 0 5.7132642381311801e-05 0 3.4906612092864066e-05 -2.1015490708373855e-05 0.00032323558108979152 0 -9.8913566042215398e-05 -9.5953641669769993e-05 0 0 -0.00016947793341107452 0.00028630019165575503 2.0080675326642524e-06 4.2518617637041446e-06
leaf_weight=24 203 279 556 34 88 15.999999999999998 2159 322 94 21 38 1420 170 47 51 10.999999999999998 209 26
leaf_count=24 203 279 556 34 88 16 2159 322 94 21 38 1420 170 47 51 11 209 26
internal_value=7.7739e-07 -1.06824e-05 -5.53717e-05 5.7708e-05 0.000269327 0.000102443 2.7782e-05 4.13329e-07 0.000198774 0.000250938 -9.97458e-05 -8.73052e-05 -4.16266e-06 -9.78636e-05 -0.000114394 2.85291e-05 4.00783e-05 0
internal_weight=5768 5515 2611 704 253 572 2904 745 229 141 1907 1628 208 132 98 423 220 47
internal_count=5768 5515 2611 704 253 572 2904 745 229 141 1907 1628 208 132 98 423 220 47
is_linear=0
shrinkage=0.05


Tree=73
num_leaves=20
num_cat=0
split_feature=1 17 19 17 19 13 19 17 17 17 17 13 15 17 17 17 19 19 17
split_gain=0.00704021 0.00350941 0.00478824 0.00181503 0.00108145 0.000148411 0.000134005 0.0001209 0.000159602 0.000901291 4.2566e-05 3.64355e-05 0.000538715 1.98207e-05 0.000993891 0.000668649 0.000113995 5.0002e-06 1.20895e-05
threshold=6.7534722222222232 7.2226790386014175 0.56805769230769243 8.0497542698189957 0.4244134615384616 9.4828921423310444 0.53667307692307709 6.9599592149906035 7.2133000484419894 7.200356359288631 7.1783939000347887 9.4828921423310444 13.650000000000002 7.6831204213495203 7.6673031450585656 7.6893425732886129 0.53667307692307709 0.91180769230769243 8.0529439743463929
decision_type=2 2 2 2 2 2 2 2 2 2 2 2 2 2 2 2 2 2 2
left_child=4 6 13 5 -1 -4 7 -2 9 -9 -8 12 -6 14 -3 -15 -17 18 -5
right_child=1 2 3 17 11 -7 10 8 -10 -11 -12 -13 -14 15 -16 16 -18 -19 -20
leaf_value=0.00067367157638072975 7.1962583798449483e-05 -8.6764492009364224e-05 0.00010173815361488658 0 0.0001587268623471674 0 9.8030169142364741e-05 9.0310355821397385e-06 5.3858514492129609e-05 -0.00018295074831257808 3.0655416880631534e-05 0.00032430055393379626 0 -0.00020028946300685083 0.00024904387878874941 -7.4107731672246825e-05 0 0 -0.00012909869789271743
leaf_weight=24 99 1465 557 47 143 15.999999999999998 122 1361 154 63 1105 58 28 229 13.999999999999998 91 107 11.999999999999998 73
leaf_count=24 99 1465 557 47 143 16 122 1361 154 63 1105 58 28 229 14 91 107 12 73
internal_value=8.40332e-07 -1.01406e-05 -5.28462e-05 5.39862e-05 0.000258991 9.70348e-05 2.65399e-05 1.25958e-05 5.66149e-06 0 4.15005e-05 0.000191052 0.000115164 -9.49913e-05 -8.00413e-05 -0.000134783 -3.32702e-05 -9.46142e-05 -9.97143e-05
internal_weight=5768 5515 2611 705 253 573 2904 1677 1578 1424 1227 229 171 1906 1479 427 198 132 120
internal_count=5768 5515 2611 705 253 573 2904 1677 1578 1424 1227 229 171 1906 1479 427 198 132 120
is_linear=0
shrinkage=0.05


Tree=74
num_leaves=19
num_cat=0
split_feature=0 18 19 12 19 19 19 12 19 19 19 19 19 19 19 19 19 19
split_gain=0.00642913 0.00308873 0.004315 0.00161275 0.00093092 0.000689768 0.000412872 0.000399976 0.000389454 0.000241051 0.000250961 0.000100451 8.89014e-05 6.21577e-05 5.79184e-05 4.52102e-05 0.000326307 4.14525e-05
threshold=2.5416666666666674 2.5000000000000004 0.59978846153846166 756.00000000000011 0.4244134615384616 0.66167307692307709 0.78680769230769243 384.00000000000006 0.51805769230769239 0.53667307692307709 0.47441346153846159 0.52767307692307708 0.43079807692307698 0.4970384615384616 0.46442307692307699 0.51805769230769239 0.63055769230769243 0.4458076923076924
decision_type=2 2 2 2 2 2 2 2 2 2 2 2 2 2 2 2 2 2
left_child=4 9 8 7 -1 -5 -7 -4 14 10 12 -10 -2 -12 -3 -6 -17 -14
right_child=1 2 3 5 15 6 -8 -9 11 -11 13 -13 17 -15 -16 16 -18 -19
leaf_value=0.00064133535623550424 0 0 0 -0.00044071192418535551 4.6550171512566255e-05 1.7504491897852854e-05 -0.00016324331410367832 9.9545836517173018e-05 -1.0000916235483013e-05 4.24118299528854e-05 -2.1197454136689612e-05 -8.1869592743112187e-05 0.0002698798182730873 3.265754906402556e-06 -0.00017573307212912301 0.00029659169167280201 0 3.036616629270731e-05
leaf_weight=24 203 31 20 13.999999999999998 88 63 37 570 222 1236 322 1368 10.999999999999998 961 246 94 47 211
leaf_count=24 203 31 20 14 88 63 37 570 222 1236 322 1368 11 961 246 94 47 211
internal_value=9.20896e-07 -9.53358e-06 -5.02115e-05 5.07461e-05 0.000247637 -0.000101684 -8.21371e-07 8.87811e-05 -9.09636e-05 2.42977e-05 8.24651e-06 -7.49904e-05 4.17803e-05 0 -0.000164066 0.000182028 0.000230448 6.58125e-05
internal_weight=5768 5515 2571 704 253 114 100 590 1867 2944 1708 1590 425 1283 277 229 141 222
internal_count=5768 5515 2571 704 253 114 100 590 1867 2944 1708 1590 425 1283 277 229 141 222
is_linear=0
shrinkage=0.05


Tree=75
num_leaves=22
num_cat=0
split_feature=0 17 19 17 19 19 17 17 17 19 12 19 15 19 12 17 17 17 17 17 19
split_gain=0.00594856 0.0029479 0.00387853 0.00156697 0.000777534 0.000118948 0.000221755 0.000628862 0.000186185 0.000238675 0.000106835 4.41796e-05 2.61756e-05 0.00014154 0.000119237 2.59397e-05 1.39384e-05 0.000885821 0.000589547 6.70108e-05 8.03569e-06
threshold=2.5416666666666674 7.2226790386014175 0.59978846153846166 8.0497542698189957 0.4244134615384616 0.4970384615384616 7.200356359288631 7.2133000484419894 6.9599592149906035 0.47441346153846159 756.00000000000011 0.46442307692307699 13.650000000000002 0.51805769230769239 756.00000000000011 7.1459464135563868 7.6831204213495203 7.6673031450585656 7.6893425732886129 7.784864722929397 0.91180769230769243
decision_type=2 2 2 2 2 2 2 2 2 2 2 2 2 2 2 2 2 2 2 2 2
left_child=4 5 16 10 -1 8 15 -8 -2 11 -4 -10 13 -6 -14 -7 17 -3 -18 -20 -5
right_child=1 2 3 20 12 6 7 -9 9 -11 -12 -13 14 -15 -16 -17 18 -19 19 -21 -22
leaf_value=0.00061055136024951943 6.7764010210521526e-05 -7.8457858560406402e-05 9.1908512439719213e-05 -9.4948329881972771e-05 5.6500678712671451e-05 9.1065156852781045e-05 -0.00010080858664182217 5.1020727402740915e-05 0 -4.7641156314117181e-05 0 2.7896527809878955e-05 0 0.00027952433806722581 0.00011144759987170497 3.0417847199796953e-05 -0.00018518177918462164 0.00023768857462952531 0 -4.7423099803388227e-05 0
leaf_weight=24 99 1465 556 120 87 122 114 154 197 242 15.999999999999998 207 28 91 23 1769 229 13.999999999999998 59 140 11.999999999999998
leaf_count=24 99 1465 556 120 87 122 114 154 197 242 16 207 28 91 23 1769 229 14 59 140 12
internal_value=9.75823e-07 -9.04677e-06 -4.82469e-05 4.75097e-05 0.000238313 2.44815e-05 3.07203e-05 0 0 -3.11182e-06 8.80067e-05 1.12678e-05 0.000175077 0.000199376 0 3.70193e-05 -8.62239e-05 -7.19283e-05 -0.000123686 -2.73473e-05 -8.97259e-05
internal_weight=5768 5515 2611 704 253 2904 2159 268 745 646 572 404 229 178 51 1891 1907 1479 428 199 132
internal_count=5768 5515 2611 704 253 2904 2159 268 745 646 572 404 229 178 51 1891 1907 1479 428 199 132
is_linear=0
shrinkage=0.05


Tree=76
num_leaves=19
num_cat=0
split_feature=1 17 19 17 19 15 17 17 17 17 19 19 12 12 15 17 12 17
split_gain=0.00548294 0.00268109 0.00349267 0.00142241 0.000647001 0.000338619 0.000451301 0.000479203 0.000173125 0.00063133 0.000104994 0.000160008 9.868e-05 1.64181e-05 0.000435554 1.58756e-05 1.16732e-05 4.66448e-05
threshold=6.7534722222222232 7.2226790386014175 0.56805769230769243 8.0497542698189957 0.4244134615384616 12.800000000000002 7.6673031450585656 7.6419255179732621 7.6503990045026331 7.6419255179732621 0.4970384615384616 0.47441346153846159 756.00000000000011 756.00000000000011 13.650000000000002 7.6893425732886129 756.00000000000011 8.0529439743463929
decision_type=2 2 2 2 2 2 2 2 2 2 2 2 2 2 2 2 2 2
left_child=4 10 5 12 -1 6 7 -3 9 -7 11 -2 -4 14 -6 -10 -5 -18
right_child=1 2 3 16 13 8 -8 -9 15 -11 -12 -13 -14 -15 -16 -17 17 -19
leaf_value=0.00058124479949474338 2.5743974399102746e-05 0 8.7133407650459539e-05 0 0.00013653042150609611 -9.7350386949058741e-05 0.00022659644515564046 -0.00018407761169921444 -0.00010065626076581104 0.00022574063330102945 2.9301657410946467e-05 -1.91953458377065e-05 0 0.00028909988417211228 0 -2.572867757261698e-05 0 -0.00014654689008938686
leaf_weight=24 423 189 557 34 143 58 13.999999999999998 45 1383 19 2159 322 15.999999999999998 58 28 198 47 51
leaf_count=24 423 189 557 34 143 58 14 45 1383 19 2159 322 16 58 28 198 47 51
internal_value=1.0724e-06 -8.51457e-06 -4.59316e-05 4.46054e-05 0.000228949 -8.20476e-05 -3.24332e-06 -3.91767e-05 -9.0812e-05 0 2.34103e-05 0 8.33715e-05 0.000167921 9.63084e-05 -9.44553e-05 -8.54425e-05 -0.000100511
internal_weight=5768 5515 2611 705 253 1906 248 234 1658 77 2904 745 573 229 171 1581 132 98
internal_count=5768 5515 2611 705 253 1906 248 234 1658 77 2904 745 573 229 171 1581 132 98
is_linear=0
shrinkage=0.05


Tree=77
num_leaves=20
num_cat=0
split_feature=0 17 17 17 17 17 12 17 12 17 15 17 12 17 17 10 17 17 17
split_gain=0.00501922 0.00243597 0.00274195 0.00226541 0.000584323 0.000749434 0.000316701 0.000445805 0.000216309 0.000643408 0.000287725 0.000214999 0.000170051 9.54755e-05 8.77166e-06 4.97307e-06 7.63465e-05 1.32557e-05 9.37518e-05
threshold=2.5416666666666674 7.2226790386014175 7.6893425732886129 8.1868831544556162 7.6831204213495203 7.6673031450585656 384.00000000000006 8.0497542698189957 1.0000000180025095e-35 7.8479119156778632 12.800000000000002 8.0529439743463929 384.00000000000006 8.8268973485822873 7.9877857129513661 12.000000000000002 6.9599592149906035 7.1783939000347887 7.115355359154643
decision_type=2 2 2 2 2 2 2 2 2 2 2 2 2 2 2 2 2 2 2
left_child=8 15 4 6 5 -3 11 -8 -1 10 -10 -4 -5 -14 -11 -2 -17 18 -18
right_child=1 2 3 12 -6 -7 7 -9 9 14 -12 -13 13 -15 -16 16 17 -19 -20
leaf_value=5.9976525811685455e-05 0 -7.0464562949292442e-05 -5.9208233012921281e-05 -0.00045943378792366103 -0.00017095201133175263 0.00021602191527684531 8.0118411652473442e-05 -3.3689149588878628e-06 0.0001112815109943902 0 0.00050070989910247076 6.3654821108471835e-05 0 -0.00012635925888187353 4.0946800810550993e-05 8.6040462388748136e-05 1.7517534206529417e-05 2.1127489821929226e-05 -2.7946952638876997e-05
leaf_weight=89 9.9999999999999982 1473 98 20 229 13.999999999999998 619 69 53 29 55 46 26 17 27 91 465 2222 116
leaf_count=89 10 1473 98 20 229 14 619 69 53 29 55 46 26 17 27 91 465 2222 116
internal_value=9.98718e-07 -8.13622e-06 -4.38315e-05 2.283e-05 -8.15046e-05 -6.42637e-05 4.99013e-05 6.44958e-05 0.000219059 0.000274201 0.000358247 0 -0.000251752 -3.32727e-05 2.09497e-05 2.22404e-05 2.2375e-05 1.84949e-05 0
internal_weight=5768 5515 2611 895 1716 1487 832 688 253 164 108 144 63 43 56 2904 2894 2803 581
internal_count=5768 5515 2611 895 1716 1487 832 688 253 164 108 144 63 43 56 2904 2894 2803 581
is_linear=0
shrinkage=0.05


Tree=78
num_leaves=22
num_cat=0
split_feature=0 17 17 17 17 17 12 17 17 12 17 15 17 7 17 17 17 12 17 17 17
split_gain=0.00466152 0.00221893 0.00244596 0.00209378 0.000515836 0.000690877 0.000283091 0.000414615 0.000194324 0.000175372 0.000545244 0.000192987 0.0001263 8.4612e-05 0.000206788 0.000162084 0.00235238 7.39094e-05 5.91681e-05 0.000189785 7.90955e-06
threshold=2.5416666666666674 7.2226790386014175 7.6893425732886129 8.1868831544556162 7.6831204213495203 7.6673031450585656 384.00000000000006 8.0497542698189957 8.0529439743463929 1.0000000180025095e-35 7.8479119156778632 12.800000000000002 8.6973007686733208 10.500000000000002 7.200356359288631 7.200356359288631 7.2133000484419894 384.00000000000006 7.115355359154643 7.1783939000347887 7.9877857129513661
decision_type=2 2 2 2 2 2 2 2 2 2 2 2 2 2 2 2 2 2 2 2 2
left_child=9 13 4 6 5 -3 8 -8 -4 -1 11 -11 17 15 -15 18 -17 -5 -2 -20 -12
right_child=1 2 3 12 -6 -7 7 -9 -10 10 20 -13 -14 14 -16 16 -18 -19 19 -21 -22
leaf_value=5.7011060209737878e-05 0.00016019413677545693 -6.6943730456264336e-05 -5.627776467890451e-05 -0.00011177392402554258 -0.00016244158483586153 0.00020594088702152171 7.6118973110081452e-05 -3.2028895802795846e-06 6.0539805687012824e-05 0.00010582045617478864 0 0.00047612147472266643 -0.00042979909784414557 2.1716339277573802e-05 0.00013287084600464865 -0.00031677835604600744 4.5980958207961053e-05 0 -4.2444271298046124e-05 2.2907324368797477e-05 3.8972568664965878e-05
leaf_weight=89 11.999999999999998 1473 98 15.999999999999998 229 13.999999999999998 619 69 46 53 29 55 21 1823 65 56 154 26 93 701 27
leaf_count=89 12 1473 98 16 229 14 619 69 46 53 29 55 21 1823 65 56 154 26 93 701 27
internal_value=1.04387e-06 -7.7275e-06 -4.18259e-05 2.08685e-05 -7.74301e-05 -6.08777e-05 4.7111e-05 6.09137e-05 0 0.000211208 0.000263733 0.000342909 -0.000242895 2.12132e-05 2.82584e-05 3.19015e-06 -2.8101e-05 -2.53416e-05 1.75634e-05 8.91972e-06 1.99799e-05
internal_weight=5768 5515 2611 895 1716 1487 832 688 144 253 164 108 63 2904 1888 1016 210 42 806 794 56
internal_count=5768 5515 2611 895 1716 1487 832 688 144 253 164 108 63 2904 1888 1016 210 42 806 794 56
is_linear=0
shrinkage=0.05


Tree=79
num_leaves=18
num_cat=0
split_feature=0 17 19 17 19 15 19 17 17 17 19 19 12 12 15 19 19
split_gain=0.00433196 0.00202768 0.00254859 0.00110876 0.000368451 0.000300591 0.000636301 0.00169264 0.000319137 0.000433641 0.000100269 0.000131411 7.99148e-05 2.23588e-05 7.26396e-06 4.06229e-06 0.000194414
threshold=2.5416666666666674 7.2226790386014175 0.59978846153846166 8.0497542698189957 0.4244134615384616 12.800000000000002 0.52767307692307708 7.6503990045026331 7.6673031450585656 7.6419255179732621 0.4970384615384616 0.47441346153846159 756.00000000000011 756.00000000000011 13.650000000000002 0.43079807692307698 0.4458076923076924
decision_type=2 2 2 2 2 2 2 2 2 2 2 2 2 2 2 2 2
left_child=4 10 5 12 -1 8 -7 -8 9 -3 11 15 -4 -5 -6 -2 -17
right_child=1 2 3 13 14 6 7 -9 -10 -11 -12 -13 -14 -15 -16 16 -18
leaf_value=0.00050645716786384585 0 0 7.5174663834527979e-05 0 0.00016830952999353742 -0.0001591935579466729 0.00028776925449321801 -6.9817904006965733e-05 0.00019633031326035658 -0.00016835275490808746 2.5916141721407054e-05 -1.9459134288890512e-05 0 -9.1758539924877836e-05 0 0.00024193881389995413 0
leaf_weight=24 203 189 556 34 178 282 28 1349 13.999999999999998 45 2159 322 15.999999999999998 98 51 10.999999999999998 209
leaf_count=24 203 189 556 34 178 282 28 1349 14 45 2159 322 16 98 51 11 209
internal_value=1.13097e-06 -7.29266e-06 -3.99199e-05 3.67797e-05 0.000203744 -7.08597e-05 -7.8892e-05 -5.87147e-05 0 -3.05731e-05 2.03251e-05 0 7.1727e-05 -7.64654e-05 0.000148215 2.20538e-05 3.12903e-05
internal_weight=5768 5515 2611 704 253 1907 1659 1377 248 234 2904 745 572 132 229 423 220
internal_count=5768 5515 2611 704 253 1907 1659 1377 248 234 2904 745 572 132 229 423 220
is_linear=0
shrinkage=0.05


Tree=80
num_leaves=22
num_cat=0
split_feature=0 17 19 17 19 15 19 17 17 17 19 17 17 17 19 12 19 19 17 19 12
split_gain=0.003981 0.00183991 0.00228696 0.00101173 0.000290645 0.000272848 0.000563779 0.00154257 0.000289034 0.000392893 8.53318e-05 0.000176699 0.000528706 0.000141383 0.00018535 7.42383e-05 3.99477e-05 0.000142619 3.72886e-05 3.54425e-05 1.70668e-05
threshold=2.5416666666666674 7.2226790386014175 0.59978846153846166 8.0497542698189957 0.4244134615384616 12.800000000000002 0.52767307692307708 7.6503990045026331 7.6673031450585656 7.6419255179732621 0.4970384615384616 7.200356359288631 7.2133000484419894 6.9599592149906035 0.47441346153846159 756.00000000000011 0.51805769230769239 0.63055769230769243 7.1459464135563868 0.46442307692307699 756.00000000000011
decision_type=2 2 2 2 2 2 2 2 2 2 2 2 2 2 2 2 2 2 2 2 2
left_child=4 10 5 15 -1 8 -7 -8 9 -3 13 18 -13 -2 19 -4 -6 -18 -12 -15 -5
right_child=1 2 3 20 16 6 7 -9 -10 -11 11 12 -14 14 -16 -17 17 -19 -20 -21 -22
leaf_value=0.00048214721977710726 5.8559975924436004e-05 0 7.1422732861535355e-05 0 2.0321063864766879e-05 -0.00015126200788983477 0.00027387693860560079 -6.6329591792439009e-05 0.00018716821012397606 -0.00016011810497097348 8.1864728751342475e-05 -9.5233846617781592e-05 4.2409299932900937e-05 0 -4.3192780557483316e-05 0 0.00023028478644003997 0 2.4005853505226349e-05 2.2909321616260479e-05 -8.7216958692273828e-05
leaf_weight=24 99 189 556 34 88 282 28 1349 13.999999999999998 45 122 114 154 197 242 15.999999999999998 94 47 1769 207 98
leaf_count=24 99 189 556 34 88 282 28 1349 14 45 122 114 154 197 242 16 94 47 1769 207 98
internal_value=1.20534e-06 -6.83313e-06 -3.79474e-05 3.44531e-05 0.000195453 -6.72998e-05 -7.49456e-05 -5.55896e-05 0 -2.89612e-05 1.94241e-05 2.4621e-05 0 0 -4.03438e-06 6.80798e-05 0.000141702 0.00018157 3.04227e-05 7.12494e-06 -7.30849e-05
internal_weight=5768 5515 2611 704 253 1907 1659 1377 248 234 2904 2159 268 745 646 572 229 141 1891 404 132
internal_count=5768 5515 2611 704 253 1907 1659 1377 248 234 2904 2159 268 745 646 572 229 141 1891 404 132
is_linear=0
shrinkage=0.05


Tree=81
num_leaves=23
num_cat=0
split_feature=0 17 19 17 15 17 17 19 17 17 19 17 17 17 19 15 19 17 12 19 19 12
split_gain=0.00369826 0.00167147 0.00205162 0.000923477 0.000247729 0.000261748 0.000356 0.000211252 0.000124547 0.000444448 7.5667e-05 0.000160648 0.00047757 0.000127268 0.000167315 7.36213e-05 3.2501e-05 2.80131e-05 1.57988e-05 0.000117213 1.2843e-05 3.25805e-06
threshold=2.5416666666666674 7.2226790386014175 0.59978846153846166 8.0497542698189957 12.800000000000002 7.6673031450585656 7.6419255179732621 0.4244134615384616 7.6503990045026331 7.6419255179732621 0.4970384615384616 7.200356359288631 7.2133000484419894 6.9599592149906035 0.47441346153846159 13.650000000000002 0.46442307692307699 7.1459464135563868 384.00000000000006 0.63055769230769243 0.91180769230769243 756.00000000000011
decision_type=2 2 2 2 2 2 2 2 2 2 2 2 2 2 2 2 2 2 2 2 2 2
left_child=7 10 4 15 5 6 -3 -1 9 -6 13 17 -13 -2 16 -4 -15 -12 -9 -20 21 -5
right_child=1 2 3 20 8 -7 -8 18 -10 -11 11 12 -14 14 -16 -17 -18 -19 19 -21 -22 -23
leaf_value=0.00045900424122810368 5.566122891032137e-05 0 4.9510413053108378e-05 0 -7.7203329794613994e-05 0.00017843374703079462 -0.00015228623989969493 2.2637232016491631e-05 -7.4244288724368526e-05 0.00019486663471616339 7.7804771660849818e-05 -9.051353634213625e-05 4.0302512851814111e-05 0 -4.1042029332568863e-05 0.00027483386613312176 2.1769371367274566e-05 2.2806242449040721e-05 0.00022427043754730255 0 0 -8.7531859870068729e-05
leaf_weight=24 99 189 557 31 58 13.999999999999998 45 92 1582 19 122 114 154 197 242 14.999999999999998 207 1769 90 47 11.999999999999998 89
leaf_count=24 99 189 557 31 58 14 45 92 1582 19 122 114 154 197 242 15 207 1769 90 47 12 89
internal_value=1.33244e-06 -6.38289e-06 -3.60736e-05 3.22429e-05 -6.3918e-05 0 -2.74282e-05 0.000188562 -7.11966e-05 0 1.85942e-05 2.35069e-05 0 0 -3.59308e-06 6.46146e-05 6.53948e-06 2.90365e-05 0.000136608 0.000176192 -6.98716e-05 -7.50437e-05
internal_weight=5768 5515 2611 704 1907 248 234 253 1659 77 2904 2159 268 745 646 572 404 1891 229 137 132 120
internal_count=5768 5515 2611 704 1907 248 234 253 1659 77 2904 2159 268 745 646 572 404 1891 229 137 132 120
is_linear=0
shrinkage=0.05


Tree=82
num_leaves=16
num_cat=0
split_feature=0 17 17 17 17 17 13 13 13 13 17 17 17 10 17
split_gain=0.00343749 0.00151246 0.00165464 0.00177575 0.000451645 0.000495348 0.000213242 0.00017387 0.000226906 7.78247e-05 5.25115e-05 8.18513e-06 0.000126065 1.01686e-05 2.18856e-07
threshold=2.5416666666666674 7.2226790386014175 7.6893425732886129 8.1868831544556162 7.6831204213495203 7.6673031450585656 8.5000000000000018 9.4828921423310444 8.5000000000000018 1.0000000180025095e-35 8.8268973485822873 7.115355359154643 7.1459464135563868 12.000000000000002 7.1783939000347887
decision_type=2 2 2 2 2 2 2 2 2 2 2 2 2 2 2
left_child=9 11 4 7 5 -3 -5 8 -4 -1 -8 13 -13 -2 -14
right_child=1 2 3 6 -6 -7 10 -9 -10 -11 -12 12 14 -15 -16
leaf_value=4.3512859899136759e-05 0 -5.3654192287217085e-05 0 -0.00042519714439376484 -0.00014191052048345622 0.00017010683380067347 0 0 6.2455703751766129e-05 0.00022614876883612439 -8.7511147786345739e-05 -2.9571790491109309e-05 0 3.3488624915856823e-05 1.6117706079810215e-05
leaf_weight=89 9.9999999999999982 1473 144 20 229 13.999999999999998 26 69 619 164 17 91 25 556 2222
leaf_count=89 10 1473 144 20 229 14 26 69 619 164 17 91 25 556 2222
internal_value=1.50217e-06 -5.90368e-06 -3.41847e-05 1.66111e-05 -6.35842e-05 -4.80744e-05 -0.000226043 4.12369e-05 4.9224e-05 0.000182011 -1.22185e-05 1.78058e-05 1.20961e-05 3.25096e-05 1.60202e-05
internal_weight=5768 5515 2611 895 1716 1487 63 832 763 253 43 2904 2338 566 2247
internal_count=5768 5515 2611 895 1716 1487 63 832 763 253 43 2904 2338 566 2247
is_linear=0
shrinkage=0.05


Tree=83
num_leaves=18
num_cat=0
split_feature=0 18 19 12 19 19 19 12 15 19 19 19 19 15 19 15 19
split_gain=0.00313995 0.00133506 0.00168068 0.00080459 0.000837672 0.000301571 0.00024438 0.000212398 0.00020361 0.000157129 0.000154088 0.000190254 7.60438e-05 6.64447e-05 3.43219e-05 1.83067e-05 1.22834e-05
threshold=2.5416666666666674 2.5000000000000004 0.59978846153846166 756.00000000000011 0.66167307692307709 0.51805769230769239 0.78680769230769243 384.00000000000006 12.800000000000002 0.4244134615384616 0.53667307692307709 0.47441346153846159 0.43079807692307698 12.800000000000002 0.4970384615384616 13.650000000000002 0.4458076923076924
decision_type=2 2 2 2 2 2 2 2 2 2 2 2 2 2 2 2 2
left_child=9 10 5 7 -5 8 -6 -4 -3 -1 11 12 -2 -7 -13 -11 -14
right_child=1 2 3 4 6 13 -8 -9 -10 15 -12 14 16 -15 -16 -17 -18
leaf_value=0.00042611678242683408 0 0 0 -0.00042799640943606696 3.5111056768073467e-05 0 -0.0001183273190001369 6.568315386733012e-05 -0.00013323863732188734 0.0001415133701543735 3.0425875841074519e-05 -1.7508351914952263e-05 0.00022407988862444954 -4.9249185475194586e-05 0 0 2.1305107116207197e-05
leaf_weight=24 203 26 20 13.999999999999998 63 222 37 570 251 178 1236 322 10.999999999999998 1368 961 51 211
leaf_count=24 203 26 20 14 63 222 37 570 251 178 1236 322 11 1368 961 51 211
internal_value=1.39623e-06 -5.64319e-06 -3.26266e-05 2.85467e-05 -7.5385e-05 -5.83731e-05 0 5.71823e-05 -0.00011942 0.000173947 1.62267e-05 3.01399e-06 3.34956e-05 -4.45268e-05 -3.20733e-06 0.000124042 5.47338e-05
internal_weight=5768 5515 2571 704 114 1867 100 590 277 253 2944 1708 425 1590 1283 229 222
internal_count=5768 5515 2571 704 114 1867 100 590 277 253 2944 1708 425 1590 1283 229 222
is_linear=0
shrinkage=0.05


Tree=84
num_leaves=17
num_cat=0
split_feature=2 17 16 19 17 19 17 17 17 19 12 17 19 17 12 12
split_gain=0.00289145 0.00126665 0.00101177 0.00160931 0.000285666 0.000267014 0.000508613 0.000158225 0.000188218 0.000118481 0.000346245 7.88317e-05 7.00908e-05 6.2037e-05 2.98527e-05 2.85965e-06
threshold=30.500000000000004 8.6973007686733208 2.5000000000000004 0.59978846153846166 7.6419255179732621 0.53667307692307709 7.2226790386014175 8.1868831544556162 7.200356359288631 0.63055769230769243 1.0000000180025095e-35 6.9599592149906035 0.72430769230769243 7.6831204213495203 384.00000000000006 384.00000000000006
decision_type=2 2 2 2 2 2 2 2 2 2 2 2 2 2 2 2
left_child=9 2 3 4 15 6 11 8 -7 10 -1 -4 -9 -6 -8 -2
right_child=1 -3 5 -5 13 7 14 12 -10 -11 -12 -13 -14 -15 -16 -17
leaf_value=3.4364275427328214e-05 -1.7241984605789045e-06 -0.00038599061737345022 5.0850186485331506e-05 4.0843219739989146e-05 -4.4646888224684483e-05 2.1671700309245635e-05 0 -0.00011236314927893024 8.9606803099317404e-05 0 0.00026260238495986847 4.6502416593655345e-08 0 -9.5338002791007376e-05 -0.00020693516607085867 6.4389493142129376e-06
leaf_weight=89 19 21 99 557 1232 1169 20 12.999999999999998 205 47 117 1578 29 374 29 170
leaf_count=89 19 21 99 557 1232 1169 20 13 205 47 117 1578 29 374 29 170
internal_value=1.37188e-06 -5.34762e-06 -2.91277e-06 -2.84506e-05 -5.27477e-05 1.46162e-05 0 3.07399e-05 3.55017e-05 0.000166976 0.000188792 6.0539e-06 -5.96462e-06 -5.9615e-05 -0.000155566 0
internal_weight=5768 5515 5494 2352 1795 3142 1726 1416 1374 253 206 1677 42 1606 49 189
internal_count=5768 5515 5494 2352 1795 3142 1726 1416 1374 253 206 1677 42 1606 49 189
is_linear=0
shrinkage=0.05


Tree=85
num_leaves=22
num_cat=0
split_feature=0 17 19 17 15 17 17 15 17 17 19 19 17 17 17 19 19 12 17 19 12
split_gain=0.00266334 0.00116554 0.00136506 0.000712165 0.000176171 0.00021202 0.000310643 0.000135866 0.000114114 0.000395318 9.96799e-05 6.25204e-05 0.000136136 0.000458569 9.78612e-05 0.000143184 2.65939e-05 2.584e-05 2.07761e-05 1.60832e-05 4.93572e-06
threshold=2.5416666666666674 7.2226790386014175 0.59978846153846166 8.0497542698189957 12.800000000000002 7.6673031450585656 7.6419255179732621 13.650000000000002 7.6503990045026331 7.6419255179732621 0.4244134615384616 0.4970384615384616 7.200356359288631 7.2133000484419894 6.9599592149906035 0.47441346153846159 0.46442307692307699 756.00000000000011 7.1459464135563868 0.91180769230769243 756.00000000000011
decision_type=2 2 2 2 2 2 2 2 2 2 2 2 2 2 2 2 2 2 2 2 2
left_child=10 11 4 7 5 6 -3 -4 9 -6 -1 14 18 -14 -2 16 -16 -12 -13 20 -5
right_child=1 2 3 19 8 -7 -8 -9 -10 -11 17 12 13 -15 15 -17 -18 -19 -20 -21 -22
leaf_value=0.00039305831789970401 4.8333100977470166e-05 0 3.8804675462425403e-05 0 -6.4604850841086287e-05 0.00016425204494347173 -0.00014002925736586683 0.00027104621050966671 -6.1805239650323778e-05 0.00019261914008529858 5.0227280136273606e-05 6.970164012088161e-05 -8.9854176156222825e-05 3.7497389836296921e-05 0 -3.858808489370739e-05 1.8817481110230661e-05 0.00020774818996314778 1.9329807718447544e-05 0 -8.1117836512728704e-05
leaf_weight=24 99 189 557 31 58 13.999999999999998 45 14.999999999999998 1582 19 171 122 114 154 197 242 207 58 1769 11.999999999999998 89
leaf_count=24 99 189 557 31 58 14 45 15 1582 19 171 122 114 154 197 242 207 58 1769 12 89
internal_value=1.37033e-06 -5.04301e-06 -2.99553e-05 2.48478e-05 -5.28098e-05 0 -2.30973e-05 5.40833e-05 -5.89139e-05 0 0.000160326 1.56372e-05 2.00305e-05 0 0 -4.13156e-06 4.20687e-06 0.000112592 2.52574e-05 -6.36994e-05 -6.92265e-05
internal_weight=5768 5515 2611 704 1907 248 234 572 1659 77 253 2904 2159 268 745 646 404 229 1891 132 120
internal_count=5768 5515 2611 704 1907 248 234 572 1659 77 253 2904 2159 268 745 646 404 229 1891 132 120
is_linear=0
shrinkage=0.05


Tree=86
num_leaves=16
num_cat=0
split_feature=0 17 15 17 17 17 12 12 12 17 17 6 12 12 17
split_gain=0.00246427 0.00114086 0.000860864 0.00113326 0.00045116 0.000368004 0.000288863 0.000253136 0.000127623 8.43121e-05 0.000141758 2.78286e-05 0.000238559 3.30447e-05 1.61309e-05
threshold=2.5416666666666674 8.4655176533823031 13.650000000000002 7.6893425732886129 7.6831204213495203 7.6673031450585656 384.00000000000006 1756.0000000000002 1128.0000000000002 7.2226790386014175 8.0529439743463929 7.5000000000000009 1.0000000180025095e-35 756.00000000000011 7.115355359154643
decision_type=2 2 2 2 2 2 2 2 2 2 2 2 2 2 2
left_child=11 2 3 4 5 -2 -5 -3 9 14 -11 12 -1 -13 -4
right_child=1 7 8 6 -6 -7 -8 -9 -10 10 -12 13 -14 -15 -16
leaf_value=3.0181846477919152e-05 -3.9099022552281067e-05 -0.00038646817575984944 2.9329665256105693e-05 -3.5623510914814214e-05 -0.00012362164270092289 0.00015658692332605519 3.9982752885145982e-05 0 0.00020701944828033447 -5.3019822367987647e-05 6.5545106424425493e-06 0 0.0002402833975122675 5.8669867770125461e-05 9.3705253994117044e-06
leaf_weight=89 1407 23 566 91 229 13.999999999999998 611 12.999999999999998 10.999999999999998 126 86 27 114 23 2338
leaf_count=89 1407 23 566 91 229 14 611 13 11 126 86 27 114 23 2338
internal_value=1.50695e-06 -4.62755e-06 -1.8385e-06 -2.54754e-05 -4.91433e-05 -3.35461e-05 2.30328e-05 -0.000282448 1.43442e-05 1.19937e-05 -5.46139e-06 0.000154406 0.000173279 0 1.49906e-05
internal_weight=5768 5515 5479 2352 1650 1421 702 36 3127 3116 212 253 203 50 2904
internal_count=5768 5515 5479 2352 1650 1421 702 36 3127 3116 212 253 203 50 2904
is_linear=0
shrinkage=0.05


Tree=87
num_leaves=16
num_cat=0
split_feature=0 17 15 19 19 19 17 17 19 19 17 19 17 19 13
split_gain=0.00226778 0.00104694 0.000783542 0.00119606 0.000472504 0.000273842 0.000428724 0.000230103 9.96446e-05 8.26556e-05 0.000184641 6.43941e-05 6.40197e-05 2.53362e-05 4.44615e-06
threshold=2.5416666666666674 8.4655176533823031 13.650000000000002 0.59978846153846166 0.91180769230769243 0.53667307692307709 7.2226790386014175 7.6419255179732621 0.63055769230769243 0.78680769230769243 7.200356359288631 0.53667307692307709 6.9599592149906035 0.51805769230769239 8.5000000000000018
decision_type=2 2 2 2 2 2 2 2 2 2 2 2 2 2 2
left_child=8 2 3 7 -3 6 12 14 -1 10 -7 -9 -4 -8 -2
right_child=1 4 5 -5 -6 9 13 11 -10 -11 -12 -13 -14 -15 -16
leaf_value=0.00016781102973913804 0 -0.00038666624163922211 4.4488780305255203e-05 3.4872473661510751e-05 0 1.8788574368923778e-05 0 -8.4939499528179232e-05 0 0 8.2957005401553322e-05 -3.7100152768031e-05 0 -0.00019124814867973328 8.0623936550746173e-06
leaf_weight=206 19 25 99 557 10.999999999999998 1169 20 378 47 9.9999999999999982 222 1228 1578 29 170
leaf_count=206 19 25 99 557 11 1169 20 378 47 10 222 1228 1578 29 170
internal_value=1.53064e-06 -4.31788e-06 -1.6079e-06 -2.42016e-05 -0.000270436 1.379e-05 0 -4.53258e-05 0.000148219 3.02089e-05 3.26739e-05 -5.15172e-05 4.751e-06 -0.000143801 0
internal_weight=5768 5515 5479 2352 36 3127 1726 1795 253 1401 1391 1606 1677 49 189
internal_count=5768 5515 5479 2352 36 3127 1726 1795 253 1401 1391 1606 1677 49 189
is_linear=0
shrinkage=0.05


Tree=88
num_leaves=17
num_cat=0
split_feature=1 18 19 12 18 19 12 16 19 19 19 19 12 19 16 19
split_gain=0.00206339 0.000870339 0.00104181 0.000597715 0.000866502 0.000263155 0.000166376 0.000153454 0.000136903 0.000102202 0.000167568 7.36221e-05 0.000231694 7.30918e-05 3.68169e-05 3.55123e-05
threshold=6.7534722222222232 2.5000000000000004 0.59978846153846166 756.00000000000011 4.5000000000000009 0.51805769230769239 384.00000000000006 1.5000000000000002 0.78680769230769243 0.53667307692307709 0.47441346153846159 0.63055769230769243 1.0000000180025095e-35 0.43079807692307698 1.5000000000000002 0.4970384615384616
decision_type=2 2 2 2 2 2 2 2 2 2 2 2 2 2 2 2
left_child=11 9 5 6 -5 7 -4 -3 -6 10 13 12 -1 -2 -7 -12
right_child=1 2 3 4 8 14 -8 -9 -10 -11 15 -13 -14 -15 -16 -17
leaf_value=2.0392058831122185e-05 0 0 0 -0.00042310293872530264 2.9883487495681035e-05 0 5.4648015762299251e-05 -0.00011408553217604225 -8.6618453160075372e-05 2.5055183825386496e-05 -1.8145647843335191e-05 0 0.00022180628694467628 5.1480115228436989e-05 -3.7091686894183122e-05 0
leaf_weight=89 203 26 20 13.999999999999998 63 222 570 251 37 1236 322 47 117 222 1368 961
leaf_count=89 203 26 20 14 63 222 570 251 37 1236 322 47 117 222 1368 961
internal_value=1.46762e-06 -4.07044e-06 -2.60046e-05 2.11041e-05 -6.71783e-05 -4.64466e-05 4.67071e-05 -0.00010207 0 1.33892e-05 2.01169e-06 0.000141414 0.000159461 3.09575e-05 -3.35555e-05 -3.69933e-06
internal_weight=5768 5515 2571 704 114 1867 590 277 100 2944 1708 253 206 425 1590 1283
internal_count=5768 5515 2571 704 114 1867 590 277 100 2944 1708 253 206 425 1590 1283
is_linear=0
shrinkage=0.05


Tree=89
num_leaves=13
num_cat=0
split_feature=0 17 15 17 17 17 12 12 12 12 17 12
split_gain=0.00190685 0.000925075 0.000652894 0.000844801 0.000402423 0.000323897 0.000214384 0.000213846 0.000124128 7.45116e-05 2.60392e-05 7.47189e-06
threshold=2.5416666666666674 8.4655176533823031 13.650000000000002 7.6893425732886129 7.6831204213495203 7.6673031450585656 1756.0000000000002 384.00000000000006 1128.0000000000002 756.00000000000011 7.115355359154643 1.0000000180025095e-35
decision_type=2 2 2 2 2 2 2 2 2 2 2 2
left_child=11 2 3 4 5 -2 -3 -5 9 10 -4 -1
right_child=1 6 8 7 -6 -7 -8 -9 -10 -11 -12 -13
leaf_value=1.9383837986323565e-05 -3.3187744445306391e-05 -0.00034900336681554719 2.7317638524682336e-05 -2.7617254679131767e-05 -0.00011236281632243293 0.00015324337283770243 0 3.4396560243300462e-05 0.00019983890805936726 -1.9708448867090302e-05 7.3443367187985307e-06 0.00016840246558245836
leaf_weight=89 1407 23 566 91 229 13.999999999999998 12.999999999999998 611 10.999999999999998 72 2478 164
leaf_count=89 1407 23 566 91 229 14 13 611 11 72 2478 164
internal_value=1.39094e-06 -3.89895e-06 -1.29711e-06 -2.19988e-05 -4.2564e-05 -2.77283e-05 -0.000254012 1.92175e-05 1.26774e-05 1.03487e-05 1.2708e-05 0.000135949
internal_weight=5768 5515 5479 2352 1650 1421 36 702 3127 3116 3044 253
internal_count=5768 5515 5479 2352 1650 1421 36 702 3127 3116 3044 253
is_linear=0
shrinkage=0.05


Tree=90
num_leaves=13
num_cat=0
split_feature=1 17 15 17 17 12 17 12 17 17 6 17
split_gain=0.00174705 0.000857454 0.000625448 0.000758823 0.000358303 0.000302648 0.000298629 0.000196681 0.000118335 0.000237101 2.63756e-05 2.15185e-05
threshold=6.7534722222222232 8.1868831544556162 13.650000000000002 7.6893425732886129 7.6831204213495203 384.00000000000006 7.6673031450585656 384.00000000000006 7.9919350267718441 7.3170628783230649 7.5000000000000009 7.115355359154643
decision_type=2 2 2 2 2 2 2 2 2 2 2 2
left_child=10 2 3 4 6 -3 -2 -5 9 11 -1 -4
right_child=1 5 8 7 -6 -7 -8 -9 -10 -11 -12 -13
leaf_value=0.00014635995854441004 -3.1529534735868353e-05 -0.00037622661019364991 2.5954172299555597e-05 -2.625137319504891e-05 -0.00010676910115770349 0 0.00014609201066195963 3.2679626902297533e-05 6.83155372645706e-05 -0.00011066915146357407 0 6.8269178824058449e-06
leaf_weight=203 1407 20 566 91 229 43 13.999999999999998 611 124 32 50 2378
leaf_count=203 1407 20 566 91 229 43 14 611 124 32 50 2378
internal_value=1.35648e-06 -3.66901e-06 -6.10614e-07 -2.08986e-05 -4.04356e-05 -0.000186072 -2.61619e-05 1.79016e-05 1.31714e-05 9.17204e-06 0.000130172 1.22096e-05
internal_weight=5768 5515 5452 2352 1650 63 1421 702 3100 2976 253 2944
internal_count=5768 5515 5452 2352 1650 63 1421 702 3100 2976 253 2944
is_linear=0
shrinkage=0.05


Tree=91
num_leaves=18
num_cat=0
split_feature=0 18 19 12 18 19 7 12 15 19 19 19 19 12 15 15 19
split_gain=0.00159331 0.000668279 0.000777294 0.000508315 0.00077261 0.000233259 0.000211736 0.000135651 0.000126925 0.000110099 9.70919e-05 9.6209e-05 0.000284386 8.75853e-05 0.000130002 3.02605e-05 3.56702e-06
threshold=2.5416666666666674 2.5000000000000004 0.59978846153846166 756.00000000000011 4.5000000000000009 0.51805769230769239 10.500000000000002 384.00000000000006 12.800000000000002 0.78680769230769243 0.4244134615384616 0.4458076923076924 0.51805769230769239 756.00000000000011 13.650000000000002 12.800000000000002 0.46442307692307699
decision_type=2 2 2 2 2 2 2 2 2 2 2 2 2 2 2 2 2
left_child=10 6 5 7 -5 8 11 -4 -3 -6 -1 -2 -13 14 -12 -7 -8
right_child=1 2 3 4 9 15 16 -9 -10 -11 13 12 -14 -15 -16 -17 -18
leaf_value=0.00032884772419929505 0.00011377440478939276 0 0 -0.00039990656991722062 2.5677228750282664e-05 0 0 4.8642749694255947e-05 -0.00010346058357898738 -7.8313077898009827e-05 5.277402010203029e-05 -9.0673167433124037e-05 0 0.00016509118947689817 0 -3.1389108246057639e-05 2.3456679103683214e-05
leaf_weight=24 11.999999999999998 26 20 13.999999999999998 63 222 202 570 251 37 143 95 938 58 28 1368 1697
leaf_count=24 12 26 20 14 63 222 202 570 251 37 143 95 938 58 28 1368 1697
internal_value=1.27975e-06 -3.47994e-06 -2.27863e-05 1.7197e-05 -6.37492e-05 -4.05408e-05 1.16845e-05 4.13791e-05 -9.25288e-05 0 0.000124324 -2.40868e-06 -8.70265e-06 7.98133e-05 2.10271e-05 -2.82886e-05 2.20687e-05
internal_weight=5768 5515 2571 704 114 1867 2944 590 277 100 253 1045 1033 229 171 1590 1899
internal_count=5768 5515 2571 704 114 1867 2944 590 277 100 253 1045 1033 229 171 1590 1899
is_linear=0
shrinkage=0.05


Tree=92
num_leaves=16
num_cat=0
split_feature=0 17 15 17 17 7 17 17 17 12 12 17 12 5 15
split_gain=0.00146974 0.000800008 0.000475293 0.000608954 0.000321851 0.000198324 0.00139923 0.000292461 0.00168111 0.000162417 0.000121709 8.62909e-05 1.59483e-05 0.000151908 0.000295465
threshold=2.5416666666666674 8.6973007686733208 13.650000000000002 7.6893425732886129 7.6714616578013848 10.500000000000002 7.200356359288631 7.200356359288631 7.2133000484419894 384.00000000000006 384.00000000000006 7.6419255179732621 1.0000000180025095e-35 4.0000000000000009 12.800000000000002
decision_type=2 2 2 2 2 2 2 2 2 2 2 2 2 2 2
left_child=12 2 3 4 11 7 -7 10 -9 -5 -4 -2 -1 14 -14
right_child=1 -3 5 9 -6 6 -8 8 -10 -11 -12 -13 13 -15 -16
leaf_value=8.5793950905402471e-06 0 -0.00030550744659690697 -1.7251146146682675e-05 -2.3204834332041765e-05 -9.786662955429391e-05 9.320991341969364e-06 0.00023297048935836014 -0.00029090253191003419 0 2.9119703807606325e-05 2.3465873779995102e-05 -2.7724391184165146e-05 0 0 0.00027745326860777794
leaf_weight=89 189 21 107 91 238 1823 76 56 381 611 699 1223 53 50 61
leaf_count=89 189 21 107 91 238 1823 76 56 381 611 699 1223 53 50 61
internal_value=1.19732e-06 -3.33941e-06 -1.21912e-06 -1.90023e-05 -3.65831e-05 1.05038e-05 2.10212e-05 -1.54897e-06 -3.76482e-05 1.52012e-05 1.185e-05 -2.2653e-05 0.0001194 0.000148821 0.000187295
internal_weight=5768 5515 5494 2352 1650 3142 1899 1243 437 702 806 1412 253 164 114
internal_count=5768 5515 5494 2352 1650 3142 1899 1243 437 702 806 1412 253 164 114
is_linear=0
shrinkage=0.05


Tree=93
num_leaves=18
num_cat=0
split_feature=0 17 19 16 19 19 17 17 17 17 17 19 12 17 19 19 12
split_gain=0.00138466 0.000743276 0.000585583 0.000476323 0.000636357 0.000247392 0.000362459 0.000195102 0.00036752 0.000155856 8.20609e-05 6.91873e-05 6.83628e-05 6.78149e-05 5.27078e-05 4.38776e-05 8.09471e-06
threshold=2.5416666666666674 8.1868831544556162 0.72430769230769243 2.5000000000000004 0.59978846153846166 0.53667307692307709 7.2226790386014175 7.200356359288631 8.0497542698189957 7.6419255179732621 7.1783939000347887 0.63055769230769243 1128.0000000000002 7.2133000484419894 0.53667307692307709 0.51805769230769239 384.00000000000006
decision_type=2 2 2 2 2 2 2 2 2 2 2 2 2 2 2 2 2
left_child=11 3 -3 4 9 6 13 10 -9 16 -7 -1 -4 -5 -11 -8 -2
right_child=1 2 12 5 -6 7 15 8 -10 14 -12 -13 -14 -15 -16 -17 -18
leaf_value=0.0001316184926202188 0 -0.00043322370128913055 0 0 2.350735034139353e-05 5.834847749248753e-05 0 0.00016230534122552769 0 -6.7862892464432375e-05 4.0652852715170792e-06 0 -6.7964014707359708e-05 3.4465122952937121e-05 -2.6004466152076663e-05 -0.00018268940597772598 1.0878586493519662e-05
leaf_weight=206 19 17 9.9999999999999982 1523 557 122 20 83 122 378 1047 47 36 154 1228 29 170
leaf_count=206 19 17 10 1523 557 122 20 83 122 378 1047 47 36 154 1228 29 170
internal_value=1.17376e-06 -3.20372e-06 -0.000172949 -2.93957e-07 -1.812e-05 1.16199e-05 0 2.74648e-05 7.92567e-05 -3.38271e-05 1.4049e-05 0.000115918 0 2.94756e-06 -3.90041e-05 -0.000133534 0
internal_weight=5768 5515 63 5452 2352 3100 1726 1374 205 1795 1169 253 46 1677 1606 49 189
internal_count=5768 5515 63 5452 2352 3100 1726 1374 205 1795 1169 253 46 1677 1606 49 189
is_linear=0
shrinkage=0.05


Tree=94
num_leaves=14
num_cat=0
split_feature=0 17 17 17 17 12 12 12 12 12 17 17 17
split_gain=0.00125841 0.000703654 0.000361981 0.000894411 0.000218192 0.000196294 0.000646203 0.000164667 0.000163988 3.33796e-05 1.58072e-05 5.57748e-05 1.54273e-05
threshold=2.5416666666666674 8.4655176533823031 7.2226790386014175 7.6893425732886129 7.6714616578013848 756.00000000000011 1128.0000000000002 384.00000000000006 1756.0000000000002 1.0000000180025095e-35 7.115355359154643 7.1459464135563868 7.2133000484419894
decision_type=2 2 2 2 2 2 2 2 2 2 2 2 2
left_child=9 2 10 4 -4 7 -7 -5 -3 -1 -2 -12 -13
right_child=1 8 3 5 -6 6 -8 -9 -10 -11 11 12 -14
leaf_value=1.6473417894707754e-06 2.2745378937511059e-05 -0.00030382621669559738 -2.4924230598852463e-05 0 -9.1164815648766759e-05 -0.00013207078140323471 0.00019402917765546588 4.596121527617961e-05 0 0.00013902535439102039 -2.02665612121801e-05 4.5553663420404633e-06 3.2752988544563137e-05
leaf_weight=89 566 23 1478 155 238 68 10.999999999999998 625 12.999999999999998 164 91 2093 154
leaf_count=89 566 23 1478 155 238 68 11 625 13 164 91 2093 154
internal_value=1.17797e-06 -2.95355e-06 -5.69064e-07 -1.5049e-05 -3.70712e-05 2.31222e-05 -2.23067e-05 3.41481e-05 -0.0002209 0.00011058 1.055e-05 5.45153e-06 8.72582e-06
internal_weight=5768 5515 5479 2575 1716 859 79 780 36 253 2904 2338 2247
internal_count=5768 5515 5479 2575 1716 859 79 780 36 253 2904 2338 2247
is_linear=0
shrinkage=0.05


Tree=95
num_leaves=15
num_cat=0
split_feature=0 17 15 17 17 12 17 17 12 17 6 12 17 12
split_gain=0.00115714 0.000648887 0.000407714 0.000442223 0.00025507 0.000252903 0.000135512 0.000185182 0.000120708 6.82372e-05 1.77777e-05 0.000120186 1.57099e-05 6.84457e-06
threshold=2.5416666666666674 8.1868831544556162 13.650000000000002 7.6893425732886129 7.6714616578013848 384.00000000000006 7.9919350267718441 7.3170628783230649 384.00000000000006 7.6419255179732621 7.5000000000000009 1.0000000180025095e-35 7.115355359154643 756.00000000000011
decision_type=2 2 2 2 2 2 2 2 2 2 2 2 2 2
left_child=10 2 3 4 9 -3 7 12 -5 -2 11 -1 -4 -12
right_child=1 5 6 8 -6 -7 -8 -9 -10 -11 13 -13 -14 -15
leaf_value=1.5658645166291102e-06 0 -0.00033075776682900534 2.1610120511564511e-05 -1.8700965700428119e-05 -8.6625646643932904e-05 0 6.7479745289310812e-05 -9.8935370060093138e-05 2.4475057858949394e-05 -2.3408508857197034e-05 0 0.00016686488675844412 4.8501552609134095e-06 2.6701616006903341e-05
leaf_weight=89 189 20 566 91 238 43 124 32 611 1223 27 114 2378 23
leaf_count=89 189 20 566 91 238 43 124 32 611 1223 27 114 2378 23
internal_value=1.13541e-06 -2.79005e-06 -1.22247e-08 -1.65866e-05 -3.16696e-05 -0.000161301 1.09518e-05 6.89506e-06 1.17472e-05 -1.88131e-05 0.000106063 0.000119267 9.77639e-06 0
internal_weight=5768 5515 5452 2352 1650 63 3100 2976 702 1412 253 203 2944 50
internal_count=5768 5515 5452 2352 1650 63 3100 2976 702 1412 253 203 2944 50
is_linear=0
shrinkage=0.05


Tree=96
num_leaves=11
num_cat=0
split_feature=0 18 12 7 12 18 15 8 15 15
split_gain=0.00107357 0.00043591 0.000545213 0.000160747 0.000113969 0.000732565 8.41295e-05 1.05234e-05 9.25028e-06 3.76294e-06
threshold=2.5416666666666674 2.5000000000000004 384.00000000000006 10.500000000000002 756.00000000000011 4.5000000000000009 12.800000000000002 4.5000000000000009 12.800000000000002 14.800000000000002
decision_type=2 2 2 2 2 2 2 2 2 2
left_child=7 3 6 -2 9 -6 -3 8 -1 -4
right_child=1 2 4 -5 5 -7 -8 -9 -10 -11
leaf_value=0 -2.5283815192297299e-06 0 -2.1687131708519468e-06 1.8551519737382861e-05 -0.00038107860748035213 0 -7.6123062501958337e-05 0 0.00013374112139375794 0
leaf_weight=53 1045 26 2003 1899 13.999999999999998 100 410 50 150 18
leaf_count=53 1045 26 2003 1899 14 100 410 50 150 18
internal_value=1.08225e-06 -2.66639e-06 -1.83946e-05 9.3729e-06 -5.38737e-06 -5.49229e-05 -7.04888e-05 0.00010217 0.00011457 -9.46105e-08
internal_weight=5768 5515 2571 2944 2135 114 436 253 203 2021
internal_count=5768 5515 2571 2944 2135 114 436 253 203 2021
is_linear=0
shrinkage=0.05


Tree=97
num_leaves=18
num_cat=0
split_feature=0 17 15 19 19 17 17 17 17 19 12 15 17 12 19 19 12
split_gain=0.000992777 0.000619179 0.000311131 0.000453002 0.000176241 0.000308933 0.00012368 8.54e-05 0.000207297 6.17127e-05 9.05632e-05 6.29382e-05 5.81001e-05 5.07705e-05 2.84003e-05 9.64531e-06 9.3386e-06
threshold=2.5416666666666674 8.6973007686733208 13.650000000000002 0.59978846153846166 0.53667307692307709 7.2226790386014175 7.6419255179732621 8.1868831544556162 7.200356359288631 0.4244134615384616 756.00000000000011 13.650000000000002 7.2133000484419894 384.00000000000006 0.53667307692307709 0.72430769230769243 384.00000000000006
decision_type=2 2 2 2 2 2 2 2 2 2 2 2 2 2 2 2 2
left_child=9 2 3 6 5 12 16 8 -6 -1 11 -11 -4 -7 -8 -9 -2
right_child=1 -3 4 -5 7 13 14 15 -10 10 -12 -13 -14 -15 -16 -17 -18
leaf_value=0.00027232535481452939 0 -0.00026823395146162844 0 1.9126520108257999e-05 1.1984002307797664e-05 0 -5.8163897918247296e-05 -4.1501523727284991e-05 7.7646015819729527e-05 3.3242789860297412e-05 0.00012857287230317371 0 3.101056444668962e-05 -0.00017276702697078389 -2.1510986869889894e-05 0 1.1684573745649112e-05
leaf_weight=24 19 21 1523 557 1169 20 378 12.999999999999998 205 143 58 28 154 29 1228 29 170
leaf_count=24 19 21 1523 557 1169 20 378 13 205 143 58 28 154 29 1228 29 170
internal_value=9.80332e-07 -2.59114e-06 -6.17209e-07 -1.5181e-05 8.69534e-06 0 -2.86156e-05 2.1878e-05 2.54664e-05 9.82214e-05 5.71309e-05 3.22273e-06 1.50609e-06 -0.000123978 -3.32801e-05 0 0
internal_weight=5768 5515 5494 2352 3142 1726 1795 1416 1374 253 229 171 1677 49 1606 42 189
internal_count=5768 5515 5494 2352 3142 1726 1795 1416 1374 253 229 171 1677 49 1606 42 189
is_linear=0
shrinkage=0.05


Tree=98
num_leaves=18
num_cat=0
split_feature=0 17 19 15 19 19 17 17 17 17 17 19 12 17 12 17 12
split_gain=0.000919513 0.000571378 0.000329877 0.000293075 0.000414299 0.000181464 0.000284315 0.000112633 6.94803e-05 0.000493068 7.25101e-05 6.1696e-05 0.000129843 5.25976e-05 4.13274e-05 2.54956e-05 8.43324e-06
threshold=2.5416666666666674 8.4655176533823031 0.91180769230769243 13.650000000000002 0.59978846153846166 0.53667307692307709 7.2226790386014175 7.6419255179732621 7.200356359288631 8.0497542698189957 7.1783939000347887 0.63055769230769243 1.0000000180025095e-35 7.2133000484419894 384.00000000000006 7.6714616578013848 384.00000000000006
decision_type=2 2 2 2 2 2 2 2 2 2 2 2 2 2 2 2 2
left_child=11 3 -3 4 7 6 13 16 10 -10 -7 12 -1 -5 -8 -9 -2
right_child=1 2 -4 5 -6 8 14 15 9 -11 -12 -13 -14 -15 -16 -17 -18
leaf_value=0 0 -0.00029656674267383867 0 0 1.8171904788863274e-05 5.1740664843000412e-05 0 -2.0186033252684866e-05 0.00015244153399613601 0 1.8670614933211155e-06 0 0.000152621862628513 2.9470036061660898e-05 -0.00016441660871108373 -5.5607661561225552e-05 1.1103740125371697e-05
leaf_weight=89 19 25 10.999999999999998 1523 557 122 20 1223 83 149 1047 47 117 154 29 383 170
leaf_count=89 19 25 11 1523 557 122 20 1223 83 149 1047 47 117 154 29 383 170
internal_value=9.23947e-07 -2.48018e-06 -0.000198784 -2.41907e-07 -1.44211e-05 8.82586e-06 0 -2.73234e-05 2.23019e-05 5.55641e-05 1.13853e-05 9.45311e-05 0.000108214 1.36379e-06 -0.000118968 -3.17741e-05 0
internal_weight=5768 5515 36 5479 2352 3127 1726 1795 1401 232 1169 253 206 1677 49 1606 189
internal_count=5768 5515 36 5479 2352 3127 1726 1795 1401 232 1169 253 206 1677 49 1606 189
is_linear=0
shrinkage=0.05


Tree=99
num_leaves=19
num_cat=0
split_feature=1 17 19 19 17 12 17 12 19 15 19 19 19 12 15 12 19 17
split_gain=0.000851166 0.000521675 0.000501307 0.000317152 0.000669856 0.000164535 0.000248287 0.000158126 0.000841176 7.89141e-05 5.86658e-05 0.000115482 5.22079e-05 9.92856e-05 0.000288548 3.33823e-05 3.21163e-05 1.42791e-05
threshold=6.7534722222222232 8.1868831544556162 0.72430769230769243 0.55267307692307699 7.3170628783230649 384.00000000000006 7.6714616578013848 756.00000000000011 0.66167307692307709 12.800000000000002 0.53667307692307709 0.47441346153846159 0.63055769230769243 1.0000000180025095e-35 12.800000000000002 1128.0000000000002 0.66167307692307709 7.1783939000347887
decision_type=2 2 2 2 2 2 2 2 2 2 2 2 2 2 2 2 2 2
left_child=12 3 -3 4 10 9 -7 16 -9 -6 11 -2 13 -1 -15 -4 -5 -12
right_child=1 2 15 7 5 6 -8 8 -10 -11 17 -13 -14 14 -16 -17 -18 -19
leaf_value=0 2.4315683857620881e-05 -0.00037906648384200201 0 4.3448553404965403e-05 0 -3.5772092273361653e-06 -6.6326917614787826e-05 -0.00037146182082748661 2.276955818160786e-05 -7.2718056889399676e-05 4.9174664299783666e-05 -5.3558961298224966e-06 0 0 0.00022202623083900951 -4.749272449722362e-05 0 8.5941440104235451e-06
leaf_weight=89 425 17 9.9999999999999982 602 26 1216 234 13.999999999999998 63 337 122 1283 47 53 64 36 15.999999999999998 1114
leaf_count=89 425 17 10 602 26 1216 234 14 63 337 122 1283 47 53 64 36 16 1114
internal_value=9.48581e-07 -2.29255e-06 -0.000144329 0 -5.23024e-06 -2.97673e-05 -1.71883e-05 3.08575e-05 0 -6.60925e-05 8.18759e-06 0 9.1016e-05 0.000103901 0.000145055 0 4.13433e-05 1.66782e-05
internal_weight=5768 5515 63 5452 4757 1813 1450 695 77 363 2944 1708 253 206 117 46 618 1236
internal_count=5768 5515 63 5452 4757 1813 1450 695 77 363 2944 1708 253 206 117 46 618 1236
is_linear=0
shrinkage=0.05


Tree=100
num_leaves=18
num_cat=0
split_feature=0 17 19 15 19 19 17 17 17 17 17 17 19 12 17 15 12
split_gain=0.000799348 0.000490247 0.000292535 0.000251498 0.000331609 0.000165388 0.00025525 9.61265e-05 6.84089e-05 0.000453385 5.76908e-05 4.87121e-05 4.5065e-05 3.84175e-05 1.96755e-05 1.62999e-05 7.87453e-06
threshold=2.5416666666666674 8.4655176533823031 0.91180769230769243 13.650000000000002 0.59978846153846166 0.53667307692307709 7.2226790386014175 7.6419255179732621 7.200356359288631 8.0497542698189957 7.1783939000347887 7.2133000484419894 0.63055769230769243 384.00000000000006 7.6893425732886129 12.800000000000002 384.00000000000006
decision_type=2 2 2 2 2 2 2 2 2 2 2 2 2 2 2 2 2
left_child=12 3 -3 4 7 6 11 16 10 -10 -7 -5 15 -8 -9 -1 -2
right_child=1 2 -4 5 -6 8 13 14 9 -11 -12 -13 -14 -15 -16 -17 -18
leaf_value=0 0 -0.00027619956925403901 0 0 1.5245001282422774e-05 4.6735917155562738e-05 0 -3.0975414417700325e-05 0.00014664793931019849 0 1.3444891096384242e-06 2.8272110307889602e-05 0 -0.00015621093039711316 0 0.00011761103542037794 1.0729618452227952e-05
leaf_weight=53 19 25 10.999999999999998 1523 557 122 20 1461 83 149 1047 154 47 29 145 153 170
leaf_count=53 19 25 11 1523 557 122 20 1461 83 149 1047 154 47 29 145 153 170
internal_value=9.21664e-07 -2.1919e-06 -0.000183958 -5.18332e-08 -1.3263e-05 8.28767e-06 0 -2.48968e-05 2.11697e-05 5.37443e-05 1.03911e-05 1.12221e-06 8.82188e-05 -0.000112784 -2.90223e-05 0.000100468 0
internal_weight=5768 5515 36 5479 2352 3127 1726 1795 1401 232 1169 1677 253 49 1606 206 189
internal_count=5768 5515 36 5479 2352 3127 1726 1795 1401 232 1169 1677 253 49 1606 206 189
is_linear=0
shrinkage=0.05


Tree=101
num_leaves=17
num_cat=0
split_feature=0 17 19 19 17 12 17 12 12 17 17 19 19 19 12 17
split_gain=0.000735047 0.000442621 0.000267603 0.000216895 0.000568581 0.000238767 0.00075259 0.000160792 0.000147227 0.00022657 9.20559e-05 4.91208e-05 0.000104211 3.65376e-05 0.000105998 6.44454e-06
threshold=2.5416666666666674 8.4655176533823031 0.91180769230769243 0.55267307692307699 7.3170628783230649 756.00000000000011 7.9919350267718441 1128.0000000000002 384.00000000000006 7.6714616578013848 7.6419255179732621 0.53667307692307709 0.47441346153846159 0.63055769230769243 1.0000000180025095e-35 7.1783939000347887
decision_type=2 2 2 2 2 2 2 2 2 2 2 2 2 2 2 2
left_child=13 3 -3 4 11 -5 -7 -8 10 -10 -6 12 -2 14 -1 -13
right_child=1 2 -4 5 8 6 7 -9 9 -11 -12 15 -14 -15 -16 -17
leaf_value=0 2.3102759751994075e-05 -0.00026292074071954211 0 3.9267818352504809e-05 -0.0001835544392662613 -0.00035921847983263431 0 0.00018302560677208626 -2.1422742287729365e-06 -6.1838388551977729e-05 -3.208970274727803e-05 4.4418124536930668e-05 -5.0814376841698166e-06 0 0.0001358449206908502 7.6611134820855789e-06
leaf_weight=89 425 25 10.999999999999998 635 37 13.999999999999998 62 10.999999999999998 1216 234 326 122 1283 47 117 1114
leaf_count=89 425 25 11 635 37 14 62 11 1216 234 326 122 1283 47 117 1114
internal_value=9.62805e-07 -1.98576e-06 -0.000174627 0 -4.68365e-06 2.46093e-05 -2.47929e-05 0 -2.73471e-05 -1.52579e-05 -6.17264e-05 7.57989e-06 0 8.46766e-05 9.61218e-05 1.53642e-05
internal_weight=5768 5515 36 5479 4757 722 87 73 1813 1450 363 2944 1708 253 206 1236
internal_count=5768 5515 36 5479 4757 722 87 73 1813 1450 363 2944 1708 253 206 1236
is_linear=0
shrinkage=0.05


Tree=102
num_leaves=20
num_cat=0
split_feature=0 17 19 19 17 12 17 12 17 15 17 19 19 19 12 15 19 12 17
split_gain=0.000682581 0.000419017 0.00047154 0.000242501 0.000529687 0.000132128 0.000201671 0.000126736 0.000715086 7.676e-05 6.5551e-05 4.58325e-05 9.40714e-05 2.9487e-05 8.16648e-05 0.000238877 2.82311e-05 1.66748e-05 2.92328e-06
threshold=2.5416666666666674 8.1868831544556162 0.72430769230769243 0.55267307692307699 7.3170628783230649 384.00000000000006 7.6714616578013848 756.00000000000011 7.9919350267718441 12.800000000000002 8.0529439743463929 0.53667307692307709 0.47441346153846159 0.63055769230769243 1.0000000180025095e-35 12.800000000000002 0.66167307692307709 1128.0000000000002 7.1783939000347887
decision_type=2 2 2 2 2 2 2 2 2 2 2 2 2 2 2 2 2 2 2
left_child=13 3 -3 4 11 9 -7 16 -9 -6 -10 12 -2 14 -1 -16 -5 -4 -13
right_child=1 2 17 7 5 6 -8 8 10 -11 -12 18 -14 -15 15 -17 -18 -19 -20
leaf_value=0 2.1950346663672952e-05 -0.00035338065250673228 0 3.8571961058626514e-05 0 -2.0352478875474804e-06 -5.8759628527579793e-05 -0.000342454947065562 6.2042283103801307e-05 -6.6045116538115768e-05 0 4.2215270705793686e-05 -4.8275646118311551e-06 0 0 0.00019861780221645654 0 -3.3565975003561152e-05 7.2783832542698478e-06
leaf_weight=89 425 17 9.9999999999999982 602 26 1216 234 13.999999999999998 49 337 13.999999999999998 122 1283 47 53 64 15.999999999999998 36 1114
leaf_count=89 425 17 10 602 26 1216 234 14 49 337 14 122 1283 47 53 64 16 36 1114
internal_value=8.40038e-07 -1.97009e-06 -0.000129238 0 -4.50421e-06 -2.64009e-05 -1.46695e-05 2.70621e-05 0 -5.93565e-05 2.11337e-05 7.28697e-06 0 8.15479e-05 9.22827e-05 0.00012911 3.6542e-05 0 1.48002e-05
internal_weight=5768 5515 63 5452 4757 1813 1450 695 77 363 63 2944 1708 253 206 117 618 46 1236
internal_count=5768 5515 63 5452 4757 1813 1450 695 77 363 63 2944 1708 253 206 117 618 46 1236
is_linear=0
shrinkage=0.05


Tree=103
num_leaves=15
num_cat=0
split_feature=0 18 12 19 12 19 7 8 8 19 19 12 19 19
split_gain=0.000641307 0.000252758 0.000321554 0.000144019 0.000273883 0.000555036 0.000101151 0.000123944 8.06454e-05 0.000244494 2.41732e-05 6.35282e-05 3.25663e-06 2.32992e-06
threshold=2.5416666666666674 2.5000000000000004 384.00000000000006 0.59978846153846166 756.00000000000011 0.66167307692307709 10.500000000000002 3.5000000000000004 3.5000000000000004 0.51805769230769239 0.63055769230769243 1.0000000180025095e-35 0.53667307692307709 0.4244134615384616
decision_type=2 2 2 2 2 2 2 2 2 2 2 2 2 2
left_child=10 6 -3 12 -5 -6 8 13 -2 -10 11 -1 -4 -8
right_child=1 2 3 4 5 -7 7 -9 9 -11 -12 -13 -14 -15
leaf_value=0 0.00010418737737032081 -5.4231952064408494e-05 0 3.1577342282817581e-05 -0.00032647371012717487 0 0 2.1884302846247865e-05 -8.3829839713871475e-05 0 0 0.00012372399356721318 -1.5567757283683822e-05 -4.9785915879839822e-06
leaf_weight=89 11.999999999999998 436 222 570 13.999999999999998 100 195 1470 95 938 47 117 1229 234
leaf_count=89 12 436 222 570 14 100 195 1470 95 938 47 117 1229 234
internal_value=7.97805e-07 -1.89903e-06 -1.40418e-05 -3.47197e-06 1.18285e-05 -4.28533e-05 7.00863e-06 1.44119e-05 -1.66559e-06 -7.83041e-06 7.90456e-05 8.92123e-05 -1.41313e-05 0
internal_weight=5768 5515 2571 2135 684 114 2944 1899 1045 1033 253 206 1451 429
internal_count=5768 5515 2571 2135 684 114 2944 1899 1045 1033 253 206 1451 429
is_linear=0
shrinkage=0.05


Tree=104
num_leaves=19
num_cat=0
split_feature=0 17 19 19 17 13 17 13 17 17 17 19 19 19 19 15 13 17
split_gain=0.000596268 0.000379101 0.000417161 0.000203204 0.000446379 0.000106323 0.000590224 9.58225e-05 0.00018086 0.000102128 6.06169e-05 3.45805e-05 7.88207e-05 2.494e-05 1.84738e-05 3.56583e-05 1.50918e-05 4.25278e-06
threshold=2.5416666666666674 8.1868831544556162 0.72430769230769243 0.55267307692307699 7.3170628783230649 9.4828921423310444 7.9919350267718441 8.5000000000000018 7.6714616578013848 7.6419255179732621 8.0529439743463929 0.53667307692307709 0.47441346153846159 0.66167307692307709 0.63055769230769243 12.800000000000002 10.130202516776858 7.1783939000347887
decision_type=2 2 2 2 2 2 2 2 2 2 2 2 2 2 2 2 2 2
left_child=14 3 -3 4 11 13 -7 9 -9 -6 -8 12 -2 -5 15 -1 -4 -13
right_child=1 2 16 5 7 6 10 8 -10 -11 -12 17 -14 -15 -16 -17 -18 -19
leaf_value=0 2.0195575668192317e-05 -0.00033413227544062669 0 3.5394416461933475e-05 -0.00017041378960895695 -0.00031123823362092179 5.900223643984645e-05 -1.2958948996439178e-06 -5.5069009287956557e-05 -2.4565345043777875e-05 0 3.9036352105999017e-05 -4.2601209541861072e-06 0 0 0.00010224793641525625 -3.1933040724677104e-05 5.8215292579924581e-06
leaf_weight=53 425 17 9.9999999999999982 602 37 13.999999999999998 49 1216 234 326 13.999999999999998 122 1283 15.999999999999998 47 153 36 1114
leaf_count=53 425 17 10 602 37 14 49 1216 234 326 14 122 1283 16 47 153 36 1114
internal_value=7.16162e-07 -1.8532e-06 -0.000122901 0 -4.11961e-06 2.47766e-05 0 -2.42706e-05 -1.34516e-05 -5.3595e-05 1.87587e-05 6.5962e-06 0 3.34613e-05 7.61961e-05 8.57158e-05 0 1.3171e-05
internal_weight=5768 5515 63 5452 4757 695 77 1813 1450 363 63 2944 1708 618 253 206 46 1236
internal_count=5768 5515 63 5452 4757 695 77 1813 1450 363 63 2944 1708 618 253 206 46 1236
is_linear=0
shrinkage=0.05


Tree=105
num_leaves=16
num_cat=0
split_feature=0 17 19 15 17 12 17 17 19 17 12 12 12 19 15
split_gain=0.00054982 0.000358867 0.000223232 0.000184228 0.000202852 0.000141381 0.000139167 0.000244283 7.23105e-05 0.00019834 8.87047e-05 4.17637e-05 1.39296e-05 6.51526e-05 0.000198908
threshold=2.5416666666666674 8.3911170456645259 0.91180769230769243 13.650000000000002 7.6893425732886129 1128.0000000000002 7.6831204213495203 7.6673031450585656 0.53667307692307709 7.2226790386014175 756.00000000000011 384.00000000000006 1.0000000180025095e-35 0.63055769230769243 12.800000000000002
decision_type=2 2 2 2 2 2 2 2 2 2 2 2 2 2 2
left_child=12 3 -3 4 6 8 7 -2 9 -5 -10 -6 -1 14 -14
right_child=1 2 -4 5 11 -7 -8 -9 10 -11 -12 -13 13 -15 -16
leaf_value=0 -1.6773961826236868e-05 -0.00023364525087850373 0 7.8296367218398773e-07 0 0.00019989952339198103 -6.4113647849096554e-05 0.00016298951922605434 1.8761249741368487e-05 -9.948087260127069e-05 -1.2784509198765636e-05 1.4624413029820311e-05 0 0 0.00017771491501480341
leaf_weight=89 1407 26 10.999999999999998 1677 91 9.9999999999999982 229 13.999999999999998 1318 49 72 611 53 47 64
leaf_count=89 1407 26 11 1677 91 10 229 14 1318 49 72 611 53 47 64
internal_value=5.92715e-07 -1.84051e-06 -0.000155246 0 -1.13066e-05 7.1479e-06 -2.17559e-05 -1.13733e-05 4.86127e-06 0 1.35247e-05 6.13752e-06 7.31166e-05 9.18733e-05 0.000114817
internal_weight=5768 5515 37 5478 2352 3126 1650 1421 3116 1726 1390 702 253 164 117
internal_count=5768 5515 37 5478 2352 3126 1650 1421 3116 1726 1390 702 253 164 117
is_linear=0
shrinkage=0.05


Tree=106
num_leaves=20
num_cat=0
split_feature=0 17 19 15 17 19 17 17 17 17 19 19 19 17 17 12 12 19 12
split_gain=0.000516296 0.000327803 0.000380073 0.000176387 0.000182157 0.000135395 0.000189688 0.000323657 0.000179379 0.000126272 0.000244384 0.000110502 6.69566e-05 4.76947e-05 4.47602e-05 3.87473e-05 1.01794e-05 8.83826e-06 5.18592e-05
threshold=2.5416666666666674 8.1868831544556162 0.72430769230769243 13.650000000000002 7.6893425732886129 0.53667307692307709 7.200356359288631 8.0497542698189957 7.2226790386014175 7.6714616578013848 0.51805769230769239 0.51805769230769239 0.51805769230769239 6.9599592149906035 7.1783939000347887 384.00000000000006 1128.0000000000002 0.63055769230769243 1.0000000180025095e-35
decision_type=2 2 2 2 2 2 2 2 2 2 2 2 2 2 2 2 2 2 2
left_child=17 3 -3 4 9 8 14 -8 13 11 -11 -2 -10 -5 -7 -6 -4 18 -1
right_child=1 2 16 5 15 6 7 -9 12 10 -12 -13 -14 -15 -16 -17 -18 -19 -20
leaf_value=0 -4.6686707371798567e-05 -0.00031503296302010618 0 3.4664838126627724e-05 0 3.6169964114082899e-05 0.00014404118533656445 0 0 0 -9.0375851970989256e-05 -4.3007375978755272e-07 -0.0001431676708161831 0 0 1.3894422346531272e-05 -2.6225876597989645e-05 0 0.00010999799157508602
leaf_weight=89 196 17 9.9999999999999982 99 91 122 83 122 20 58 180 1216 29 1578 1047 611 36 47 117
leaf_count=89 196 17 10 99 91 122 83 122 20 58 180 1216 29 1578 1047 611 36 47 117
internal_value=5.88576e-07 -1.74174e-06 -0.000114308 0 -1.07314e-05 7.40385e-06 1.92302e-05 6.73232e-05 0 -2.06656e-05 -6.02439e-05 -1.0418e-05 -9.46063e-05 7.43837e-07 6.47257e-06 5.50202e-06 0 7.08776e-05 7.91897e-05
internal_weight=5768 5515 63 5452 2352 3100 1374 205 1726 1650 238 1412 49 1677 1169 702 46 253 206
internal_count=5768 5515 63 5452 2352 3100 1374 205 1726 1650 238 1412 49 1677 1169 702 46 253 206
is_linear=0
shrinkage=0.05


Tree=107
num_leaves=11
num_cat=0
split_feature=0 17 19 12 12 19 17 17 15 19
split_gain=0.000480017 0.00030817 0.00019859 0.000162094 0.000395845 0.000288348 0.000357011 0.000146968 1.3087e-05 2.45913e-05
threshold=2.5416666666666674 8.3911170456645259 0.91180769230769243 1128.0000000000002 756.00000000000011 0.55267307692307699 7.3170628783230649 8.0497542698189957 12.800000000000002 0.63055769230769243
decision_type=2 2 2 2 2 2 2 2 2 2
left_child=8 3 -3 4 5 6 -2 -6 -1 -10
right_child=1 2 -4 -5 7 -7 -8 -9 9 -11
leaf_value=0 5.7621368459830656e-06 -0.00021792396724103363 0 0.00019045738249339839 -0.00030146925275524459 3.2126863061306921e-05 -2.1763222011680539e-05 0 9.1190272276954996e-05 0
leaf_weight=53 2944 26 10.999999999999998 9.9999999999999982 13.999999999999998 635 1813 62 153 47
leaf_count=53 2944 26 11 10 14 635 1813 62 153 47
internal_value=5.47252e-07 -1.6683e-06 -0.0001438 0 -1.06655e-06 0 -3.67991e-06 -0.000113723 6.83442e-05 7.78803e-05
internal_weight=5768 5515 37 5478 5468 5392 4757 76 253 200
internal_count=5768 5515 37 5478 5468 5392 4757 76 253 200
is_linear=0
shrinkage=0.05


Tree=108
num_leaves=18
num_cat=0
split_feature=17 17 19 12 17 19 19 17 15 17 17 17 12 18 17 19 17
split_gain=0.000442714 0.000383609 0.000367918 0.000283426 0.00026628 0.000252642 0.000173654 0.000607857 0.000138597 0.000134822 6.98283e-05 4.56676e-05 3.28917e-05 3.00432e-05 0.00124448 0.000338866 3.30271e-05
threshold=6.9599592149906035 8.1868831544556162 0.55267307692307699 384.00000000000006 7.6503990045026331 0.72430769230769243 0.53667307692307709 7.2226790386014175 12.800000000000002 7.704542828043297 7.200356359288631 7.6893425732886129 756.00000000000011 4.5000000000000009 8.0497542698189957 0.65192307692307705 7.9869927479286176
decision_type=2 2 2 2 2 2 2 2 2 2 2 2 2 2 2 2 2
left_child=3 2 4 -1 6 -3 10 -8 9 -6 -2 -10 -7 15 -15 16 -4
right_child=1 5 13 -5 8 12 7 -9 11 -11 -12 -13 -14 14 -16 -17 -18
leaf_value=0.00020079412404447794 0 -0.00029750600638281968 3.0977589575551931e-05 0 0.0001573099074885249 0 8.390142806276303e-06 0.00025189961960081589 -2.9010729203263105e-05 0 -1.8897448700191754e-05 0 -4.5917755655514501e-05 0.00045032221235727013 0 -0.00021713930647820234 0
leaf_weight=44 1361 17 595 80 13.999999999999998 11.999999999999998 1227 28 1383 21 619 149 38 18 122 9.9999999999999982 30
leaf_count=44 1361 17 595 80 14 12 1227 28 1383 21 619 149 38 18 122 10 30
internal_value=5.13651e-07 -6.71999e-07 0 9.40535e-05 -4.38237e-06 -0.000118915 2.46461e-06 1.80001e-05 -2.1699e-05 3.07951e-05 -4.86255e-06 -2.61791e-05 0 3.26563e-05 7.25338e-05 1.59026e-05 2.79594e-05
internal_weight=5768 5644 5577 124 4802 67 3235 1255 1567 35 1980 1532 50 775 140 635 625
internal_count=5768 5644 5577 124 4802 67 3235 1255 1567 35 1980 1532 50 775 140 635 625
is_linear=0
shrinkage=0.05


Tree=109
num_leaves=20
num_cat=0
split_feature=0 17 19 15 17 17 19 19 17 19 17 17 12 17 17 12 19 12 15
split_gain=0.000416296 0.00026225 0.00018277 0.00013098 0.000124341 0.000114591 0.000219272 0.000104791 0.000159633 0.000103495 9.19841e-05 0.000390042 6.11459e-05 4.91649e-05 4.12346e-05 2.53987e-05 1.45838e-05 4.31231e-05 0.000150324
threshold=2.5416666666666674 8.4655176533823031 0.91180769230769243 13.650000000000002 7.6893425732886129 7.6714616578013848 0.51805769230769239 0.53667307692307709 7.2226790386014175 0.51805769230769239 7.200356359288631 8.0497542698189957 384.00000000000006 7.2133000484419894 7.1783939000347887 384.00000000000006 0.63055769230769243 1.0000000180025095e-35 12.800000000000002
decision_type=2 2 2 2 2 2 2 2 2 2 2 2 2 2 2 2 2 2 2
left_child=16 3 -3 4 5 9 -7 8 13 -2 14 -12 -10 -5 -9 -6 17 -1 -19
right_child=1 2 -4 7 15 6 -8 10 12 -11 11 -13 -14 -15 -16 -17 -18 18 -20
leaf_value=0 -4.1889752105332269e-05 -0.00020791466685925395 0 0 0 0 -8.3511772987468813e-05 3.3674309469335449e-05 0 0 0.00013578977688060451 0 -0.00013561294352014861 2.8185142429485437e-05 0 1.0615200256271397e-05 0 0 0.00015448497185626856
leaf_weight=89 196 25 10.999999999999998 1523 91 58 180 122 20 1216 83 149 29 154 1047 611 47 53 64
leaf_count=89 196 25 11 1523 91 58 180 122 20 1216 83 149 29 154 1047 611 47 53 64
internal_value=5.64532e-07 -1.43713e-06 -0.000134266 0 -9.42993e-06 -1.76552e-05 -5.46634e-05 6.14747e-06 0 -7.8444e-06 1.64674e-05 4.96235e-05 -8.93153e-05 3.62164e-07 5.577e-06 2.78813e-06 6.37165e-05 7.18172e-05 9.98072e-05
internal_weight=5768 5515 36 5479 2352 1650 238 3127 1726 1412 1401 232 49 1677 1169 702 253 206 117
internal_count=5768 5515 36 5479 2352 1650 238 3127 1726 1412 1401 232 49 1677 1169 702 253 206 117
is_linear=0
shrinkage=0.05


Tree=110
num_leaves=18
num_cat=0
split_feature=17 7 17 19 19 17 7 12 17 15 17 17 18 17 19 17 12
split_gain=0.00039583 0.000789649 0.000329006 0.0003131 0.000234782 0.000222068 0.00027705 0.00115866 0.00114295 0.000123807 0.000125093 3.80337e-05 3.66596e-05 0.00112108 0.000304272 3.07902e-05 2.32628e-05
threshold=6.9599592149906035 10.500000000000002 8.1868831544556162 0.55267307692307699 0.72430769230769243 7.6503990045026331 10.500000000000002 1.0000000180025095e-35 7.200356359288631 12.800000000000002 7.704542828043297 7.6893425732886129 4.5000000000000009 8.0497542698189957 0.65192307692307705 7.9869927479286176 756.00000000000011
decision_type=2 2 2 2 2 2 2 2 2 2 2 2 2 2 2 2 2
left_child=1 -1 3 5 -4 6 7 -2 -8 10 -7 -11 14 -14 15 -5 -6
right_child=2 -3 4 12 16 9 8 -9 -10 11 -12 -13 13 -15 -16 -17 -18
leaf_value=0.00028301871306187398 -0.00027659630993517431 0 -0.00027999186771921809 2.841337673809855e-05 0 0.00015080390063424906 1.4211045804384718e-07 -1.1845923911383686e-06 0.00013476304770981679 -2.6760872919785366e-05 0 0 0.00042827646395093518 0 -0.00020746236963366919 0 -3.8616153536937556e-05
leaf_weight=36 40 88 17 595 11.999999999999998 13.999999999999998 1736 1277 182 1383 21 149 18 122 9.9999999999999982 30 38
leaf_count=36 40 88 17 595 12 14 1736 1277 182 1383 21 149 18 122 10 30 38
internal_value=5.32299e-07 8.89747e-05 -5.40478e-07 0 -0.000110091 -3.95539e-06 2.17989e-06 -1.35466e-05 1.55855e-05 -1.98035e-05 2.80843e-05 -2.41767e-05 3.01971e-05 6.95631e-05 1.35606e-05 2.541e-05 0
internal_weight=5768 124 5644 5577 67 4802 3235 1317 1918 1567 35 1532 775 140 635 625 50
internal_count=5768 124 5644 5577 67 4802 3235 1317 1918 1567 35 1532 775 140 635 625 50
is_linear=0
shrinkage=0.05


Tree=111
num_leaves=15
num_cat=0
split_feature=0 15 11 19 19 19 19 19 7 6 12 15 19 19
split_gain=0.000331127 7.55681e-05 0.000133191 8.25041e-05 7.29167e-05 3.61172e-05 6.72786e-05 3.99784e-05 2.93411e-05 2.48607e-05 6.15713e-05 0.00012934 1.45203e-05 6.87795e-06
threshold=2.5416666666666674 13.650000000000002 4.5000000000000009 0.59978846153846166 0.53667307692307709 0.47441346153846159 0.46442307692307699 0.4970384615384616 10.500000000000002 7.5000000000000009 1.0000000180025095e-35 12.800000000000002 0.91180769230769243 0.53667307692307709
decision_type=2 2 2 2 2 2 2 2 2 2 2 2 2 2
left_child=9 3 4 8 5 6 -3 -7 -2 10 -1 -12 -4 -10
right_child=1 2 12 -5 -6 7 -8 -9 13 -11 11 -13 -14 -15
leaf_value=0 0 0 -3.5708676415114578e-05 1.5607241901659192e-06 1.611673586961368e-05 -1.9314699927824275e-05 3.3660629187666235e-05 0 -3.449059385820874e-05 0 0 0.00014815393583698859 0 -8.4616384778529454e-06
leaf_weight=89 248 221 197 557 1241 322 209 961 319 50 53 61 11.999999999999998 1228
leaf_count=89 248 221 197 557 1241 322 209 961 319 50 53 61 12 1228
internal_value=4.99365e-07 -1.18995e-06 2.72597e-06 -8.58e-06 6.8909e-06 0 1.27206e-05 -4.00074e-06 -1.45098e-05 5.68686e-05 6.58131e-05 9.4984e-05 -3.2084e-05 -1.70777e-05
internal_weight=5768 5515 3163 2352 2954 1713 430 1283 1795 253 203 114 209 1547
internal_count=5768 5515 3163 2352 2954 1713 430 1283 1795 253 203 114 209 1547
is_linear=0
shrinkage=0.05


Tree=112
num_leaves=17
num_cat=0
split_feature=0 18 12 15 12 18 19 19 19 19 6 12 15 19 19 19
split_gain=0.000310623 0.000113802 0.000183936 6.10998e-05 4.64777e-05 0.000447505 0.000140408 2.60875e-05 6.90094e-05 6.31515e-05 2.17061e-05 5.13359e-05 0.000110726 1.46833e-05 1.18522e-05 8.77544e-06
threshold=2.5416666666666674 2.5000000000000004 384.00000000000006 12.800000000000002 756.00000000000011 4.5000000000000009 0.59978846153846166 0.47441346153846159 0.4970384615384616 0.43079807692307698 7.5000000000000009 1.0000000180025095e-35 12.800000000000002 0.4458076923076924 0.53667307692307709 0.78680769230769243
decision_type=2 2 2 2 2 2 2 2 2 2 2 2 2 2 2 2
left_child=10 7 3 -3 6 -6 -4 9 -9 -2 11 -1 -13 -11 -10 -7
right_child=1 2 4 -5 5 15 -8 8 14 13 -12 12 -14 -15 -16 -17
leaf_value=0 0 0 -7.4484529177024547e-06 -4.5284194644617599e-05 -0.00028716700648268061 1.6365879109798693e-05 2.1763907748742616e-05 -1.8351950838851191e-05 0 0.0001617942921196421 0 0 0.00014086570861118457 4.6651980857241814e-06 8.7042945164587825e-06 -1.1235165860087261e-05
leaf_weight=89 203 26 1451 410 13.999999999999998 63 570 322 961 10.999999999999998 50 53 61 211 1236 37
leaf_count=89 203 26 1451 410 14 63 570 322 961 11 50 53 61 211 1236 37
internal_value=4.7947e-07 -1.12884e-06 -9.50253e-06 -3.9738e-05 -9.71436e-07 -3.20611e-05 0 4.48686e-06 3.73505e-07 1.70718e-05 5.50896e-05 6.3598e-05 9.10547e-05 3.5563e-05 5.39987e-06 0
internal_weight=5768 5515 2571 436 2135 114 2021 2944 2519 425 253 203 114 222 2197 100
internal_count=5768 5515 2571 436 2135 114 2021 2944 2519 425 253 203 114 222 2197 100
is_linear=0
shrinkage=0.05


Tree=113
num_leaves=12
num_cat=0
split_feature=17 17 17 17 17 19 19 12 19 17 12
split_gain=0.000340107 0.000289847 0.00029704 0.000315561 0.000292042 0.000207575 0.000163084 0.000151856 0.00015097 0.000182914 1.90228e-05
threshold=6.9599592149906035 8.1868831544556162 7.8920499419587129 8.0497542698189957 7.9919350267718441 0.72430769230769243 0.63680769230769241 384.00000000000006 0.56805769230769243 7.6666386962426545 756.00000000000011
decision_type=2 2 2 2 2 2 2 2 2 2 2
left_child=7 2 6 4 -4 -3 8 -1 9 -2 -7
right_child=1 5 3 -5 -6 10 -8 -9 -10 -11 -12
leaf_value=0.00016535976498077313 1.1235683319018173e-06 -0.00026294536972677128 0 0 0.00033561711572110655 0 -0.00017900092097429128 0 2.3030427656110941e-05 -1.9381578044406804e-05 -3.4920056693805132e-05
leaf_weight=44 3415 17 41 122 19 11.999999999999998 11.999999999999998 80 583 1385 38
leaf_count=44 3415 17 41 122 19 12 12 80 583 1385 38
internal_value=5.15601e-07 -4.14227e-07 0 6.3322e-05 0.000157993 -0.000103298 -1.2791e-06 8.25025e-05 0 -3.75438e-06 0
internal_weight=5768 5644 5577 182 60 67 5395 124 5383 4800 50
internal_count=5768 5644 5577 182 60 67 5395 124 5383 4800 50
is_linear=0
shrinkage=0.05


Tree=114
num_leaves=15
num_cat=0
split_feature=17 17 17 17 17 12 12 17 17 17 17 8 12 12
split_gain=0.000316274 0.000266551 0.000280536 0.000291857 0.000248102 0.000128495 5.64837e-05 0.000119326 0.000134089 8.4576e-05 0.000591312 0.000104157 4.42389e-05 1.65641e-05
threshold=6.9599592149906035 8.1868831544556162 7.8920499419587129 8.0497542698189957 7.9919350267718441 384.00000000000006 384.00000000000006 7.3170628783230649 7.6419255179732621 7.200356359288631 7.2133000484419894 3.5000000000000004 384.00000000000006 1128.0000000000002
decision_type=2 2 2 2 2 2 2 2 2 2 2 2 2 2
left_child=5 2 6 4 -4 -1 7 -2 -9 11 -11 -8 -3 -14
right_child=1 12 3 -5 -6 -7 9 8 -10 10 -12 -13 13 -15
leaf_value=0.0001572754302372535 0 -0.0001924203951438401 0 0 0.00031967529933899641 0 -2.0551020027817905e-05 -0.00014005340954386874 -9.3861987709085678e-06 -0.00011559412444172348 0 1.3705909076142299e-05 0 -3.3011289258291445e-05
leaf_weight=44 524 20 41 122 19 80 147 37 415 114 2290 1868 9.9999999999999982 37
leaf_count=44 524 20 41 122 19 80 147 37 415 114 2290 1868 10 37
internal_value=5.49158e-07 -3.15487e-07 0 6.15797e-05 0.000152766 7.95921e-05 -1.17043e-06 -1.23279e-05 -3.14055e-05 1.64865e-07 -4.92561e-06 8.71766e-06 -9.90351e-05 0
internal_weight=5768 5644 5577 182 60 124 5395 976 452 4419 2404 2015 67 47
internal_count=5768 5644 5577 182 60 124 5395 976 452 4419 2404 2015 67 47
is_linear=0
shrinkage=0.05


Tree=115
num_leaves=12
num_cat=0
split_feature=17 7 17 17 17 17 19 19 19 17 12
split_gain=0.000294813 0.000570045 0.000246829 0.000265792 0.000270107 0.000208791 0.000172648 0.000148618 0.000135611 0.000164194 1.56297e-05
threshold=6.9599592149906035 10.500000000000002 8.1868831544556162 7.8920499419587129 8.0497542698189957 7.9919350267718441 0.72430769230769243 0.63680769230769241 0.56805769230769243 7.6666386962426545 756.00000000000011
decision_type=2 2 2 2 2 2 2 2 2 2 2
left_child=1 -1 3 7 5 -5 -4 8 9 -2 -8
right_child=2 -3 6 4 -6 -7 10 -9 -10 -11 -12
leaf_value=0.00024177584293726329 1.0334893533743512e-06 0 -0.00024144199731785597 0 0 0.00030449072737246752 0 -0.00017073933751537247 2.1880823402818653e-05 -1.834141122597884e-05 -3.1652895312827932e-05
leaf_weight=36 3415 88 17 41 122 19 11.999999999999998 11.999999999999998 583 1385 38
leaf_count=36 3415 88 17 41 122 19 12 12 583 1385 38
internal_value=4.77641e-07 7.68241e-05 -3.27281e-07 0 5.99202e-05 0.000147788 -9.53073e-05 -1.17346e-06 0 -3.51818e-06 0
internal_weight=5768 124 5644 5577 182 60 67 5395 5383 4800 50
internal_count=5768 124 5644 5577 182 60 67 5395 5383 4800 50
is_linear=0
shrinkage=0.05


Tree=116
num_leaves=11
num_cat=0
split_feature=17 17 17 17 17 19 19 19 17 19
split_gain=0.000268513 0.00022713 0.000251607 0.000250139 0.000173652 0.000153763 0.000135449 0.000121746 0.000148859 8.34175e-05
threshold=6.9599592149906035 8.1868831544556162 7.8920499419587129 8.0497542698189957 7.9919350267718441 0.72430769230769243 0.63680769230769241 0.56805769230769243 7.6666386962426545 0.48742307692307701
decision_type=2 2 2 2 2 2 2 2 2 2
left_child=9 2 6 4 -4 -3 7 8 -2 -1
right_child=1 5 3 -5 -6 -7 -8 -9 -10 -11
leaf_value=0.00013991541705197757 9.8185357167407316e-07 -0.00023004055702282737 0 0 0.00029002741351723667 0 -0.00016285903751850128 2.0788669193877956e-05 -1.7424999056068151e-05 0
leaf_weight=44 3415 17 41 122 19 50 11.999999999999998 583 1385 80
leaf_count=44 3415 17 41 122 19 50 12 583 1385 80
internal_value=4.94852e-07 -2.32598e-07 0 5.83395e-05 0.000143046 -9.14048e-05 -1.06998e-06 0 -3.29036e-06 7.33425e-05
internal_weight=5768 5644 5577 182 60 67 5395 5383 4800 124
internal_count=5768 5644 5577 182 60 67 5395 5383 4800 124
is_linear=0
shrinkage=0.05


Tree=117
num_leaves=15
num_cat=0
split_feature=17 7 17 10 17 10 12 7 15 17 17 17 8 10
split_gain=0.000250628 0.000486158 0.000213128 0.000350079 0.000238479 0.000436007 5.02316e-05 0.000443738 0.000245617 0.000197317 6.95413e-05 0.000538947 9.52662e-05 3.54821e-06
threshold=6.9599592149906035 10.500000000000002 8.1868831544556162 48.000000000000007 7.8920499419587129 24.000000000000004 384.00000000000006 10.500000000000002 13.650000000000002 7.6503990045026331 7.200356359288631 7.2133000484419894 3.5000000000000004 48.000000000000007
decision_type=2 2 2 2 2 2 2 2 2 2 2 2 2 2
left_child=1 -1 4 -4 6 -6 7 8 -2 -9 12 -12 -8 -7
right_child=2 -3 3 -5 5 13 10 9 -10 -11 11 -13 -14 -15
leaf_value=0.00022320705038067457 0 0 -0.00024743413790534046 0 0.00035927359077434699 8.7941817173193527e-06 -1.9630495603573887e-05 2.13740524661149e-05 -0.00012641651178549592 -2.8345033020741537e-05 -0.0001099645173703523 0 1.292024398498624e-05 0
leaf_weight=36 26 88 22 45 11.999999999999998 154 147 516 115 319 114 2290 1868 15.999999999999998
leaf_count=36 26 88 22 45 12 154 147 516 115 319 114 2290 1868 16
internal_value=5.19628e-07 7.088e-05 -1.52749e-07 -8.85293e-05 2.82762e-08 5.68339e-05 -9.71624e-07 -1.15541e-05 -9.34386e-05 0 2.36522e-07 -4.24e-06 8.05686e-06 4.26931e-06
internal_weight=5768 124 5644 67 5577 182 5395 976 141 835 4419 2404 2015 170
internal_count=5768 124 5644 67 5577 182 5395 976 141 835 4419 2404 2015 170
is_linear=0
shrinkage=0.05


Tree=118
num_leaves=12
num_cat=0
split_feature=17 7 17 17 17 17 19 19 19 17 12
split_gain=0.000228432 0.000438426 0.000194305 0.000225629 0.000218643 0.000154746 0.000134405 0.000123591 0.000108806 0.000131393 1.02794e-05
threshold=6.9599592149906035 10.500000000000002 8.1868831544556162 7.8920499419587129 8.0497542698189957 7.9919350267718441 0.72430769230769243 0.63680769230769241 0.56805769230769243 7.6666386962426545 756.00000000000011
decision_type=2 2 2 2 2 2 2 2 2 2 2
left_child=1 -1 3 7 5 -5 -4 8 9 -2 -8
right_child=2 -3 6 4 -6 -7 10 -9 -10 -11 -12
leaf_value=0.00021234837536876266 9.0058845646032699e-07 0 -0.00021367900021788144 0 0 0.00027320482209324838 0 -0.00015534247450817089 1.9751089610707985e-05 -1.6336665100056522e-05 -2.5669714512052729e-05
leaf_weight=36 3415 88 17 41 122 19 11.999999999999998 11.999999999999998 583 1385 38
leaf_count=36 3415 88 17 41 122 19 12 12 583 1385 38
internal_value=4.81317e-07 6.76658e-05 -1.20728e-07 1.18871e-08 5.5286e-05 0.000134649 -8.45267e-05 -9.36068e-07 0 -3.03399e-06 0
internal_weight=5768 124 5644 5577 182 60 67 5395 5383 4800 50
internal_count=5768 124 5644 5577 182 60 67 5395 5383 4800 50
is_linear=0
shrinkage=0.05


Tree=119
num_leaves=12
num_cat=0
split_feature=17 7 17 11 17 11 19 19 7 17 11
split_gain=0.000208146 0.000395296 0.000179073 0.000312289 0.000213939 0.000387547 0.000112628 0.000102225 0.000285728 0.000102221 2.53169e-06
threshold=6.9599592149906035 10.500000000000002 8.1868831544556162 5.5000000000000009 7.8920499419587129 4.5000000000000009 0.63680769230769241 0.51805769230769239 10.500000000000002 7.200356359288631 5.5000000000000009
decision_type=2 2 2 2 2 2 2 2 2 2 2
left_child=1 -1 4 -4 6 -6 7 8 -2 -9 -7
right_child=2 -3 3 -5 5 10 -8 9 -10 -11 -12
leaf_value=0.00020201791379902817 -8.1686334651229637e-05 0 -0.00023110292273644439 0 0.00033953941704776999 6.947216022038651e-06 -0.00014817283990291449 1.2229572373171775e-05 0 -2.1745135551296005e-06 0
leaf_weight=36 139 88 22 45 11.999999999999998 154 11.999999999999998 1868 896 2480 15.999999999999998
leaf_count=36 139 88 22 45 12 154 12 1868 896 2480 16
internal_value=4.95805e-07 6.4608e-05 -3.82121e-08 -8.11385e-05 5.40891e-08 5.38677e-05 -8.44343e-07 0 -1.45675e-05 2.86551e-06 2.59516e-06
internal_weight=5768 124 5644 67 5577 182 5395 5383 1035 4348 170
internal_count=5768 124 5644 67 5577 182 5395 5383 1035 4348 170
is_linear=0
shrinkage=0.05


Tree=120
num_leaves=12
num_cat=0
split_feature=17 7 17 17 17 17 19 19 19 17 13
split_gain=0.000189992 0.000356329 0.000162936 0.000203155 0.000190726 0.000137858 0.000120613 0.000102184 9.94407e-05 0.000122379 6.41033e-06
threshold=6.9599592149906035 10.500000000000002 8.1868831544556162 7.8920499419587129 8.0497542698189957 7.9919350267718441 0.72430769230769243 0.63680769230769241 0.56805769230769243 7.6714616578013848 9.4828921423310444
decision_type=2 2 2 2 2 2 2 2 2 2 2
left_child=1 -1 3 7 5 -5 -4 8 9 -2 -8
right_child=2 -3 6 4 -6 -7 10 -9 -10 -11 -12
leaf_value=0.00019218995739277956 0 0 -0.0001984529801282204 0 0 0.00025740312784910203 0 -0.00014133409525339419 1.8873578623217876e-05 -2.9178861945098684e-05 -2.0271133212074153e-05
leaf_weight=36 4394 88 17 41 122 19 11.999999999999998 11.999999999999998 583 406 38
leaf_count=36 4394 88 17 41 122 19 12 12 583 406 38
internal_value=3.94809e-07 6.1699e-05 -7.70088e-08 0 5.24621e-05 0.000126781 -7.74001e-05 -8.84373e-07 0 -2.90708e-06 0
internal_weight=5768 124 5644 5577 182 60 67 5395 5383 4800 50
internal_count=5768 124 5644 5577 182 60 67 5395 5383 4800 50
is_linear=0
shrinkage=0.05


Tree=121
num_leaves=16
num_cat=0
split_feature=17 7 17 17 17 12 17 12 12 7 15 17 17 17 17
split_gain=0.000173371 0.000321126 0.000156619 9.51175e-05 0.000274265 0.000227222 0.000201095 4.88408e-05 3.71173e-05 0.000364301 0.000223218 0.000169754 5.16748e-05 0.000488781 2.87063e-05
threshold=6.9599592149906035 10.500000000000002 8.6973007686733208 7.8920499419587129 8.0497542698189957 756.00000000000011 8.0434510209488543 756.00000000000011 384.00000000000006 10.500000000000002 13.650000000000002 7.6503990045026331 7.200356359288631 7.2133000484419894 7.0395900374172458
decision_type=2 2 2 2 2 2 2 2 2 2 2 2 2 2 2
left_child=1 -1 3 8 5 -5 -7 -6 9 10 -2 -11 14 -14 -10
right_child=2 -3 -4 4 7 6 -8 -9 12 11 -12 -13 13 -15 -16
leaf_value=0.00018284012060109024 0 0 -0.00013047897013957084 0 2.5270810962632988e-05 0.00034215997945626872 0 -2.8450158358052234e-05 0 2.0262459887469069e-05 -0.00011617423476779771 -2.5746469524165147e-05 -0.00010445099550744763 0 9.8082306328894698e-06
leaf_weight=36 26 88 22 28 85 15.999999999999998 15.999999999999998 82 267 516 115 319 114 2290 1748
leaf_count=36 26 88 22 28 85 16 16 82 267 516 115 319 114 2290 1748
internal_value=3.50396e-07 5.89314e-05 -6.11145e-08 0 3.20221e-05 0.000122772 0.000212311 0 -8.60827e-07 -9.95334e-06 -8.4234e-05 0 1.79617e-08 -3.68724e-06 6.91826e-06
internal_weight=5768 124 5644 5622 227 60 32 167 5395 976 141 835 4419 2404 2015
internal_count=5768 124 5644 5622 227 60 32 167 5395 976 141 835 4419 2404 2015
is_linear=0
shrinkage=0.05


Tree=122
num_leaves=14
num_cat=0
split_feature=17 17 17 17 17 12 17 17 16 17 16 17 17
split_gain=0.000158237 0.000143 0.00012354 0.000219253 0.000132815 6.51094e-05 3.37801e-05 6.67739e-05 0.000229586 1.9785e-05 8.18674e-05 7.44049e-05 1.3138e-06
threshold=6.9599592149906035 8.3911170456645259 7.8920499419587129 8.0497542698189957 7.9919350267718441 1756.0000000000002 7.6503990045026331 7.6893425732886129 1.5000000000000002 7.2133000484419894 1.5000000000000002 7.200356359288631 7.784864722929397
decision_type=2 2 2 2 2 2 2 2 2 2 2 2 2
left_child=-1 2 6 4 -4 -3 9 8 -8 11 -11 -2 -9
right_child=1 5 3 -5 -6 -7 7 12 -10 10 -12 -13 -14
leaf_value=5.6298531838692723e-05 1.20536277447071e-06 -0.00013881488892905137 0 0 0.00024346568033797668 0 0.00015005575058360892 5.5806258778003108e-06 -1.8732307947808979e-05 0 2.8148913848219552e-05 -3.8659382558076597e-05 0
leaf_weight=124 2530 26 41 149 19 13.999999999999998 13.999999999999998 109 1384 266 326 121 645
leaf_count=124 2530 26 41 149 19 14 14 109 1384 266 326 121 645
internal_value=3.23343e-07 -3.04603e-08 0 3.81315e-05 0.000118285 -9.3379e-05 -8.06342e-07 -6.20847e-06 -1.3362e-05 1.23792e-06 9.5809e-06 0 4.3256e-07
internal_weight=5768 5644 5604 209 60 40 5395 2152 1398 3243 592 2651 754
internal_count=5768 5644 5604 209 60 40 5395 2152 1398 3243 592 2651 754
is_linear=0
shrinkage=0.05


Tree=123
num_leaves=12
num_cat=0
split_feature=17 7 17 10 17 10 19 19 7 17 10
split_gain=0.000142794 0.000290667 0.000131749 0.000285675 0.000172549 0.000311894 9.47795e-05 8.94686e-05 0.000226129 8.04245e-05 7.80349e-07
threshold=6.9599592149906035 10.500000000000002 8.1868831544556162 48.000000000000007 7.8920499419587129 24.000000000000004 0.63680769230769241 0.51805769230769239 10.500000000000002 7.200356359288631 48.000000000000007
decision_type=2 2 2 2 2 2 2 2 2 2 2
left_child=1 -1 4 -4 6 -6 7 8 -2 -9 -7
right_child=2 -3 3 -5 5 10 -8 9 -10 -11 -12
leaf_value=0.00017120638761568713 -7.3423607008797791e-05 0 -0.00021300582782437824 0 0.00030492908589971752 3.5477138514960948e-06 -0.0001356771094008134 1.1099528710279613e-05 0 -1.4269546634644864e-06 0
leaf_weight=36 139 88 22 45 11.999999999999998 154 11.999999999999998 1868 896 2480 15.999999999999998
leaf_count=36 139 88 22 45 12 154 12 1868 896 2480 16
internal_value=3.8982e-07 5.35061e-05 0 -6.95951e-05 5.25426e-08 4.84192e-05 -6.61162e-07 0 -1.35218e-05 2.80633e-06 0
internal_weight=5768 124 5644 67 5577 182 5395 5383 1035 4348 170
internal_count=5768 124 5644 67 5577 182 5395 5383 1035 4348 170
is_linear=0
shrinkage=0.05


Tree=124
num_leaves=15
num_cat=0
split_feature=17 17 19 17 19 17 15 17 17 12 17 17 17 17
split_gain=0.000130111 0.000124148 0.000114627 8.56252e-05 0.000138859 0.000331441 8.99261e-05 0.000113803 6.92491e-05 5.08141e-05 4.56062e-05 8.37934e-06 8.10747e-05 3.36245e-06
threshold=8.6973007686733208 6.9599592149906035 0.55267307692307699 7.6666386962426545 0.53667307692307709 7.200356359288631 12.800000000000002 7.704542828043297 7.200356359288631 1756.0000000000002 7.6893425732886129 7.9298269008935653 8.0497542698189957 7.784864722929397
decision_type=2 2 2 2 2 2 2 2 2 2 2 2 2 2
left_child=1 -1 3 4 8 -6 7 -5 -3 11 -8 13 -13 -4
right_child=-2 2 9 6 5 -7 10 -9 -10 -11 -12 12 -14 -15
leaf_value=5.1040728977532119e-05 -0.0001161897267245323 0 2.8394569332400953e-05 0.00014455964043736457 9.5702426082207832e-07 8.5174669174624521e-05 -2.1392789672622364e-05 0 -1.8292461325522183e-05 0 0 0.00010053874473167775 0 0
leaf_weight=124 22 1361 38 13.999999999999998 1169 151 1203 21 734 20 149 57 147 558
leaf_count=124 22 1361 38 14 1169 151 1203 21 734 20 149 57 147 558
internal_value=2.94119e-07 1.63027e-06 0 -2.41157e-06 5.01171e-07 1.44332e-05 -1.31807e-05 2.83608e-05 -5.89421e-06 1.77489e-05 -1.79717e-05 2.19427e-05 4.32564e-05 6.21201e-06
internal_weight=5768 5746 5622 4802 3415 1320 1387 35 2095 820 1352 800 204 596
internal_count=5768 5746 5622 4802 3415 1320 1387 35 2095 820 1352 800 204 596
is_linear=0
shrinkage=0.05


Tree=125
num_leaves=11
num_cat=0
split_feature=17 10 18 17 0 12 6 17 17 12
split_gain=0.000121574 0.000261394 0.000151872 0.000519309 0.000130457 0.000347498 5.6008e-05 4.22769e-05 0.00015907 4.8148e-05
threshold=8.1868831544556162 48.000000000000007 4.5000000000000009 8.0497542698189957 2.5416666666666674 756.00000000000011 7.5000000000000009 7.6893425732886129 7.6714616578013848 384.00000000000006
decision_type=2 2 2 2 2 2 2 2 2 2
left_child=2 -2 4 -4 6 7 -1 8 -6 -9
right_child=1 -3 3 -5 5 -7 -8 9 -10 -11
leaf_value=4.7604786854136888e-05 -0.00020155565806224173 0 0.00029929230155080168 0 0 -0.00024119158772130806 0 0 -4.1646468443367403e-05 1.8488995326086392e-05
leaf_weight=203 22 45 18 122 4374 13.999999999999998 30 91 238 611
leaf_count=203 22 45 18 122 4374 14 30 91 238 611
internal_value=4.03107e-07 -6.42699e-05 2.05119e-06 5.35061e-05 0 -8.5057e-07 3.7112e-05 0 -1.91146e-06 1.12414e-05
internal_weight=5768 67 5701 140 5561 5328 233 5314 4612 702
internal_count=5768 67 5701 140 5561 5328 233 5314 4612 702
is_linear=0
shrinkage=0.05


Tree=126
num_leaves=15
num_cat=0
split_feature=17 7 17 17 17 12 12 12 7 16 17 17 17 17
split_gain=0.00011511 0.000258097 0.000108189 7.34861e-05 0.000202591 0.000376756 3.05708e-05 2.84428e-05 0.000302795 0.000198958 0.000138914 3.49957e-05 0.000443725 2.46593e-05
threshold=6.9599592149906035 10.500000000000002 8.6973007686733208 7.8920499419587129 8.0434510209488543 756.00000000000011 756.00000000000011 384.00000000000006 10.500000000000002 2.5000000000000004 7.6503990045026331 7.200356359288631 7.2133000484419894 7.0395900374172458
decision_type=2 2 2 2 2 2 2 2 2 2 2 2 2 2
left_child=1 -1 3 7 5 -5 -6 8 9 -2 -10 13 -13 -9
right_child=2 -3 -4 4 6 -7 -8 11 10 -11 -12 12 -14 -15
leaf_value=0.00015885046557397454 0 0 -0.00010844200715402384 0 2.5940241568266999e-05 0.00030968202449216999 -1.3691399130626873e-05 0 1.8755499664441877e-05 -0.00010696396592940235 -2.2736244314728537e-05 -9.8989478697109469e-05 0 8.6745088722976428e-06
leaf_weight=36 26 88 22 28 85 15.999999999999998 98 267 516 115 319 114 2290 1748
leaf_count=36 26 88 22 28 85 16 98 267 516 115 319 114 2290 1748
internal_value=3.28351e-07 4.80331e-05 0 0 2.82519e-05 0.00012369 0 -5.66559e-07 -8.63254e-06 -7.64436e-05 0 8.52586e-08 -2.70231e-06 5.89083e-06
internal_weight=5768 124 5644 5622 227 44 183 5395 976 141 835 4419 2404 2015
internal_count=5768 124 5644 5622 227 44 183 5395 976 141 835 4419 2404 2015
is_linear=0
shrinkage=0.05


Tree=127
num_leaves=14
num_cat=0
split_feature=17 17 19 19 17 19 19 17 17 12 17 17 17
split_gain=0.000106284 9.77459e-05 0.000109239 8.47056e-05 7.25519e-05 0.00010518 6.97939e-05 0.000173904 0.00061683 6.93201e-05 0.000188683 5.55111e-05 4.12366e-05
threshold=8.3911170456645259 6.9599592149906035 0.55267307692307699 0.91180769230769243 7.6714616578013848 0.51805769230769239 0.65192307692307705 7.9919350267718441 8.0497542698189957 1.0000000180025095e-35 7.6893425732886129 7.200356359288631 7.3170628783230649
decision_type=2 2 2 2 2 2 2 2 2 2 2 2 2
left_child=1 -1 4 -2 5 12 -4 -8 -9 -6 -11 -7 -3
right_child=3 2 6 -5 9 11 7 8 -10 10 -12 -13 -14
leaf_value=4.5745607281569388e-05 -0.0001282825411869583 0 2.5142259471532372e-05 0 0 1.0109259299744558e-05 -0.00019880532519891858 0.00028406187646875256 -9.4095176307134093e-06 -6.8418627363007038e-05 0 -3.2321462659255084e-07 -3.2226971461628845e-05
leaf_weight=124 27 671 674 12.999999999999998 151 1868 9.9999999999999982 18 100 180 77 1554 301
leaf_count=124 27 671 674 13 151 1868 10 18 100 180 77 1554 301
internal_value=3.01013e-07 1.7336e-06 0 -7.7933e-05 -2.08565e-06 0 1.77223e-05 0 0 -2.22386e-05 -3.81537e-05 3.91224e-06 -1.47106e-05
internal_weight=5768 5728 5604 40 4802 4394 802 128 118 408 257 3422 972
internal_count=5768 5728 5604 40 4802 4394 802 128 118 408 257 3422 972
is_linear=0
shrinkage=0.05


Tree=128
num_leaves=13
num_cat=0
split_feature=17 17 17 17 17 12 12 17 17 17 17 17
split_gain=9.45486e-05 8.90135e-05 8.67516e-05 0.000164373 0.000191577 5.74892e-05 2.19582e-05 7.74123e-05 0.000105004 2.65176e-05 0.000401054 2.13304e-05
threshold=8.3911170456645259 6.9599592149906035 7.8920499419587129 8.0434510209488543 7.9877857129513661 1756.0000000000002 384.00000000000006 7.3170628783230649 7.6419255179732621 7.200356359288631 7.2133000484419894 7.0395900374172458
decision_type=2 2 2 2 2 2 2 2 2 2 2 2
left_child=1 -1 6 4 -4 -2 7 -3 -9 11 -11 -8
right_child=5 2 3 -5 -6 -7 9 8 -10 10 -12 -13
leaf_value=4.3476613065431593e-05 -0.00011650415917823987 0 0 0 0.00030341982531050839 0 0 -0.00011575382558236781 -3.0100082529735605e-06 -9.4067030829255997e-05 0 7.7358123155714393e-06
leaf_weight=124 26 524 33 165 10.999999999999998 13.999999999999998 267 37 415 114 2290 1748
leaf_count=124 26 524 33 165 11 14 267 37 415 114 2290 1748
internal_value=1.47546e-07 1.54883e-06 0 3.19886e-05 0.000117928 -7.3709e-05 -6.07657e-07 -7.63068e-06 -2.35117e-05 0 -2.49364e-06 5.04636e-06
internal_weight=5768 5728 5604 209 44 40 5395 976 452 4419 2404 2015
internal_count=5768 5728 5604 209 44 40 5395 976 452 4419 2404 2015
is_linear=0
shrinkage=0.05


Tree=129
num_leaves=11
num_cat=0
split_feature=17 10 18 17 0 12 6 17 17 12
split_gain=8.74023e-05 0.000240506 0.000129283 0.000414476 0.000102746 0.000321525 5.55265e-05 3.21393e-05 0.000122673 4.00554e-05
threshold=8.1868831544556162 48.000000000000007 4.5000000000000009 8.0497542698189957 2.5416666666666674 756.00000000000011 7.5000000000000009 7.6893425732886129 7.6714616578013848 384.00000000000006
decision_type=2 2 2 2 2 2 2 2 2 2
left_child=2 -2 4 -4 6 7 -1 8 -6 -9
right_child=1 -3 3 -5 5 -7 -8 9 -10 -11
leaf_value=4.3761148026176532e-05 -0.00018700142863646921 0 0.00026900934602293232 0 0 -0.00023221065476536752 0 0 -3.6712560995587119e-05 1.6421780589012296e-05
leaf_weight=203 22 45 18 122 4374 13.999999999999998 30 91 238 611
leaf_count=203 22 45 18 122 4374 14 30 91 238 611
internal_value=1.21853e-07 -5.46424e-05 1.65181e-06 4.90162e-05 0 -9.70057e-07 3.28068e-05 0 -1.82983e-06 9.60845e-06
internal_weight=5768 67 5701 140 5561 5328 233 5314 4612 702
internal_count=5768 67 5701 140 5561 5328 233 5314 4612 702
is_linear=0
shrinkage=0.05


Tree=130
num_leaves=16
num_cat=0
split_feature=17 7 17 19 19 19 17 17 17 7 12 17 7 17 17
split_gain=8.35622e-05 0.00022916 7.52426e-05 8.68372e-05 7.13084e-05 6.54054e-05 0.000153436 0.000501831 6.04675e-05 0.000149936 0.000817603 0.0005226 5.22796e-05 0.000119141 5.09444e-05
threshold=6.9599592149906035 10.500000000000002 8.3911170456645259 0.55267307692307699 0.91180769230769243 0.65192307692307705 7.9919350267718441 8.0497542698189957 7.6666386962426545 10.500000000000002 1.0000000180025095e-35 7.200356359288631 10.500000000000002 7.704542828043297 7.6893425732886129
decision_type=2 2 2 2 2 2 2 2 2 2 2 2 2 2 2
left_child=1 -1 3 8 -4 -5 -7 -8 9 10 -2 -11 13 -10 -14
right_child=2 -3 4 5 -6 6 7 -9 12 11 -12 -13 14 -15 -16
leaf_value=0.00014536279278832512 -0.00023238206657058579 0 -0.00011438926408508059 2.3137274481080201e-05 0 -0.00018674019099721177 0.0002562668311752771 -8.2030991382786217e-06 0.00014091409773876268 0 -3.522304006952773e-07 6.452406572335793e-05 -1.8861228175673242e-05 0 0
leaf_weight=36 40 88 27 674 12.999999999999998 9.9999999999999982 18 100 13.999999999999998 1736 1277 362 1203 23 147
leaf_count=36 40 88 27 674 13 10 18 100 14 1736 1277 362 1203 23 147
internal_value=5.54936e-08 4.08826e-05 0 0 -6.77345e-05 1.56962e-05 0 0 -2.00232e-06 2.21167e-07 -1.1364e-05 9.87771e-06 -1.10754e-05 0 -1.49254e-05
internal_weight=5768 124 5644 5604 40 802 128 118 4802 3415 1317 2098 1387 37 1350
internal_count=5768 124 5644 5604 40 802 128 118 4802 3415 1317 2098 1387 37 1350
is_linear=0
shrinkage=0.05


Tree=131
num_leaves=11
num_cat=0
split_feature=0 6 18 12 15 7 6 12 12 12
split_gain=5.0676e-05 7.64525e-05 2.62549e-05 7.59632e-05 4.78259e-05 3.0275e-05 2.60342e-05 1.08785e-05 0.000278102 0.000274558
threshold=2.5416666666666674 7.5000000000000009 2.5000000000000004 384.00000000000006 12.800000000000002 10.500000000000002 7.5000000000000009 1128.0000000000002 756.00000000000011 1756.0000000000002
decision_type=2 2 2 2 2 2 2 2 2 2
left_child=1 -1 5 4 -4 -2 -6 8 -5 -9
right_child=2 -3 3 7 6 -7 -8 9 -10 -11
leaf_value=3.9460106208400037e-05 -1.727924090106731e-06 0 0 0 -3.561819546729238e-05 6.6541312967609367e-06 0 0.00020446710286812638 -9.5218981982075741e-05 0
leaf_weight=203 1045 50 26 2021 337 1899 73 15.999999999999998 76 22
leaf_count=203 1045 50 26 2021 337 1899 73 16 76 22
internal_value=0 2.23181e-05 -1.77046e-07 -4.59255e-06 -2.3637e-05 1.98147e-06 -2.97483e-05 0 -1.1709e-06 2.49717e-05
internal_weight=5768 253 5515 2571 436 2944 410 2135 2097 38
internal_count=5768 253 5515 2571 436 2944 410 2135 2097 38
is_linear=0
shrinkage=0.05


Tree=132
num_leaves=13
num_cat=0
split_feature=17 17 19 19 12 17 17 17 19 17 19 17
split_gain=7.93025e-05 6.97824e-05 7.57728e-05 5.26869e-05 4.67132e-05 6.71621e-05 6.00688e-05 0.000379076 3.11229e-05 1.98006e-05 6.61103e-05 2.67644e-05
threshold=8.6973007686733208 6.9599592149906035 0.51805769230769239 0.47441346153846159 1128.0000000000002 8.2106037135369139 7.200356359288631 7.2133000484419894 0.53667307692307709 7.3170628783230649 0.46442307692307699 7.6714616578013848
decision_type=2 2 2 2 2 2 2 2 2 2 2 2
left_child=1 -1 3 9 6 -6 8 -8 -4 10 -3 -11
right_child=-2 2 4 -5 5 -7 7 -9 -10 11 -12 -13
leaf_value=3.8171506508806486e-05 -9.1027767275986461e-05 -1.3192644286336308e-06 1.8192095788461826e-05 -3.1535195847672805e-05 0.00016967409480871118 0 -9.1148819409958697e-05 3.223759250817373e-07 0 -1.9982663109321728e-05 2.81106655352882e-05 0
leaf_weight=124 22 197 699 278 10.000000000000002 11.999999999999998 114 2583 1169 288 209 63
leaf_count=124 22 197 699 278 10 12 114 2583 1169 288 209 63
internal_value=0 1.15577e-06 0 -1.18607e-05 3.08597e-06 8.04274e-05 1.60066e-06 -1.72316e-06 9.07314e-06 0 1.57746e-06 -1.17368e-05
internal_weight=5768 5746 5622 1035 4587 22 4565 2697 1868 757 406 351
internal_count=5768 5746 5622 1035 4587 22 4565 2697 1868 757 406 351
is_linear=0
shrinkage=0.05


Tree=133
num_leaves=13
num_cat=0
split_feature=17 10 17 10 17 17 17 12 17 17 17 17
split_gain=7.48802e-05 0.000218655 0.000107658 0.000220141 6.67813e-05 2.06879e-05 3.99946e-05 4.52404e-05 3.53574e-05 2.96109e-05 4.92831e-05 1.8871e-08
threshold=8.1868831544556162 48.000000000000007 7.8920499419587129 24.000000000000004 6.9599592149906035 7.6419255179732621 7.2133000484419894 384.00000000000006 7.200356359288631 7.6893425732886129 7.6831204213495203 7.784864722929397
decision_type=2 2 2 2 2 2 2 2 2 2 2 2
left_child=2 -2 4 -4 -1 6 8 -8 -6 10 -7 -11
right_child=1 -3 3 -5 5 9 7 -9 -10 11 -12 -13
leaf_value=3.6278194269980298e-05 -0.0001772264519240707 0 0.00025281856015611152 0 0 -1.0930541987382128e-06 0 2.3091233014209988e-05 -2.6917223833867761e-05 6.5489485859870666e-07 -3.2838370453606803e-05 0
leaf_weight=124 22 45 11.999999999999998 170 2530 1320 39 402 121 109 229 645
leaf_count=124 22 45 12 170 2530 1320 39 402 121 109 229 645
internal_value=0 -5.0842e-05 1.41562e-06 3.91559e-05 0 -6.72428e-07 7.61614e-07 1.51748e-05 0 -4.7674e-06 -9.03016e-06 0
internal_weight=5768 67 5701 182 5519 5395 3092 441 2651 2303 1549 754
internal_count=5768 67 5701 182 5519 5395 3092 441 2651 2303 1549 754
is_linear=0
shrinkage=0.05


Tree=134
num_leaves=13
num_cat=0
split_feature=2 6 19 18 15 15 10 19 19 19 12 10
split_gain=4.18088e-05 7.17074e-05 2.61026e-05 4.79293e-05 7.69262e-05 2.80199e-05 2.63591e-05 2.04319e-05 4.70701e-05 1.07886e-05 8.4861e-06 1.34076e-07
threshold=30.500000000000004 7.5000000000000009 0.53667307692307709 2.5000000000000004 12.800000000000002 13.650000000000002 24.000000000000004 0.47441346153846159 0.46442307692307699 0.4970384615384616 756.00000000000011 24.000000000000004
decision_type=2 2 2 2 2 2 2 2 2 2 2 2
left_child=1 -1 3 7 -5 11 -7 8 -2 -9 -8 -4
right_child=2 -3 5 4 -6 6 10 9 -10 -11 -12 -13
leaf_value=3.7293920490899876e-05 0 0 -5.2310482608692427e-07 0 -3.2970395919759404e-05 1.0841402077849434e-05 0 -1.185348777822363e-05 2.6756716315590203e-05 0 -1.4080957957830663e-05 0
leaf_weight=203 216 50 1228 248 337 1241 90 322 209 961 106 557
leaf_count=203 216 50 1228 248 337 1241 90 322 209 961 106 557
internal_value=0 2.02797e-05 -1.04208e-07 -4.90907e-06 -1.72863e-05 1.76438e-06 7.46256e-06 0 8.75706e-06 -3.78672e-06 0 -2.49495e-08
internal_weight=5768 253 5515 2293 585 3222 1437 1708 425 1283 196 1785
internal_count=5768 253 5515 2293 585 3222 1437 1708 425 1283 196 1785
is_linear=0
shrinkage=0.05


Tree=135
num_leaves=12
num_cat=0
split_feature=17 18 17 17 0 0 12 12 17 17 12
split_gain=6.78029e-05 5.98585e-05 0.000378133 7.01888e-05 0.000220757 7.12428e-05 4.17707e-05 3.18236e-05 1.61526e-05 9.32024e-05 2.56098e-05
threshold=8.6973007686733208 4.5000000000000009 8.0497542698189957 7.8479119156778632 2.5416666666666674 2.5416666666666674 1.0000000180025095e-35 756.00000000000011 7.6893425732886129 7.6714616578013848 384.00000000000006
decision_type=2 2 2 2 2 2 2 2 2 2 2
left_child=1 3 -3 5 -5 6 -1 -4 9 -7 -10
right_child=-2 2 7 4 -6 8 -8 -9 10 -11 -12
leaf_value=0 -8.4227511327733971e-05 0.00024075744472946482 2.5590818813937e-05 0 -0.00025673895502801648 0 5.1119159138120646e-05 -1.6732603551382309e-05 0 -3.1917674825468325e-05 1.2429653043478825e-05
leaf_weight=87 22 18 85 38 9.9999999999999982 4382 108 82 91 238 607
leaf_count=87 22 18 85 38 10 4382 108 82 91 238 607
internal_value=0 1.05024e-06 2.89591e-05 0 -5.94482e-05 6.46048e-07 3.03389e-05 0 0 -1.50541e-06 6.5413e-06
internal_weight=5768 5746 185 5561 48 5513 195 167 5318 4620 698
internal_count=5768 5746 185 5561 48 5513 195 167 5318 4620 698
is_linear=0
shrinkage=0.05


Tree=136
num_leaves=10
num_cat=0
split_feature=17 11 18 17 19 17 19 19 17
split_gain=6.20025e-05 0.000199101 0.000114334 0.000282063 0.000133575 5.72904e-05 5.98442e-05 4.5003e-05 4.42697e-05
threshold=8.1868831544556162 5.5000000000000009 4.5000000000000009 8.0497542698189957 0.65192307692307705 6.9599592149906035 0.51805769230769239 0.47441346153846159 7.200356359288631
decision_type=2 2 2 2 2 2 2 2 2
left_child=2 -2 4 -4 5 -1 7 -7 -8
right_child=1 -3 3 -5 -6 6 8 -9 -10
leaf_value=3.3973978045978585e-05 -0.00016737061562826453 0 0.00022935314135362494 0 -0.0001739607207392427 0 8.3939051794993459e-06 -2.9373196375933491e-05 -3.9291368765147895e-07
leaf_weight=124 22 45 18 122 9.9999999999999982 757 1868 278 2524
leaf_count=124 22 45 18 122 10 757 1868 278 2524
internal_value=0 -4.64227e-05 1.21817e-06 4.5686e-05 0 4.35497e-07 0 -1.11245e-05 2.20717e-06
internal_weight=5768 67 5701 140 5561 5551 5427 1035 4392
internal_count=5768 67 5701 140 5561 5551 5427 1035 4392
is_linear=0
shrinkage=0.05


Tree=137
num_leaves=12
num_cat=0
split_feature=17 12 17 17 12 0 17 17 17 15 17
split_gain=5.83439e-05 6.17041e-05 5.97362e-05 5.21774e-05 1.1157e-05 0.000228556 4.54602e-05 7.29299e-05 2.42274e-05 1.43267e-05 3.69437e-07
threshold=8.6973007686733208 1128.0000000000002 8.2106037135369139 6.9599592149906035 756.00000000000011 2.5416666666666674 7.6893425732886129 7.6831204213495203 8.0497542698189957 12.800000000000002 8.0434510209488543
decision_type=2 2 2 2 2 2 2 2 2 2 2
left_child=1 3 -3 -1 6 10 7 -5 -7 -8 -6
right_child=-2 2 -4 4 5 8 9 -9 -10 -11 -12
leaf_value=3.228886540979147e-05 -7.8379987554280488e-05 0.00016737596110694781 0 0 4.6893820953777093e-06 -0.00020975772477686404 0 -2.9206689133349321e-05 0 1.2906533525799029e-05 0
leaf_weight=124 22 10.000000000000002 11.999999999999998 4404 41 13.999999999999998 21 229 62 813 15.999999999999998
leaf_count=124 22 10 12 4404 41 14 21 229 62 813 16
internal_value=0 8.90867e-07 8.3098e-05 0 -1.4775e-07 -1.44591e-05 0 -1.73019e-06 -8.82298e-05 1.09314e-05 0
internal_weight=5768 5746 22 5724 5600 133 5467 4633 76 834 57
internal_count=5768 5746 22 5724 5600 133 5467 4633 76 834 57
is_linear=0
shrinkage=0.05


Tree=138
num_leaves=12
num_cat=0
split_feature=0 6 19 15 10 19 15 19 19 12 10
split_gain=2.62777e-05 6.75538e-05 2.35187e-05 2.4581e-05 2.11867e-05 2.02639e-05 1.23508e-05 2.05269e-05 7.12103e-06 4.52459e-06 2.89893e-09
threshold=2.5416666666666674 7.5000000000000009 0.53667307692307709 13.650000000000002 24.000000000000004 0.4458076923076924 12.800000000000002 0.51805769230769239 0.43079807692307698 756.00000000000011 24.000000000000004
decision_type=2 2 2 2 2 2 2 2 2 2 2
left_child=1 -1 5 10 -5 8 -7 -8 -2 -6 -4
right_child=2 -3 3 4 9 6 7 -9 -10 -11 -12
leaf_value=3.3896676271551232e-05 0 0 -9.284772335394795e-08 9.901853007955805e-06 0 0 -1.511010220356454e-05 0 3.851684974506495e-05 -1.0281769062662234e-05 0
leaf_weight=203 203 50 1228 1241 90 248 807 1024 10.999999999999998 106 557
leaf_count=203 203 50 1228 1241 90 248 807 1024 11 106 557
internal_value=0 1.60595e-05 -1.83585e-07 1.51094e-06 6.91731e-06 -4.74387e-06 -7.01251e-06 -8.52563e-06 0 0 -4.32932e-08
internal_weight=5768 253 5515 3222 1437 2293 2079 1831 214 196 1785
internal_count=5768 253 5515 3222 1437 2293 2079 1831 214 196 1785
is_linear=0
shrinkage=0.05


Tree=139
num_leaves=10
num_cat=0
split_feature=17 11 18 17 19 17 19 17 17
split_gain=5.34699e-05 0.000187106 0.000107102 0.000250326 0.000117443 4.68887e-05 4.97059e-05 3.98756e-05 3.81793e-05
threshold=8.1868831544556162 5.5000000000000009 4.5000000000000009 8.0497542698189957 0.65192307692307705 6.9599592149906035 0.51805769230769239 7.200356359288631 7.200356359288631
decision_type=2 2 2 2 2 2 2 2 2
left_child=2 -2 4 -4 5 -1 7 -7 -8
right_child=1 -3 3 -5 -6 6 8 -9 -10
leaf_value=3.0662398246349769e-05 -0.00016093877570592271 0 0.00021755600749441469 0 -0.00016329196080650118 -1.7755217702713758e-05 7.6647440088417551e-06 0 -4.8429961731233213e-07
leaf_weight=124 22 45 18 122 9.9999999999999982 662 1868 373 2524
leaf_count=124 22 45 18 122 10 662 1868 373 2524
internal_value=0 -4.33799e-05 1.0008e-06 4.40395e-05 0 2.32921e-07 0 -1.02724e-05 1.84442e-06
internal_weight=5768 67 5701 140 5561 5551 5427 1035 4392
internal_count=5768 67 5701 140 5561 5551 5427 1035 4392
is_linear=0
shrinkage=0.05


Tree=140
num_leaves=11
num_cat=0
split_feature=17 12 17 19 17 19 17 0 17 12
split_gain=4.96056e-05 6.17426e-05 5.41953e-05 4.7091e-05 0.000170868 8.45522e-05 5.96112e-05 4.50722e-05 2.91353e-05 4.74806e-06
threshold=8.6973007686733208 1128.0000000000002 8.2106037135369139 0.65192307692307705 8.1633502364585677 0.55267307692307699 7.115355359154643 2.5416666666666674 7.6419255179732621 384.00000000000006
decision_type=2 2 2 2 2 2 2 2 2 2
left_child=1 3 -3 5 7 6 9 -5 -8 -1
right_child=-2 2 -4 4 -6 -7 8 -9 -10 -11
leaf_value=2.1862654166809692e-05 -7.250207432029443e-05 0.00016319480322470712 0 0 0 1.7928571754618048e-05 0 -9.0783923301444972e-05 -8.279549539952804e-06 0
leaf_weight=242 22 10.000000000000002 11.999999999999998 22 22 676 2617 78 1718 349
leaf_count=242 22 10 12 22 22 676 2617 78 1718 349
internal_value=0 7.36035e-07 8.27437e-05 0 -3.0074e-05 1.07549e-06 -2.25626e-07 -7.30126e-05 -3.22156e-06 1.3272e-05
internal_weight=5768 5746 22 5724 122 5602 4926 100 4335 591
internal_count=5768 5746 22 5724 122 5602 4926 100 4335 591
is_linear=0
shrinkage=0.05


Tree=141
num_leaves=10
num_cat=0
split_feature=17 10 18 17 17 0 0 17 17
split_gain=4.70667e-05 0.000176588 0.000110209 0.000211395 5.53938e-05 0.000182492 5.50708e-05 1.39078e-05 2.56547e-05
threshold=8.1868831544556162 48.000000000000007 4.5000000000000009 8.0497542698189957 7.8479119156778632 2.5416666666666674 2.5416666666666674 7.115355359154643 7.6893425732886129
decision_type=2 2 2 2 2 2 2 2 2
left_child=2 -2 4 -4 6 -6 -1 -8 -9
right_child=1 -3 3 -5 5 -7 7 8 -10
leaf_value=2.6561548287162978e-05 -0.00015517089352057236 0 0.0002063917841051558 0 0 -0.00023240054872902957 6.533971773569326e-06 -3.8049422599531427e-06 4.7832655884293531e-06
leaf_weight=195 22 45 18 122 38 9.9999999999999982 566 4054 698
leaf_count=195 22 45 18 122 38 10 566 4054 698
internal_value=0 -4.06428e-05 9.67913e-07 4.46313e-05 0 -5.3046e-05 3.31028e-07 0 -1.49075e-06
internal_weight=5768 67 5701 140 5561 48 5513 5318 4752
internal_count=5768 67 5701 140 5561 48 5513 5318 4752
is_linear=0
shrinkage=0.05


Tree=142
num_leaves=10
num_cat=0
split_feature=17 12 17 19 17 19 17 17 12
split_gain=4.31799e-05 6.04237e-05 4.91349e-05 4.17091e-05 0.00016282 7.5146e-05 5.16335e-05 2.7018e-05 3.49151e-06
threshold=8.6973007686733208 1128.0000000000002 8.2106037135369139 0.65192307692307705 8.1633502364585677 0.55267307692307699 7.115355359154643 7.6419255179732621 384.00000000000006
decision_type=2 2 2 2 2 2 2 2 2
left_child=1 3 -3 5 -5 6 8 -8 -1
right_child=-2 2 -4 4 -6 -7 7 -9 -10
leaf_value=2.034564505411703e-05 -6.7347945606224634e-05 0.00015883783386512229 0 -7.0681707809061413e-05 0 1.695323937353809e-05 0 -7.8077332445524896e-06 0
leaf_weight=242 22 10.000000000000002 11.999999999999998 100 22 676 2617 1718 349
leaf_count=242 22 10 12 100 22 676 2617 1718 349
internal_value=0 7.94489e-07 8.20092e-05 0 -2.81599e-05 1.09645e-06 -6.778e-08 -2.93088e-06 1.24567e-05
internal_weight=5768 5746 22 5724 122 5602 4926 4335 591
internal_count=5768 5746 22 5724 122 5602 4926 4335 591
is_linear=0
shrinkage=0.05


Tree=143
num_leaves=10
num_cat=0
split_feature=17 10 18 17 19 17 19 17 17
split_gain=4.17482e-05 0.000166666 0.000112795 0.00018507 9.48752e-05 3.87699e-05 4.68259e-05 4.07837e-05 3.58589e-05
threshold=8.1868831544556162 48.000000000000007 4.5000000000000009 8.0497542698189957 0.65192307692307705 6.9599592149906035 0.51805769230769239 7.200356359288631 7.200356359288631
decision_type=2 2 2 2 2 2 2 2 2
left_child=2 -2 4 -4 5 -1 7 -7 -8
right_child=1 -3 3 -5 -6 6 8 -9 -10
leaf_value=2.7874333134386689e-05 -0.00014965586471826892 0 0.00019875542487409945 0 -0.00014678071274168111 -1.7578109858633438e-05 7.4381242191529647e-06 0 -4.0152968820368882e-07
leaf_weight=124 22 45 18 122 9.9999999999999982 662 1868 373 2524
leaf_count=124 22 45 18 122 10 662 1868 373 2524
internal_value=0 -3.80523e-05 1.01789e-06 4.51865e-05 0 1.88632e-07 0 -9.96622e-06 1.79558e-06
internal_weight=5768 67 5701 140 5561 5551 5427 1035 4392
internal_count=5768 67 5701 140 5561 5551 5427 1035 4392
is_linear=0
shrinkage=0.05


Tree=144
num_leaves=12
num_cat=0
split_feature=17 13 17 17 17 17 13 13 1 13 13
split_gain=3.73335e-05 5.93697e-05 4.43627e-05 3.68073e-05 9.93031e-06 7.19029e-05 2.58298e-05 2.50037e-05 2.35739e-05 2.93663e-06 5.03777e-05
threshold=8.6973007686733208 10.130202516776858 8.2106037135369139 7.115355359154643 8.0529439743463929 7.8479119156778632 8.5000000000000018 9.4828921423310444 6.7534722222222232 8.5000000000000018 1.0000000180025095e-35
decision_type=2 2 2 2 2 2 2 2 2 2 2
left_child=1 3 -3 9 5 6 -5 -6 -7 10 -1
right_child=-2 2 -4 4 7 8 -8 -9 -10 -11 -12
leaf_value=0 -6.2500259759279124e-05 0.0001545728685926984 0 -9.0813930140403097e-06 2.9737460839597484e-05 0 3.6531763936410702e-07 0 -6.3274217608313141e-05 0 6.8599183924813217e-05
leaf_weight=196 22 10.000000000000002 11.999999999999998 776 78 54 4146 14.999999999999998 64 349 46
leaf_count=196 22 10 12 776 78 54 4146 15 64 349 46
internal_value=0 7.79206e-07 8.12708e-05 0 -8.96832e-07 -2.07015e-06 -1.09947e-07 8.84364e-06 -4.11291e-05 1.21845e-05 1.97963e-05
internal_weight=5768 5746 22 5724 5133 5040 4922 93 118 591 242
internal_count=5768 5746 22 5724 5133 5040 4922 93 118 591 242
is_linear=0
shrinkage=0.05


Tree=145
num_leaves=10
num_cat=0
split_feature=17 10 18 17 17 0 0 17 17
split_gain=3.76283e-05 0.000156898 0.000109167 0.000158686 4.60533e-05 0.000158437 4.79201e-05 1.13645e-05 2.10044e-05
threshold=8.1868831544556162 48.000000000000007 4.5000000000000009 8.0497542698189957 7.8479119156778632 2.5416666666666674 2.5416666666666674 7.115355359154643 7.6893425732886129
decision_type=2 2 2 2 2 2 2 2 2
left_child=2 -2 4 -4 6 -6 -1 -8 -9
right_child=1 -3 3 -5 5 -7 7 8 -10
leaf_value=2.478290403888998e-05 -0.00014455912750829315 0 0.00018852715018989616 0 0 -0.00021545835072174667 5.9028963956282177e-06 -3.5073101219380081e-06 4.017868522922369e-06
leaf_weight=195 22 45 18 122 38 9.9999999999999982 566 4054 698
leaf_count=195 22 45 18 122 38 10 566 4054 698
internal_value=0 -3.60544e-05 9.97731e-07 4.44504e-05 0 -4.83507e-05 3.24762e-07 0 -1.34939e-06
internal_weight=5768 67 5701 140 5561 48 5513 5318 4752
internal_count=5768 67 5701 140 5561 48 5513 5318 4752
is_linear=0
shrinkage=0.05


Tree=146
num_leaves=13
num_cat=0
split_feature=17 10 18 17 19 17 19 17 17 19 19 19
split_gain=3.32711e-05 0.000143386 0.000103134 0.000139653 8.03385e-05 3.17105e-05 3.45314e-05 2.60625e-05 2.2014e-05 2.42092e-06 0.000190046 2.99333e-05
threshold=8.1868831544556162 48.000000000000007 4.5000000000000009 8.0497542698189957 0.65192307692307705 7.115355359154643 0.56805769230769243 7.6714616578013848 7.9869927479286176 0.48742307692307701 0.43079807692307698 0.53667307692307709
decision_type=2 2 2 2 2 2 2 2 2 2 2 2
left_child=2 -2 4 -4 5 9 7 -7 -8 10 -1 -11
right_child=1 -3 3 -5 -6 6 8 -9 -10 11 -12 -13
leaf_value=0 -0.00013764543199415682 0 0.00017959690603770707 0 -0.00013504098635166883 -7.8564550441427963e-08 1.3619505877656574e-05 -1.5323437191887522e-05 0 -3.0324601296645887e-06 0.00019332184332112473 2.4317768563296858e-05
leaf_weight=228 22 45 18 122 9.9999999999999982 3927 595 408 30 227 13.999999999999998 122
leaf_count=228 22 45 18 122 10 3927 595 408 30 227 14 122
internal_value=0 -3.3716e-05 1.01528e-06 4.3247e-05 0 2.11953e-07 -1.37197e-07 -2.66972e-06 9.41734e-06 1.15834e-05 1.8756e-05 0
internal_weight=5768 67 5701 140 5561 5551 4960 4335 625 591 242 349
internal_count=5768 67 5701 140 5561 5551 4960 4335 625 591 242 349
is_linear=0
shrinkage=0.05


Tree=147
num_leaves=10
num_cat=0
split_feature=17 12 17 19 17 19 17 17 19
split_gain=3.07357e-05 6.20424e-05 3.97734e-05 3.72236e-05 0.00015451 6.29653e-05 4.13676e-05 2.24779e-05 1.84799e-05
threshold=8.6973007686733208 1128.0000000000002 8.2106037135369139 0.65192307692307705 8.1633502364585677 0.55267307692307699 7.6419255179732621 7.115355359154643 0.52767307692307708
decision_type=2 2 2 2 2 2 2 2 2
left_child=1 3 -3 5 -5 6 7 -1 -8
right_child=-2 2 -4 4 -6 -7 8 -9 -10
leaf_value=1.1162423071574587e-05 -5.6443676053870297e-05 0.00015317942693152204 0 -6.8444807859285189e-05 0 1.5544893221442688e-05 -1.8146691464719147e-05 0 0
leaf_weight=591 22 10.000000000000002 11.999999999999998 100 22 676 400 2617 1318
leaf_count=591 22 10 12 100 22 676 400 2617 1318
internal_value=0 7.87469e-07 8.30583e-05 0 -2.6577e-05 1.05019e-06 0 2.33981e-06 -7.06697e-06
internal_weight=5768 5746 22 5724 122 5602 4926 3208 1718
internal_count=5768 5746 22 5724 122 5602 4926 3208 1718
is_linear=0
shrinkage=0.05


Tree=148
num_leaves=11
num_cat=0
split_feature=17 10 18 17 19 0 6 19 17 17
split_gain=2.89706e-05 0.000135628 0.000106933 0.00011906 6.96349e-05 3.20826e-05 3.42668e-05 1.98376e-05 7.97007e-05 7.28868e-05
threshold=8.1868831544556162 48.000000000000007 4.5000000000000009 8.0497542698189957 0.65192307692307705 2.5416666666666674 7.5000000000000009 0.53667307692307709 7.200356359288631 7.6666386962426545
decision_type=2 2 2 2 2 2 2 2 2 2
left_child=2 -2 4 -4 5 6 -1 8 -7 -9
right_child=1 -3 3 -5 -6 7 -8 9 -10 -11
leaf_value=2.8946316786900616e-05 -0.00013298262196653724 0 0.0001731653786019275 0 -0.00012579161758449943 0 0 1.1604641491222771e-05 -1.6909909475934237e-05 -2.8262532000788465e-06
leaf_weight=197 22 45 18 122 9.9999999999999982 1460 30 1328 833 1703
leaf_count=197 22 45 18 122 10 1460 30 1328 833 1703
internal_value=0 -3.15459e-05 9.13339e-07 4.39284e-05 0 7.16254e-08 1.87592e-05 0 -4.13517e-06 1.84915e-06
internal_weight=5768 67 5701 140 5561 5551 227 5324 2293 3031
internal_count=5768 67 5701 140 5561 5551 227 5324 2293 3031
is_linear=0
shrinkage=0.05


Tree=149
num_leaves=13
num_cat=0
split_feature=1 15 12 12 12 18 19 18 15 19 15 19
split_gain=8.00751e-06 6.07751e-05 2.32703e-05 0.000251191 0.000153662 4.0508e-05 2.29282e-05 2.75314e-05 5.9358e-05 1.75678e-05 4.44254e-06 2.20535e-08
threshold=6.7534722222222232 14.800000000000002 1128.0000000000002 1756.0000000000002 756.00000000000011 4.5000000000000009 0.53667307692307709 2.5000000000000004 12.800000000000002 0.47441346153846159 13.650000000000002 0.59978846153846166
decision_type=2 2 2 2 2 2 2 2 2 2 2 2
left_child=1 -1 4 -4 6 -6 7 9 -9 -2 11 -8
right_child=2 -3 3 -5 5 -7 10 8 -10 -11 -12 -13
leaf_value=2.9033155251276114e-05 8.1312153302570318e-06 0 0.00020003949374179628 0 -0.00018098057433962823 0 0 0 -2.7242144921067112e-05 -3.5027494893916678e-06 5.1197156610587301e-06 3.1546699656476135e-07
leaf_weight=203 425 50 15.999999999999998 22 13.999999999999998 62 1228 248 337 1283 1327 553
leaf_count=203 425 50 16 22 14 62 1228 248 337 1283 1327 553
internal_value=0 8.87773e-06 0 3.66169e-05 -1.03645e-06 -7.1172e-05 0 -3.82815e-06 -1.32221e-05 0 2.76113e-06 0
internal_weight=5768 253 5515 38 5477 76 5401 2293 585 1708 3108 1781
internal_count=5768 253 5515 38 5477 76 5401 2293 585 1708 3108 1781
is_linear=0
shrinkage=0.05


Tree=150
num_leaves=11
num_cat=0
split_feature=1 6 12 12 12 18 12 18 15 15
split_gain=6.0513e-06 5.60569e-05 1.86113e-05 0.000230609 0.000146766 2.97236e-05 9.97868e-07 3.97304e-05 3.21264e-05 1.59973e-07
threshold=6.7534722222222232 7.5000000000000009 1128.0000000000002 1756.0000000000002 756.00000000000011 4.5000000000000009 1.0000000180025095e-35 2.5000000000000004 12.800000000000002 12.800000000000002
decision_type=2 2 2 2 2 2 2 2 2 2
left_child=1 -1 4 -4 6 -6 7 -2 -9 -8
right_child=2 -3 3 -5 5 -7 9 8 -10 -11
leaf_value=2.758857412902894e-05 7.6850720610313909e-07 0 0.00019062586174935431 0 -0.00017253479330490033 0 0 0 -2.101580376981547e-05 4.2189501120535837e-07
leaf_weight=203 406 50 15.999999999999998 22 13.999999999999998 62 222 26 410 4337
leaf_count=203 406 50 16 22 14 62 222 26 410 4337
internal_value=0 7.71752e-06 0 3.25135e-05 -9.8364e-07 -6.95267e-05 0 -1.58674e-06 -1.52183e-05 2.85701e-07
internal_weight=5768 253 5515 38 5477 76 5401 842 436 4559
internal_count=5768 253 5515 38 5477 76 5401 842 436 4559
is_linear=0
shrinkage=0.05


Tree=151
num_leaves=14
num_cat=0
split_feature=17 17 10 12 17 12 17 17 17 17 17 12 12
split_gain=3.90444e-05 6.21692e-05 0.000211843 5.70982e-05 2.91857e-05 1.83036e-05 3.53589e-05 0.000971937 1.15469e-05 7.09089e-05 2.99471e-05 3.09449e-06 3.75032e-05
threshold=8.6973007686733208 7.8920499419587129 24.000000000000004 756.00000000000011 7.115355359154643 384.00000000000006 7.200356359288631 7.4662786483507304 7.6666386962426545 7.2133000484419894 7.6893425732886129 384.00000000000006 1.0000000180025095e-35
decision_type=2 2 2 2 2 2 2 2 2 2 2 2 2
left_child=1 4 -3 -4 11 6 -6 -8 9 -7 -10 12 -1
right_child=-2 2 3 -5 5 8 7 -9 10 -11 -12 -13 -14
leaf_value=0 -6.4050317779891999e-05 0.00023009797074617099 3.4782788071814661e-05 -8.3055841858454374e-06 -2.143987259716264e-05 -7.7611626631818856e-08 0.00039613935661812625 -1.3020174476748381e-05 -9.2451238189823943e-06 1.8764908447214483e-05 0 0 5.8789293757302956e-05
leaf_weight=196 22 11.999999999999998 111 104 317 1860 13.999999999999998 447 1099 530 661 349 46
leaf_count=196 22 12 111 104 317 1860 14 447 1099 530 661 349 46
internal_value=0 7.52567e-07 2.6381e-05 0 0 -1.56148e-06 -8.6121e-06 0 0 2.01578e-06 -3.29781e-06 1.01464e-05 1.6812e-05
internal_weight=5768 5746 227 215 5519 4928 778 461 4150 2390 1760 591 242
internal_count=5768 5746 227 215 5519 4928 778 461 4150 2390 1760 591 242
is_linear=0
shrinkage=0.05


Tree=152
num_leaves=13
num_cat=0
split_feature=19 19 12 16 18 0 10 19 12 19 19 12
split_gain=5.32466e-06 1.82754e-05 1.41528e-05 1.21953e-05 3.58891e-05 1.93599e-05 8.58964e-06 0.000629305 0.000202795 6.07852e-06 6.44724e-06 2.68285e-06
threshold=0.52767307692307708 0.4458076923076924 1.0000000180025095e-35 1.5000000000000002 2.5000000000000004 2.5416666666666674 24.000000000000004 0.61517307692307699 756.00000000000011 0.47441346153846159 0.4970384615384616 384.00000000000006
decision_type=2 2 2 2 2 2 2 2 2 2 2 2
left_child=1 2 -1 -3 9 -6 7 -2 11 -5 -11 -8
right_child=6 3 -4 4 5 -7 8 -9 -10 10 -12 -13
leaf_value=0 0 0 3.1226287285486852e-05 1.4696203453360852e-06 0 -2.8821560715894316e-05 0 0.00038192321969704197 -5.9561455735690032e-05 -9.7740001002638015e-06 0 8.0184853770895138e-06
leaf_weight=195 2497 301 44 211 87 251 161 9.9999999999999982 133 322 961 595
leaf_count=195 2497 301 44 211 87 251 161 10 133 322 961 595
internal_value=0 -1.21953e-06 5.95003e-06 -4.36831e-06 -6.23286e-06 -2.17882e-05 1.69697e-06 3.53026e-06 0 0 -3.388e-06 6.4623e-06
internal_weight=5768 2372 239 2133 1832 338 3396 2507 889 1494 1283 756
internal_count=5768 2372 239 2133 1832 338 3396 2507 889 1494 1283 756
is_linear=0
shrinkage=0.05


Tree=153
num_leaves=10
num_cat=0
split_feature=17 12 17 19 17 19 17 17 19
split_gain=3.33005e-05 5.84958e-05 2.90204e-05 2.59667e-05 0.000134517 5.19379e-05 3.28755e-05 1.73352e-05 1.1736e-06
threshold=8.6973007686733208 1128.0000000000002 8.2106037135369139 0.65192307692307705 8.1633502364585677 0.55267307692307699 7.115355359154643 7.6714616578013848 0.48742307692307701
decision_type=2 2 2 2 2 2 2 2 2
left_child=1 3 -3 5 -5 6 8 -8 -1
right_child=-2 2 -4 4 -6 -7 7 -9 -10
leaf_value=1.5976587607460134e-05 -5.8803293593329077e-05 0.00014222636014561756 0 -6.2605144218587784e-05 0 1.4131329221130959e-05 0 -1.2744871941042157e-05 0
leaf_weight=242 22 10.000000000000002 11.999999999999998 100 22 676 3927 408 349
leaf_count=242 22 10 12 100 22 676 3927 408 349
internal_value=0 8.04682e-07 8.07467e-05 0 -2.20068e-05 9.77006e-07 0 -2.30797e-06 9.99088e-06
internal_weight=5768 5746 22 5724 122 5602 4926 4335 591
internal_count=5768 5746 22 5724 122 5602 4926 4335 591
is_linear=0
shrinkage=0.05


Tree=154
num_leaves=10
num_cat=0
split_feature=17 18 17 17 0 0 12 17 17
split_gain=3.02236e-05 6.47566e-05 0.000139346 4.41202e-05 0.000125175 2.82039e-05 2.21061e-05 5.65385e-06 1.35471e-05
threshold=8.6973007686733208 4.5000000000000009 8.0497542698189957 7.8479119156778632 2.5416666666666674 2.5416666666666674 756.00000000000011 7.115355359154643 7.6893425732886129
decision_type=2 2 2 2 2 2 2 2 2
left_child=1 3 -3 5 -5 -1 -4 -7 -9
right_child=-2 2 6 4 -6 7 -8 8 -10
leaf_value=1.9003872127671327e-05 -5.5990958189004619e-05 0.00016443053787378102 2.5349951587444124e-05 0 -0.00019608944993127473 4.0514725336404199e-06 0 -2.8791333855624722e-06 2.6962982733149039e-06
leaf_weight=195 22 18 85 38 9.9999999999999982 566 82 4054 698
leaf_count=195 22 18 85 38 10 566 82 4054 698
internal_value=0 7.75278e-07 2.98154e-05 0 -4.73858e-05 2.2339e-07 0 0 -1.00782e-06
internal_weight=5768 5746 185 5561 48 5513 167 5318 4752
internal_count=5768 5746 185 5561 48 5513 167 5318 4752
is_linear=0
shrinkage=0.05


Tree=155
num_leaves=16
num_cat=0
split_feature=17 17 10 12 17 12 17 17 19 17 17 19 19 12 19
split_gain=2.75506e-05 5.76847e-05 0.000157633 4.69788e-05 2.49222e-05 1.38679e-05 3.38199e-05 0.000881979 1.75934e-05 1.14559e-05 0.000328082 7.43575e-05 2.64945e-06 0.0001683 2.35775e-05
threshold=8.6973007686733208 7.8920499419587129 24.000000000000004 756.00000000000011 7.115355359154643 384.00000000000006 7.200356359288631 7.4662786483507304 0.4970384615384616 7.200356359288631 7.2133000484419894 0.53667307692307709 0.43079807692307698 384.00000000000006 0.53667307692307709
decision_type=2 2 2 2 2 2 2 2 2 2 2 2 2 2 2
left_child=1 4 -3 -4 12 6 8 -8 -6 11 -11 -7 -1 -14 -15
right_child=-2 2 3 -5 5 9 7 -9 -10 10 -12 -13 13 14 -16
leaf_value=0 -5.3313133634535745e-05 0.00020414886297658085 3.2118241028261504e-05 -4.2647766004804321e-06 -2.4206662108584988e-05 1.676285630092025e-05 0.00037822347010175387 -1.1490639278365831e-05 0 -8.5207457978116435e-05 0 -1.7219342874320407e-06 0.00017888959683477876 -2.9989319904288676e-06 2.1506908503020319e-05
leaf_weight=228 22 11.999999999999998 111 104 294 699 13.999999999999998 447 23 114 2290 1047 13.999999999999998 227 122
leaf_count=228 22 12 111 104 294 699 14 447 23 114 2290 1047 14 227 122
internal_value=0 7.80825e-07 2.54534e-05 0 0 -1.39965e-06 -7.54326e-06 0 -2.01313e-05 0 -2.47487e-06 2.82164e-06 9.43054e-06 1.27608e-05 0
internal_weight=5768 5746 227 215 5519 4928 778 461 317 4150 2404 1746 591 363 349
internal_count=5768 5746 227 215 5519 4928 778 461 317 4150 2404 1746 591 363 349
is_linear=0
shrinkage=0.05


Tree=156
num_leaves=10
num_cat=0
split_feature=17 11 18 17 19 17 19 17 17
split_gain=2.66665e-05 0.000119588 0.000101527 8.09238e-05 4.91943e-05 2.01506e-05 2.92406e-05 4.32555e-05 2.73874e-05
threshold=8.1868831544556162 5.5000000000000009 4.5000000000000009 8.0497542698189957 0.65192307692307705 6.9599592149906035 0.51805769230769239 7.200356359288631 7.200356359288631
decision_type=2 2 2 2 2 2 2 2 2
left_child=2 -2 4 -4 5 -1 7 -7 -8
right_child=1 -3 3 -5 -6 6 8 -9 -10
leaf_value=2.0079170495737342e-05 -0.00012526125414296984 0 0.0001557468187897221 0 -0.00010572939052839168 -1.615302751703275e-05 6.3926230073612982e-06 0 -3.6736968558945564e-07
leaf_weight=124 22 45 18 122 9.9999999999999982 662 1868 373 2524
leaf_count=124 22 45 18 122 10 662 1868 373 2524
internal_value=0 -3.01732e-05 9.1345e-07 4.28236e-05 0 6.00479e-08 0 -7.91189e-06 1.37041e-06
internal_weight=5768 67 5701 140 5561 5551 5427 1035 4392
internal_count=5768 67 5701 140 5561 5551 5427 1035 4392
is_linear=0
shrinkage=0.05


Tree=157
num_leaves=14
num_cat=0
split_feature=19 19 15 18 2 12 10 19 12 19 19 12 6
split_gain=4.7808e-06 1.50251e-05 1.13253e-05 3.14613e-05 1.62212e-05 9.29706e-06 8.57718e-06 0.000534026 0.000167389 6.58811e-06 3.63049e-06 2.03282e-06 1.8154e-06
threshold=0.52767307692307708 0.4458076923076924 12.800000000000002 2.5000000000000004 30.500000000000004 1.0000000180025095e-35 24.000000000000004 0.61517307692307699 756.00000000000011 0.47441346153846159 0.4970384615384616 384.00000000000006 6.0000000000000009
decision_type=2 2 2 2 2 2 2 2 2 2 2 2 2
left_child=1 5 -3 9 -5 -1 7 12 11 -4 -11 -8 -2
right_child=6 2 3 4 -6 -7 8 -9 -10 10 -12 -13 -14
leaf_value=0 1.9154526675744891e-06 0 2.6064515465273036e-06 0 -2.6918577091742515e-05 2.5136975364552598e-05 0 0.0003523620378903367 -5.4368453864625013e-05 -8.639002576738527e-06 0 6.7877517849044415e-06 0
leaf_weight=195 1236 301 211 87 251 44 161 9.9999999999999982 133 322 961 595 1261
leaf_count=195 1236 301 211 87 251 44 161 10 133 322 961 595 1261
internal_value=0 -1.0688e-06 -4.05458e-06 -5.88096e-06 -2.047e-05 4.65088e-06 1.64937e-06 3.49779e-06 0 0 -3.42135e-06 5.43702e-06 0
internal_weight=5768 2372 2133 1832 338 239 3396 2507 889 1494 1283 756 2497
internal_count=5768 2372 2133 1832 338 239 3396 2507 889 1494 1283 756 2497
is_linear=0
shrinkage=0.05


Tree=158
num_leaves=12
num_cat=0
split_feature=19 19 15 13 10 19 13 19 0 13 6
split_gain=4.29406e-06 1.37154e-05 1.06749e-05 8.41289e-06 7.94278e-06 0.000486301 0.000151197 5.10112e-06 1.83882e-06 1.82039e-06 1.63858e-06
threshold=0.52767307692307708 0.4458076923076924 12.800000000000002 1.0000000180025095e-35 24.000000000000004 0.61517307692307699 9.4828921423310444 0.51805769230769239 2.5416666666666674 8.5000000000000018 6.0000000000000009
decision_type=2 2 2 2 2 2 2 2 2 2 2
left_child=1 3 -3 -1 5 10 9 8 -4 -6 -2
right_child=4 2 7 -5 6 -7 -8 -9 -10 -11 -12
leaf_value=0 1.8197787398955781e-06 0 0 2.3908146450089078e-05 0 0.00033634553748098289 -5.1670309916136914e-05 0 -9.670915253694391e-06 6.4488617631437988e-06 0
leaf_weight=195 1236 301 87 44 161 9.9999999999999982 133 938 807 595 1261
leaf_count=195 1236 301 87 44 161 10 133 938 807 595 1261
internal_value=0 -9.02713e-07 -3.84398e-06 4.42048e-06 1.60964e-06 3.38035e-06 0 -5.63577e-06 -8.90499e-06 5.1702e-06 0
internal_weight=5768 2372 2133 239 3396 2507 889 1832 894 756 2497
internal_count=5768 2372 2133 239 3396 2507 889 1832 894 756 2497
is_linear=0
shrinkage=0.05


Tree=159
num_leaves=12
num_cat=0
split_feature=12 12 19 19 0 6 19 18 19 19 18
split_gain=4.05142e-06 0.00023237 2.96424e-05 9.49715e-05 1.10162e-05 3.07182e-05 1.11406e-05 1.60405e-05 1.55627e-05 2.77804e-06 8.37732e-08
threshold=1128.0000000000002 1756.0000000000002 0.65192307692307705 0.72430769230769243 2.5416666666666674 7.5000000000000009 0.53667307692307709 2.5000000000000004 0.47441346153846159 0.51805769230769239 3.5000000000000004
decision_type=2 2 2 2 2 2 2 2 2 2 2
left_child=2 -2 4 -4 5 -1 7 8 -6 -9 -8
right_child=1 -3 3 -5 6 -7 10 9 -10 -11 -12
leaf_value=2.2973105772351376e-05 0.00018646126717024292 0 -5.4456052980163979e-05 0 7.7968930165357711e-06 0 2.6382736938380933e-06 -1.5459577117463667e-05 -3.1830992300688604e-06 0 0
leaf_weight=197 15.999999999999998 23 104 21 425 30 1244 277 1283 308 1840
leaf_count=197 16 23 104 21 425 30 1244 277 1283 308 1840
internal_value=0 1.59127e-05 0 -2.42253e-05 1.69583e-07 1.10226e-05 0 -2.90771e-06 0 -1.00762e-05 1.65563e-06
internal_weight=5768 39 5729 125 5604 227 5377 2293 1708 585 3084
internal_count=5768 39 5729 125 5604 227 5377 2293 1708 585 3084
is_linear=0
shrinkage=0.05


Tree=160
num_leaves=16
num_cat=0
split_feature=17 17 17 12 17 12 17 19 17 19 17 17 19 19 19
split_gain=2.54215e-05 6.05694e-05 9.45634e-05 0.000237467 2.38174e-05 1.893e-05 7.48997e-06 0.000545401 0.000120703 2.15155e-05 0.000261643 0.000164871 2.98083e-06 0.000146247 1.95391e-05
threshold=8.6973007686733208 7.8920499419587129 8.0434510209488543 756.00000000000011 7.115355359154643 756.00000000000011 7.6419255179732621 0.46442307692307699 7.2133000484419894 0.53667307692307709 7.6503990045026331 7.6455694296173329 0.43079807692307698 0.48742307692307701 0.53667307692307709
decision_type=2 2 2 2 2 2 2 2 2 2 2 2 2 2 2
left_child=1 4 3 -3 12 -4 7 -6 -9 11 -11 -8 -1 -14 -15
right_child=-2 2 5 -5 6 -7 9 8 -10 10 -12 -13 13 14 -16
leaf_value=0 -5.0949929680665137e-05 0 2.329870021555486e-05 0.0002407521772307946 -0.00022301611904468801 -2.5456519638696152e-06 -0.00010361136909088362 0 2.7771442933631927e-05 0.00017869140685070306 -2.9348631390992171e-06 0 0.00016802335033814112 -1.6112562100221229e-06 1.9807190619166788e-05
leaf_weight=228 22 28 85 15.999999999999998 26 98 45 2182 417 19 1798 441 13.999999999999998 227 122
leaf_count=228 22 28 85 16 26 98 45 2182 417 19 1798 441 14 227 122
internal_value=0 8.18295e-07 2.60963e-05 9.32952e-05 0 0 -1.36133e-06 0 2.81661e-06 -3.47732e-06 0 -1.29482e-05 9.22768e-06 1.26079e-05 0
internal_weight=5768 5746 227 44 5519 183 4928 2625 2599 2303 1817 486 591 363 349
internal_count=5768 5746 227 44 5519 183 4928 2625 2599 2303 1817 486 591 363 349
is_linear=0
shrinkage=0.05


Tree=161
num_leaves=11
num_cat=0
split_feature=17 18 17 17 17 19 12 17 19 19
split_gain=2.29047e-05 6.81678e-05 0.000100126 5.93053e-05 1.84573e-05 2.31509e-05 1.68733e-05 1.43794e-05 2.40602e-06 0.000132973
threshold=8.6973007686733208 4.5000000000000009 8.0497542698189957 7.8479119156778632 7.115355359154643 0.56805769230769243 756.00000000000011 7.6714616578013848 0.43079807692307698 0.48742307692307701
decision_type=2 2 2 2 2 2 2 2 2 2
left_child=1 3 -3 4 8 7 -4 -6 -1 -10
right_child=-2 2 6 -5 5 -7 -8 -9 9 -11
leaf_value=0 -4.8513196354337108e-05 0.00014936090655330765 2.2147304898257863e-05 -5.4954291815508385e-05 0 8.2011960409078249e-06 0 -1.1547855084279069e-05 0.00016018227084229388 0
leaf_weight=228 22 18 85 48 3927 591 82 404 13.999999999999998 349
leaf_count=228 22 18 85 48 3927 591 82 404 14 349
internal_value=0 7.38047e-07 3.05461e-05 0 2.27193e-07 0 0 -2.04178e-06 8.8558e-06 1.20031e-05
internal_weight=5768 5746 185 5561 5513 4922 167 4331 591 363
internal_count=5768 5746 185 5561 5513 4922 167 4331 591 363
is_linear=0
shrinkage=0.05


Tree=162
num_leaves=11
num_cat=0
split_feature=17 18 17 17 17 19 12 17 19 19
split_gain=2.07577e-05 6.28204e-05 8.99169e-05 5.3628e-05 1.76923e-05 2.12244e-05 1.52468e-05 1.26541e-05 2.12902e-06 0.000120002
threshold=8.6973007686733208 4.5000000000000009 8.0497542698189957 7.8479119156778632 7.115355359154643 0.56805769230769243 756.00000000000011 7.6714616578013848 0.43079807692307698 0.48742307692307701
decision_type=2 2 2 2 2 2 2 2 2 2
left_child=1 3 -3 4 8 7 -4 -6 -1 -10
right_child=-2 2 6 -5 5 -7 -8 -9 9 -11
leaf_value=0 -4.6192999447078396e-05 0.0001422859124202085 2.1052810006103543e-05 -5.2262667176902899e-05 0 7.7917847492908306e-06 0 -1.0971882532891116e-05 0.00015270708159854015 0
leaf_weight=228 22 18 85 48 3927 591 82 404 13.999999999999998 349
leaf_count=228 22 18 85 48 3927 591 82 404 14 349
internal_value=0 7.00133e-07 2.93173e-05 0 2.05207e-07 0 0 -1.98793e-06 8.6664e-06 1.1695e-05
internal_weight=5768 5746 185 5561 5513 4922 167 4331 591 363
internal_count=5768 5746 185 5561 5513 4922 167 4331 591 363
is_linear=0
shrinkage=0.05


Tree=163
num_leaves=12
num_cat=0
split_feature=17 19 18 1 10 17 1 1 19 17 17
split_gain=1.92875e-05 0.00010909 9.94987e-05 7.32041e-05 6.13788e-05 4.84942e-05 0.000109171 2.13427e-05 9.96458e-06 5.84878e-05 5.43144e-05
threshold=8.1868831544556162 0.72430769230769243 4.5000000000000009 6.7534722222222232 48.000000000000007 7.8479119156778632 6.7534722222222232 6.7534722222222232 0.53667307692307709 7.6666386962426545 7.200356359288631
decision_type=2 2 2 2 2 2 2 2 2 2 2
left_child=2 -2 5 -4 -5 7 -7 -1 10 -10 -9
right_child=1 -3 3 4 -6 6 -8 8 9 -11 -12
leaf_value=1.6528272274311402e-05 -0.00013277387084801575 0 0 7.3498934165600255e-05 0 0 -0.00018925091759725048 0 1.0306627994705977e-05 -2.5726304735354333e-06 -1.3610891905966119e-05
leaf_weight=195 17 50 15.999999999999998 108 15.999999999999998 38 9.9999999999999982 1460 1328 1697 833
leaf_count=195 17 50 16 108 16 38 10 1460 1328 1697 833
internal_value=0 -2.56087e-05 7.97225e-07 4.23068e-05 5.90174e-05 0 -4.97029e-05 1.84251e-07 0 1.43066e-06 -2.85648e-06
internal_weight=5768 67 5701 140 124 5561 48 5513 5318 3025 2293
internal_count=5768 67 5701 140 124 5561 48 5513 5318 3025 2293
is_linear=0
shrinkage=0.05


Tree=164
num_leaves=10
num_cat=0
split_feature=17 12 19 17 19 17 17 17 19
split_gain=1.77481e-05 5.34448e-05 1.99464e-05 0.000121901 3.33244e-05 2.30266e-05 1.51166e-05 1.00244e-05 1.86812e-06
threshold=8.6973007686733208 1128.0000000000002 0.65192307692307705 8.1633502364585677 0.55267307692307699 7.115355359154643 8.2106037135369139 7.6714616578013848 0.43079807692307698
decision_type=2 2 2 2 2 2 2 2 2
left_child=1 2 4 -4 5 8 -3 -7 -1
right_child=-2 6 3 -5 -6 7 -8 -9 -10
leaf_value=0 -4.2829217617627754e-05 0.00012561983936889599 -5.8994359454361368e-05 0 1.1298015276575394e-05 0 0 -1.0061426646665904e-05 1.1228635381225364e-05
leaf_weight=228 22 10.000000000000002 100 22 676 3927 11.999999999999998 408 363
leaf_count=228 22 10 100 22 676 3927 12 408 363
internal_value=0 6.15942e-07 0 -1.9498e-05 7.4439e-07 0 7.68376e-05 -1.94143e-06 8.34473e-06
internal_weight=5768 5746 5724 122 5602 4926 22 4335 591
internal_count=5768 5746 5724 122 5602 4926 22 4335 591
is_linear=0
shrinkage=0.05


Tree=165
num_leaves=11
num_cat=0
split_feature=12 12 19 19 2 15 19 19 19 18
split_gain=2.7741e-06 0.000220357 2.7198e-05 9.06734e-05 8.22154e-06 2.61737e-05 8.17879e-06 1.20434e-05 9.80835e-06 7.99087e-06
threshold=1128.0000000000002 1756.0000000000002 0.65192307692307705 0.72430769230769243 30.500000000000004 14.800000000000002 0.53667307692307709 0.47441346153846159 0.51805769230769239 2.5000000000000004
decision_type=2 2 2 2 2 2 2 2 2 2
left_child=2 -2 4 -4 5 -1 7 9 -9 -6
right_child=1 -3 3 -5 6 -7 -8 8 -10 -11
leaf_value=2.0839475034124621e-05 0.00018114474768962655 0 -5.2976057593089839e-05 0 6.7749987476605901e-06 0 1.2103222156580496e-06 -1.4019216199063056e-05 0 -1.264194665775405e-06
leaf_weight=197 15.999999999999998 23 104 21 425 30 3084 358 1246 264
leaf_count=197 16 23 104 21 425 30 3084 358 1246 264
internal_value=0 1.31674e-05 0 -2.32302e-05 0 9.49466e-06 0 -2.635e-06 -5.35566e-06 0
internal_weight=5768 39 5729 125 5604 227 5377 2293 1604 689
internal_count=5768 39 5729 125 5604 227 5377 2293 1604 689
is_linear=0
shrinkage=0.05


Tree=166
num_leaves=9
num_cat=0
split_feature=17 18 17 17 17 13 17 17
split_gain=2.03186e-05 6.01009e-05 8.43848e-05 4.3361e-05 1.5497e-05 1.32556e-05 6.55763e-06 3.34078e-05
threshold=8.6973007686733208 4.5000000000000009 8.0497542698189957 7.8479119156778632 7.115355359154643 9.4828921423310444 7.6893425732886129 7.6831204213495203
decision_type=2 2 2 2 2 2 2 2
left_child=1 3 -3 4 -1 -4 7 -6
right_child=-2 2 5 -5 6 -7 -8 -9
leaf_value=8.0921406218269996e-06 -4.6068893880937646e-05 0.00013825922652980997 1.9630011452665161e-05 -4.7030011215722377e-05 0 0 2.8473305241148844e-06 -2.0199149345938601e-05
leaf_weight=591 22 18 85 48 3945 82 748 229
leaf_count=591 22 18 85 48 3945 82 748 229
internal_value=0 5.87338e-07 2.86089e-05 0 6.50447e-08 0 0 -1.57235e-06
internal_weight=5768 5746 185 5561 5513 167 4922 4174
internal_count=5768 5746 185 5561 5513 167 4922 4174
is_linear=0
shrinkage=0.05


Tree=167
num_leaves=11
num_cat=0
split_feature=17 18 17 17 17 19 12 17 19 19
split_gain=1.84003e-05 5.55318e-05 7.56119e-05 3.92134e-05 1.39926e-05 1.6788e-05 1.19778e-05 7.79094e-06 2.5944e-06 0.000108693
threshold=8.6973007686733208 4.5000000000000009 8.0497542698189957 7.8479119156778632 7.115355359154643 0.56805769230769243 756.00000000000011 7.6666386962426545 0.43079807692307698 0.48742307692307701
decision_type=2 2 2 2 2 2 2 2 2 2
left_child=1 3 -3 4 8 7 -4 -6 -1 -10
right_child=-2 2 6 -5 5 -7 -8 -9 9 -11
leaf_value=0 -4.3865596431398594e-05 0.00013171009756134528 1.865991580754865e-05 -4.4726508726574936e-05 0 6.6600680253720155e-06 0 -5.0423267069326528e-06 0.00014450158334026734 0
leaf_weight=228 22 18 85 48 2948 591 82 1383 13.999999999999998 349
leaf_count=228 22 18 85 48 2948 591 82 1383 14 349
internal_value=0 5.50919e-07 2.74913e-05 0 4.43133e-08 0 0 -1.90439e-06 7.6882e-06 1.06748e-05
internal_weight=5768 5746 185 5561 5513 4922 167 4331 591 363
internal_count=5768 5746 185 5561 5513 4922 167 4331 591 363
is_linear=0
shrinkage=0.05


Tree=168
num_leaves=14
num_cat=0
split_feature=17 10 17 17 17 17 17 19 17 19 19 19 17
split_gain=1.77522e-05 0.000103048 8.07523e-05 9.02226e-05 1.70423e-05 6.68005e-06 0.000417008 0.000406289 2.26708e-05 2.35705e-06 9.81252e-05 1.50113e-05 2.26291e-09
threshold=8.1868831544556162 48.000000000000007 7.8920499419587129 8.0434510209488543 7.115355359154643 7.6831204213495203 7.6673031450585656 0.46442307692307699 7.6893425732886129 0.43079807692307698 0.48742307692307701 0.53667307692307709 7.784864722929397
decision_type=2 2 2 2 2 2 2 2 2 2 2 2 2
left_child=2 -2 4 -4 9 6 7 -6 -7 -1 -11 -12 -10
right_child=1 -3 3 -5 5 8 -8 -9 12 10 11 -13 -14
leaf_value=0 -0.00011409377071844494 0 9.7756883905579647e-05 0 -0.00019124642979087575 -1.8942562033138846e-05 0.0002542314777383581 0 0 0.00013775818391392628 -1.7949577369635277e-06 1.7295533836614792e-05 -9.358102230833738e-08
leaf_weight=228 22 45 44 138 27 229 14.999999999999998 3903 109 13.999999999999998 227 122 645
leaf_count=228 22 45 44 138 27 229 15 3903 109 14 227 122 645
internal_value=0 -2.47871e-05 6.75412e-07 3.34273e-05 0 -1.3626e-06 0 -1.46028e-06 -5.12563e-06 7.51734e-06 1.03969e-05 0 0
internal_weight=5768 67 5701 182 5519 4928 3945 3930 983 591 363 349 754
internal_count=5768 67 5701 182 5519 4928 3945 3930 983 591 363 349 754
is_linear=0
shrinkage=0.05


Tree=169
num_leaves=10
num_cat=0
split_feature=10 19 12 12 19 19 19 19 19
split_gain=2.78545e-06 0.000405171 0.000124739 5.36831e-06 1.07817e-07 2.97648e-06 1.14969e-06 3.47526e-06 1.06527e-07
threshold=24.000000000000004 0.61517307692307699 756.00000000000011 384.00000000000006 0.4458076923076924 0.53667307692307709 0.47441346153846159 0.4970384615384616 0.46442307692307699
decision_type=2 2 2 2 2 2 2 2 2
left_child=1 4 3 -2 -1 6 8 -8 -6
right_child=2 -3 -4 -5 5 -7 7 -9 -10
leaf_value=1.0597623089173177e-06 0 0.00030394674702124161 -4.8524340066916323e-05 4.745321849325121e-06 -2.6339584249345616e-06 0 -7.670373058821659e-06 0 2.39632025422563e-07
leaf_weight=239 174 9.9999999999999982 133 595 33 2497 322 1236 529
leaf_count=239 174 10 133 595 33 2497 322 1236 529
internal_value=0 8.22446e-07 -2.0164e-06 0 0 0 -1.87306e-06 -2.5723e-06 0
internal_weight=5768 4866 902 769 4856 4617 2120 1558 562
internal_count=5768 4866 902 769 4856 4617 2120 1558 562
is_linear=0
shrinkage=0.05


Tree=170
num_leaves=12
num_cat=0
split_feature=17 12 17 19 17 19 17 17 19 19 19
split_gain=1.45283e-05 5.13596e-05 1.3388e-05 1.09522e-05 0.000105391 3.09885e-05 8.72358e-06 7.33014e-06 2.21451e-06 8.85387e-05 1.34537e-05
threshold=8.6973007686733208 1128.0000000000002 7.115355359154643 0.65192307692307705 8.1633502364585677 0.55267307692307699 8.2106037135369139 7.6419255179732621 0.43079807692307698 0.48742307692307701 0.53667307692307709
decision_type=2 2 2 2 2 2 2 2 2 2 2
left_child=1 2 8 5 -5 7 -3 -4 -1 -10 -11
right_child=-2 6 3 4 -6 -7 -8 -9 9 10 -12
leaf_value=0 -3.8744548681121229e-05 0.00011755177603018551 0 -5.3810684856414649e-05 0 9.7421592959867281e-06 0 -4.2836293741359598e-06 0.00013134093986203271 -1.323762672224179e-06 1.6437787259739589e-05
leaf_weight=228 22 10.000000000000002 2617 100 22 676 11.999999999999998 1718 13.999999999999998 227 122
leaf_count=228 22 10 2617 100 22 676 12 1718 14 227 122
internal_value=0 5.58809e-07 0 -5.57623e-07 -1.53488e-05 0 7.52369e-05 -1.74594e-06 7.3376e-06 1.01378e-05 0
internal_weight=5768 5746 5724 5133 122 5011 22 4335 591 363 349
internal_count=5768 5746 5724 5133 122 5011 22 4335 591 363 349
is_linear=0
shrinkage=0.05


Tree=171
num_leaves=11
num_cat=0
split_feature=17 18 10 17 10 17 19 17 19 19
split_gain=1.39111e-05 0.000100837 9.5777e-05 4.62981e-05 3.60427e-05 1.1724e-05 1.23094e-05 6.86841e-06 1.83089e-06 8.05064e-05
threshold=8.1868831544556162 4.5000000000000009 48.000000000000007 7.8479119156778632 48.000000000000007 7.115355359154643 0.56805769230769243 7.6714616578013848 0.43079807692307698 0.48742307692307701
decision_type=2 2 2 2 2 2 2 2 2 2
left_child=1 3 -2 5 -3 8 7 -7 -1 -10
right_child=2 4 -4 -5 -6 6 -8 -9 9 -11
leaf_value=0 -0.00010865505060950374 5.2526899324730034e-05 0 -4.8598510365248935e-05 0 0 5.6349275227812292e-06 -8.4834211738780136e-06 0.00012521169645090895 0
leaf_weight=228 22 124 45 48 15.999999999999998 3927 591 404 13.999999999999998 349
leaf_count=228 22 124 45 48 16 3927 591 404 14 349
internal_value=0 6.86079e-07 -2.17248e-05 0 4.2508e-05 5.43553e-08 0 -1.66271e-06 7.03831e-06 9.65099e-06
internal_weight=5768 5701 67 5561 140 5513 4922 4331 591 363
internal_count=5768 5701 67 5561 140 5513 4922 4331 591 363
is_linear=0
shrinkage=0.05


Tree=172
num_leaves=12
num_cat=0
split_feature=17 12 17 19 17 19 17 17 19 19 19
split_gain=1.23941e-05 5.1159e-05 1.18193e-05 9.92179e-06 0.000102593 2.6509e-05 6.55974e-06 6.25783e-06 1.65094e-06 7.25999e-05 1.21523e-05
threshold=8.6973007686733208 1128.0000000000002 7.115355359154643 0.65192307692307705 8.1633502364585677 0.55267307692307699 8.2106037135369139 7.6419255179732621 0.43079807692307698 0.48742307692307701 0.53667307692307709
decision_type=2 2 2 2 2 2 2 2 2 2 2
left_child=1 2 8 5 -5 7 -3 -4 -1 -10 -11
right_child=-2 6 3 4 -6 -7 -8 -9 9 10 -12
leaf_value=0 -3.5710517782401585e-05 0.00011518817987631661 0 -5.2908459484650952e-05 0 9.0053878921294587e-06 0 -3.9642291463729492e-06 0.00011936849790314833 -1.2578577374561532e-06 1.5622581822827944e-05
leaf_weight=228 22 10.000000000000002 2617 100 22 676 11.999999999999998 1718 13.999999999999998 227 122
leaf_count=228 22 10 2617 100 22 676 12 1718 14 227 122
internal_value=0 5.36585e-07 0 -5.30085e-07 -1.46079e-05 0 7.50513e-05 -1.61931e-06 6.89025e-06 9.4102e-06 0
internal_weight=5768 5746 5724 5133 122 5011 22 4335 591 363 349
internal_count=5768 5746 5724 5133 122 5011 22 4335 591 363 349
is_linear=0
shrinkage=0.05


Tree=173
num_leaves=12
num_cat=0
split_feature=17 18 19 0 11 17 0 0 19 17 17
split_gain=1.19817e-05 9.69072e-05 9.2403e-05 7.40594e-05 5.52386e-05 4.14289e-05 9.44876e-05 1.65574e-05 7.56702e-06 5.0422e-05 4.42888e-05
threshold=8.1868831544556162 4.5000000000000009 0.72430769230769243 2.5416666666666674 5.5000000000000009 7.8479119156778632 2.5416666666666674 2.5416666666666674 0.53667307692307709 7.6666386962426545 7.200356359288631
decision_type=2 2 2 2 2 2 2 2 2 2 2
left_child=1 5 -2 -3 -5 7 -7 -1 10 -10 -9
right_child=2 3 -4 4 -6 6 -8 8 9 -11 -12
leaf_value=1.4532945137851091e-05 -0.00011983753544174961 0 0 7.2185795288532973e-05 0 0 -0.00017575507454404776 0 9.4439468151722285e-06 -2.5427950365420594e-06 -1.2300426672392568e-05
leaf_weight=195 17 15.999999999999998 50 108 15.999999999999998 38 9.9999999999999982 1460 1328 1697 833
leaf_count=195 17 16 50 108 16 38 10 1460 1328 1697 833
internal_value=0 6.57232e-07 -2.01068e-05 4.16615e-05 5.86433e-05 0 -4.59745e-05 2.28534e-08 0 1.06852e-06 -2.59624e-06
internal_weight=5768 5701 67 140 124 5561 48 5513 5318 3025 2293
internal_count=5768 5701 67 140 124 5561 48 5513 5318 3025 2293
is_linear=0
shrinkage=0.05


Tree=174
num_leaves=12
num_cat=0
split_feature=12 12 19 19 19 19 18 19 19 19 12
split_gain=3.26267e-06 0.000205782 1.91696e-05 8.01386e-05 4.14875e-06 1.14175e-05 2.66294e-05 4.34372e-05 1.34877e-05 6.12082e-07 5.72029e-07
threshold=1128.0000000000002 1756.0000000000002 0.65192307692307705 0.72430769230769243 0.52767307692307708 0.47441346153846159 2.5000000000000004 0.46442307692307699 0.51805769230769239 0.46442307692307699 384.00000000000006
decision_type=2 2 2 2 2 2 2 2 2 2 2
left_child=2 -2 4 -4 5 6 7 -1 -7 -8 -6
right_child=1 -3 3 -5 10 8 9 -9 -10 -11 -12
leaf_value=0 0.00017533363094451165 0 -4.8625938045526187e-05 0 0 -1.3257013832872038e-05 0 2.8882818873084723e-05 0 -2.2484709721238484e-06 1.8746514207891471e-06
leaf_weight=241 15.999999999999998 23 104 21 143 358 31 209 1213 320 3089
leaf_count=241 16 23 104 21 143 358 31 209 1213 320 3089
internal_value=0 1.42799e-05 0 -1.95026e-05 0 -6.30288e-07 3.73662e-07 1.21514e-05 -4.32274e-06 -5.13039e-07 1.70779e-06
internal_weight=5768 39 5729 125 5604 2372 801 450 1571 351 3232
internal_count=5768 39 5729 125 5604 2372 801 450 1571 351 3232
is_linear=0
shrinkage=0.05


Tree=175
num_leaves=9
num_cat=0
split_feature=10 19 13 13 19 19 19 19
split_gain=2.85772e-06 0.000363485 0.000104311 3.06093e-06 5.70595e-10 5.71854e-06 3.99515e-09 4.38308e-08
threshold=24.000000000000004 0.61517307692307699 9.4828921423310444 8.5000000000000018 0.47441346153846159 0.4970384615384616 0.46442307692307699 0.4458076923076924
decision_type=2 2 2 2 2 2 2 2
left_child=1 4 3 -2 6 -6 7 -1
right_child=2 -3 -4 -5 5 -7 -8 -9
leaf_value=6.9815306536231285e-08 0 0.00028790252283215521 -4.4459200479609743e-05 3.5832208442000117e-06 -6.6529052229684661e-06 0 1.4675324035913825e-07 -1.7856228548814189e-06
leaf_weight=239 174 9.9999999999999982 133 595 322 3733 529 33
leaf_count=239 174 10 133 595 322 3733 529 33
internal_value=0 7.92206e-07 -2.12818e-06 0 0 0 4.21742e-08 0
internal_weight=5768 4866 902 769 4856 4055 801 272
internal_count=5768 4866 902 769 4856 4055 801 272
is_linear=0
shrinkage=0.05


Tree=176
num_leaves=15
num_cat=0
split_feature=17 17 17 12 17 12 17 17 19 17 19 19 19 17
split_gain=1.28178e-05 5.42134e-05 8.88291e-05 0.00017563 1.4763e-05 9.65712e-06 7.55074e-06 0.000382025 0.000365007 1.5313e-05 1.74065e-06 6.49061e-05 1.00457e-05 3.19576e-07
threshold=8.6973007686733208 7.8920499419587129 8.0434510209488543 756.00000000000011 7.115355359154643 756.00000000000011 7.6831204213495203 7.6673031450585656 0.46442307692307699 7.6893425732886129 0.43079807692307698 0.48742307692307701 0.53667307692307709 7.784864722929397
decision_type=2 2 2 2 2 2 2 2 2 2 2 2 2 2
left_child=1 4 3 -3 10 -4 7 8 -6 -8 -1 -12 -13 -11
right_child=-2 2 5 -5 6 -7 9 -9 -10 13 11 12 -14 -15
leaf_value=0 -3.6450118122561623e-05 0 1.6755006887928343e-05 0.00021668180494624026 -0.00018124868444699264 0 -1.698081872081789e-05 0.00024338132527191192 0 0 0.0001138313692063093 -2.0412726339520438e-07 1.428647404082301e-05 -1.1120919691796638e-06
leaf_weight=228 22 28 85 15.999999999999998 27 98 229 14.999999999999998 3903 109 13.999999999999998 227 122 645
leaf_count=228 22 28 85 16 27 98 229 15 3903 109 14 227 122 645
internal_value=0 5.08553e-07 2.45146e-05 8.93299e-05 0 0 -1.36328e-06 0 -1.36382e-06 -5.33792e-06 6.84615e-06 9.39057e-06 0 0
internal_weight=5768 5746 227 44 5519 183 4928 3945 3930 983 591 363 349 754
internal_count=5768 5746 227 44 5519 183 4928 3945 3930 983 591 363 349 754
is_linear=0
shrinkage=0.05


Tree=177
num_leaves=10
num_cat=0
split_feature=17 18 12 17 17 19 17 19 19
split_gain=1.16301e-05 5.93289e-05 7.26871e-05 4.67201e-05 1.0216e-05 9.67549e-06 4.96332e-06 1.41724e-06 5.90253e-05
threshold=8.6973007686733208 4.5000000000000009 1756.0000000000002 7.8479119156778632 7.115355359154643 0.56805769230769243 7.6666386962426545 0.43079807692307698 0.48742307692307701
decision_type=2 2 2 2 2 2 2 2 2
left_child=1 3 -3 4 7 6 -6 -1 -9
right_child=-2 2 -4 -5 5 -7 -8 8 -10
leaf_value=0 -3.4706852298847427e-05 4.4681620084559994e-05 0 -4.8822936297831484e-05 0 4.7799777255292884e-06 -4.0828570103773447e-06 0.00010851923252145448 0
leaf_weight=228 22 165 20 48 2948 591 1383 13.999999999999998 349
leaf_count=228 22 165 20 48 2948 591 1383 14 349
internal_value=0 4.88274e-07 2.8369e-05 0 0 0 -1.56887e-06 6.56826e-06 8.93862e-06
internal_weight=5768 5746 185 5561 5513 4922 4331 591 363
internal_count=5768 5746 185 5561 5513 4922 4331 591 363
is_linear=0
shrinkage=0.05


Tree=178
num_leaves=10
num_cat=0
split_feature=17 18 12 17 17 19 17 19 19
split_gain=1.0525e-05 5.13255e-05 6.79118e-05 4.22555e-05 9.82078e-06 8.8018e-06 4.50145e-06 1.27563e-06 5.31212e-05
threshold=8.6973007686733208 4.5000000000000009 1756.0000000000002 7.8479119156778632 7.115355359154643 0.56805769230769243 7.6714616578013848 0.43079807692307698 0.48742307692307701
decision_type=2 2 2 2 2 2 2 2 2
left_child=1 3 -3 4 7 6 -6 -1 -9
right_child=-2 2 -4 -5 5 -7 -8 8 -10
leaf_value=0 -3.3046956975696314e-05 4.2461002791154547e-05 0 -4.643160807044834e-05 0 4.5413608470856132e-06 -7.2091729078372874e-06 0.00010345500924934942 0
leaf_weight=228 22 165 20 48 3927 591 404 13.999999999999998 349
leaf_count=228 22 165 20 48 3927 591 404 14 349
internal_value=0 4.5585e-07 2.63871e-05 0 0 0 -1.5037e-06 6.43994e-06 8.72992e-06
internal_weight=5768 5746 185 5561 5513 4922 4331 591 363
internal_count=5768 5746 185 5561 5513 4922 4331 591 363
is_linear=0
shrinkage=0.05


Tree=179
num_leaves=11
num_cat=0
split_feature=17 19 18 17 17 17 19 17 19 19
split_gain=1.04951e-05 8.62369e-05 7.41219e-05 3.84342e-05 3.82176e-05 9.45122e-06 8.15313e-06 4.21019e-06 1.14518e-06 4.77674e-05
threshold=8.1868831544556162 0.72430769230769243 4.5000000000000009 8.0497542698189957 7.8479119156778632 7.115355359154643 0.56805769230769243 7.6419255179732621 0.43079807692307698 0.48742307692307701
decision_type=2 2 2 2 2 2 2 2 2 2
left_child=2 -2 4 -4 5 8 7 -7 -1 -10
right_child=1 -3 3 -5 -6 6 -8 -9 9 -11
leaf_value=0 -0.00011555692231114436 0 0.00012201360377826188 0 -4.41574048231907e-05 0 4.3146429124061726e-06 -3.4053242621460043e-06 9.8627112184961627e-05 0
leaf_weight=228 17 50 18 122 48 2617 591 1714 13.999999999999998 349
leaf_count=228 17 50 18 122 48 2617 591 1714 14 349
internal_value=0 -1.90853e-05 5.07535e-07 3.63955e-05 0 0 0 -1.47008e-06 6.31761e-06 8.53097e-06
internal_weight=5768 67 5701 140 5561 5513 4922 4331 591 363
internal_count=5768 67 5701 140 5561 5513 4922 4331 591 363
is_linear=0
shrinkage=0.05


Tree=180
num_leaves=12
num_cat=0
split_feature=17 17 18 12 17 17 17 17 19 19 19
split_gain=9.38002e-06 8.26227e-06 4.66159e-05 6.29994e-05 3.19443e-05 7.97294e-06 4.09305e-05 2.04727e-05 1.02495e-06 4.29132e-05 9.07399e-06
threshold=7.115355359154643 8.6973007686733208 4.5000000000000009 1756.0000000000002 7.8479119156778632 7.2133000484419894 7.2226790386014175 7.200356359288631 0.43079807692307698 0.48742307692307701 0.53667307692307709
decision_type=2 2 2 2 2 2 2 2 2 2 2
left_child=8 2 4 -4 5 7 -7 -2 -1 -10 -11
right_child=1 -3 3 -5 -6 6 -8 -9 9 10 -12
leaf_value=0 0 -3.0461611807803138e-05 4.0141709416428672e-05 0 -4.1994593814205454e-05 2.5989117746752115e-05 0 -2.373835480329199e-05 9.4024511364599055e-05 -1.9395273340163272e-07 1.357795714165985e-05
leaf_weight=228 2063 22 165 20 48 154 2584 121 13.999999999999998 227 122
leaf_count=228 2063 22 165 20 48 154 2584 121 14 227 122
internal_value=0 -3.64051e-07 0 2.43172e-05 -1.14815e-06 0 9.29412e-07 -2.83541e-06 6.201e-06 8.34131e-06 0
internal_weight=5768 5177 5155 185 4970 4922 2738 2184 591 363 349
internal_count=5768 5177 5155 185 4970 4922 2738 2184 591 363 349
is_linear=0
shrinkage=0.05


Tree=181
num_leaves=12
num_cat=0
split_feature=17 10 18 17 17 17 17 17 17 19 19
split_gain=9.17657e-06 8.31307e-05 6.32888e-05 3.55828e-05 3.12624e-05 8.39354e-06 7.508e-06 3.86191e-05 1.81349e-05 7.83284e-07 3.90316e-05
threshold=8.1868831544556162 48.000000000000007 4.5000000000000009 8.0497542698189957 7.8479119156778632 7.115355359154643 7.2133000484419894 7.6419255179732621 7.200356359288631 0.43079807692307698 0.48742307692307701
decision_type=2 2 2 2 2 2 2 2 2 2 2
left_child=2 -2 4 -4 5 9 8 -8 -7 -1 -11
right_child=1 -3 3 -5 -6 6 7 -9 -10 10 -12
leaf_value=0 -9.9908772289105069e-05 0 0.0001143325692483861 0 -3.9937718134677525e-05 0 1.493244682126826e-05 0 -2.2561151999980209e-05 8.963668439537286e-05 0
leaf_weight=228 22 45 18 122 48 2063 441 2297 121 13.999999999999998 349
leaf_count=228 22 45 18 122 48 2063 441 2297 121 14 349
internal_value=0 -1.7886e-05 4.56395e-07 3.36239e-05 0 0 0 8.5635e-07 -2.76968e-06 5.95363e-06 7.93899e-06
internal_weight=5768 67 5701 140 5561 5513 4922 2738 2184 591 363
internal_count=5768 67 5701 140 5561 5513 4922 2738 2184 591 363
is_linear=0
shrinkage=0.05


Tree=182
num_leaves=12
num_cat=0
split_feature=17 13 13 17 19 17 19 17 19 19 19
split_gain=8.48093e-06 8.12986e-06 0.000191293 3.20993e-05 1.817e-05 0.000104703 3.14023e-05 3.40067e-06 6.85292e-07 3.50313e-05 8.19628e-06
threshold=7.115355359154643 10.130202516776858 10.764013354441582 8.3911170456645259 0.65192307692307705 8.1633502364585677 0.55267307692307699 7.6419255179732621 0.43079807692307698 0.48742307692307701 0.53667307692307709
decision_type=2 2 2 2 2 2 2 2 2 2 2
left_child=8 3 -3 4 6 -6 7 -2 -1 -10 -11
right_child=1 2 -4 -5 5 -7 -8 -9 9 10 -12
leaf_value=0 0 0.00016935120330449435 0 -8.3946137008472112e-05 -5.5202390205594572e-05 0 1.0143777138243119e-05 -3.1954431535899335e-06 8.545364361877241e-05 -1.8429603139673679e-07 1.290457656349593e-05
leaf_weight=228 2617 15.999999999999998 23 11.999999999999998 100 17 674 1718 13.999999999999998 227 122
leaf_count=228 2617 16 23 12 100 17 674 1718 14 227 122
internal_value=0 -4.30349e-07 1.5269e-05 -1.52541e-06 -3.40902e-07 -1.97486e-05 0 -1.44477e-06 5.84764e-06 7.76662e-06 0
internal_weight=5768 5177 39 5138 5126 117 5009 4335 591 363 349
internal_count=5768 5177 39 5138 5126 117 5009 4335 591 363 349
is_linear=0
shrinkage=0.05


Tree=183
num_leaves=9
num_cat=0
split_feature=17 12 19 17 19 17 17 19
split_gain=9.78297e-06 4.64789e-05 1.06375e-05 0.000100902 1.31108e-05 1.07816e-05 3.22413e-06 4.83705e-07
threshold=8.6973007686733208 1128.0000000000002 0.65192307692307705 8.1633502364585677 0.55267307692307699 7.115355359154643 7.6714616578013848 0.43079807692307698
decision_type=2 2 2 2 2 2 2 2
left_child=1 2 4 -4 5 7 -7 -1
right_child=-2 -3 3 -5 -6 6 -8 -9
leaf_value=0 -3.216048408395853e-05 7.128202827120928e-05 -5.2469601903092297e-05 0 7.0413248441519117e-06 0 -6.3197918006840604e-06 7.3917704855205717e-06
leaf_weight=228 22 22 100 22 676 3927 408 363
leaf_count=228 22 22 100 22 676 3927 408 363
internal_value=0 3.41084e-07 0 -1.44844e-05 3.7521e-07 0 -1.38147e-06 5.61716e-06
internal_weight=5768 5746 5724 122 5602 4926 4335 591
internal_count=5768 5746 5724 122 5602 4926 4335 591
is_linear=0
shrinkage=0.05


Tree=184
num_leaves=12
num_cat=0
split_feature=17 10 18 0 10 17 0 0 19 17 17
split_gain=9.08537e-06 7.59959e-05 7.22225e-05 6.87242e-05 4.94851e-05 2.74748e-05 8.40284e-05 1.4709e-05 6.81925e-06 4.44459e-05 3.90036e-05
threshold=8.1868831544556162 48.000000000000007 4.5000000000000009 2.5416666666666674 48.000000000000007 7.8479119156778632 2.5416666666666674 2.5416666666666674 0.53667307692307709 7.6666386962426545 7.200356359288631
decision_type=2 2 2 2 2 2 2 2 2 2 2
left_child=2 -2 5 -4 -5 7 -7 -1 10 -10 -9
right_child=1 -3 3 4 -6 6 -8 8 9 -11 -12
leaf_value=1.3697253117261796e-05 -9.5935601376644943e-05 0 0 6.6159324391548509e-05 0 0 -0.00015919052043252371 0 8.7737901961610313e-06 -2.5111114617505135e-06 -1.1622522463067267e-05
leaf_weight=195 22 45 15.999999999999998 108 15.999999999999998 38 9.9999999999999982 1460 1328 1697 833
leaf_count=195 22 45 16 108 16 38 10 1460 1328 1697 833
internal_value=0 -1.78613e-05 4.22861e-07 3.58855e-05 5.31704e-05 0 -3.74403e-05 0 0 7.9197e-07 -2.56988e-06
internal_weight=5768 67 5701 140 124 5561 48 5513 5318 3025 2293
internal_count=5768 67 5701 140 124 5561 48 5513 5318 3025 2293
is_linear=0
shrinkage=0.05


Tree=185
num_leaves=10
num_cat=0
split_feature=17 13 19 17 19 17 17 17 19
split_gain=8.24739e-06 4.47269e-05 9.50218e-06 9.80998e-05 1.17523e-05 9.74184e-06 4.25052e-06 1.1012e-06 3.0457e-07
threshold=8.6973007686733208 10.130202516776858 0.65192307692307705 8.1633502364585677 0.55267307692307699 7.115355359154643 7.2133000484419894 8.2106037135369139 0.43079807692307698
decision_type=2 2 2 2 2 2 2 2 2
left_child=1 2 4 -4 5 8 -7 -3 -1
right_child=-2 7 3 -5 -6 6 -8 -9 -10
leaf_value=0 -2.9579601011747666e-05 0.00010227629724381994 -5.1554751750727248e-05 0 6.6499904752812142e-06 -2.9122815605943483e-06 0 0 6.8761589696245767e-06
leaf_weight=228 22 10.000000000000002 100 22 676 2184 2151 11.999999999999998 363
leaf_count=228 22 10 100 22 676 2184 2151 12 363
internal_value=0 2.93348e-07 0 -1.37331e-05 3.15514e-07 0 -1.35027e-06 6.98794e-05 5.2712e-06
internal_weight=5768 5746 5724 122 5602 4926 4335 22 591
internal_count=5768 5746 5724 122 5602 4926 4335 22 591
is_linear=0
shrinkage=0.05


Tree=186
num_leaves=12
num_cat=0
split_feature=17 19 18 17 17 17 17 17 17 19 19
split_gain=7.7527e-06 7.21827e-05 6.79936e-05 2.94748e-05 2.47295e-05 6.06387e-06 7.40577e-06 3.70482e-05 1.52555e-05 1.50922e-07 3.2957e-05
threshold=8.1868831544556162 0.72430769230769243 4.5000000000000009 8.0497542698189957 7.8479119156778632 7.115355359154643 7.2133000484419894 7.6419255179732621 7.200356359288631 0.43079807692307698 0.48742307692307701
decision_type=2 2 2 2 2 2 2 2 2 2 2
left_child=2 -2 4 -4 5 9 8 -8 -7 -1 -11
right_child=1 -3 3 -5 -6 6 7 -9 -10 10 -12
leaf_value=0 -0.00010511487258756661 0 0.00011346809602783697 0 -3.5520525844007422e-05 0 1.4614883838727127e-05 0 -2.1206406479487652e-05 8.0799981486052259e-05 0
leaf_weight=228 17 50 18 122 48 2063 441 2297 121 13.999999999999998 349
leaf_count=228 17 50 18 122 48 2063 441 2297 121 14 349
internal_value=0 -1.64619e-05 4.09063e-07 3.48185e-05 0 0 0 8.0803e-07 -2.76676e-06 5.06039e-06 6.5333e-06
internal_weight=5768 67 5701 140 5561 5513 4922 2738 2184 591 363
internal_count=5768 67 5701 140 5561 5513 4922 2738 2184 591 363
is_linear=0
shrinkage=0.05


Tree=187
num_leaves=8
num_cat=0
split_feature=11 19 12 12 19 19 19
split_gain=4.39025e-06 0.000312127 9.74828e-05 1.22814e-06 1.14947e-09 6.33879e-06 1.07026e-07
threshold=4.5000000000000009 0.61517307692307699 756.00000000000011 384.00000000000006 0.47441346153846159 0.4970384615384616 0.46442307692307699
decision_type=2 2 2 2 2 2 2
left_child=1 4 3 -2 6 -6 -1
right_child=2 -3 -4 -5 5 -7 -8
leaf_value=0 0 0.00026683183640918945 -4.3349408164186885e-05 2.2697089524925881e-06 -7.0044137882580544e-06 0 7.1432750962041969e-07
leaf_weight=272 174 9.9999999999999982 133 595 322 3733 529
leaf_count=272 174 10 133 595 322 3733 529
internal_value=0 7.68407e-07 -2.99536e-06 0 0 0 5.98593e-08
internal_weight=5768 4866 902 769 4856 4055 801
internal_count=5768 4866 902 769 4856 4055 801
is_linear=0
shrinkage=0.05


Tree=188
num_leaves=12
num_cat=0
split_feature=17 12 12 17 17 17 17 17 19 19 19
split_gain=6.41095e-06 6.41044e-06 0.000176086 2.53242e-05 1.64293e-05 4.50501e-05 1.8806e-05 6.84615e-06 1.78971e-07 2.93033e-05 6.11212e-06
threshold=7.115355359154643 1128.0000000000002 1756.0000000000002 8.3911170456645259 8.0529439743463929 7.8479119156778632 8.0497542698189957 7.2133000484419894 0.43079807692307698 0.48742307692307701 0.53667307692307709
decision_type=2 2 2 2 2 2 2 2 2 2 2
left_child=8 3 -3 4 5 7 -7 -2 -1 -10 -11
right_child=1 2 -4 -5 -6 6 -8 -9 9 10 -12
leaf_value=0 -2.6965014992422455e-06 0.0001620618059121839 0 -7.5114229686313086e-05 1.8253530032434978e-05 -5.1451187759924388e-05 0 6.6957292056024647e-07 7.7073618614425241e-05 -5.3670619596040831e-07 1.1121871757199911e-05
leaf_weight=228 2184 15.999999999999998 23 11.999999999999998 86 64 54 2738 13.999999999999998 227 122
leaf_count=228 2184 16 23 12 86 64 54 2738 14 227 122
internal_value=0 -3.48216e-07 1.25229e-05 -1.42128e-06 -2.58922e-07 -1.57023e-06 -3.24173e-05 0 5.10026e-06 6.59815e-06 0
internal_weight=5768 5177 39 5138 5126 5040 118 4922 591 363 349
internal_count=5768 5177 39 5138 5126 5040 118 4922 591 363 349
is_linear=0
shrinkage=0.05


Tree=189
num_leaves=5
num_cat=0
split_feature=10 19 12 12
split_gain=4.0133e-06 0.000285134 9.01685e-05 1.18171e-06
threshold=24.000000000000004 0.61517307692307699 756.00000000000011 384.00000000000006
decision_type=2 2 2 2
left_child=1 -1 3 -2
right_child=2 -3 -4 -5
leaf_value=0 0 0.00025510080412707544 -4.1649709212413027e-05 2.2263981328257347e-06
leaf_weight=4856 174 9.9999999999999982 133 595
leaf_count=4856 174 10 133 595
internal_value=0 7.85737e-07 -2.78988e-06 0
internal_weight=5768 4866 902 769
internal_count=5768 4866 902 769
is_linear=0
shrinkage=0.05


Tree=190
num_leaves=12
num_cat=0
split_feature=17 17 17 19 17 17 17 19 17 12 17
split_gain=7.62345e-06 4.93709e-05 0.000107457 0.000190027 1.25944e-05 0.000347397 9.18121e-06 3.99467e-05 7.82624e-06 3.87794e-06 1.33187e-06
threshold=8.6973007686733208 7.8920499419587129 8.0434510209488543 0.63055769230769243 7.6831204213495203 7.6673031450585656 7.6666386962426545 0.53667307692307709 7.6893425732886129 756.00000000000011 7.784864722929397
decision_type=2 2 2 2 2 2 2 2 2 2 2
left_child=1 4 3 -3 5 6 7 -1 -6 -4 -10
right_child=-2 2 9 -5 8 -7 -8 -9 10 -11 -12
leaf_value=-1.5414205275167636e-06 -2.8235247061630882e-05 0 1.0617473081490672e-05 0.00016216884776385445 -1.4743504106856719e-05 0.00023312389559578149 -4.5885476421039454e-06 8.543990213866152e-06 0 0 -2.2703073572817227e-06
leaf_weight=2219 22 11.999999999999998 85 32 229 14.999999999999998 974 1328 109 98 645
leaf_count=2219 22 12 85 32 229 15 974 1328 109 98 645
internal_value=0 3.54534e-07 2.33349e-05 9.34275e-05 0 4.82512e-07 0 8.26666e-07 -5.56098e-06 0 0
internal_weight=5768 5746 227 44 5519 4536 4521 3547 983 183 754
internal_count=5768 5746 227 44 5519 4536 4521 3547 983 183 754
is_linear=0
shrinkage=0.05


Tree=191
num_leaves=9
num_cat=0
split_feature=17 18 12 17 17 17 17 17
split_gain=6.83404e-06 4.68394e-05 6.23142e-05 3.0914e-05 5.63423e-06 7.14203e-06 3.46879e-05 1.33252e-05
threshold=8.6973007686733208 4.5000000000000009 1756.0000000000002 7.8479119156778632 7.115355359154643 7.2133000484419894 7.2226790386014175 7.200356359288631
decision_type=2 2 2 2 2 2 2 2
left_child=1 3 -3 4 -1 7 -7 -6
right_child=-2 2 -4 -5 5 6 -8 -9
leaf_value=4.8778278958068126e-06 -2.6884869891902138e-05 4.0579014754060277e-05 0 -3.9714573008217372e-05 0 2.3850894397905757e-05 0 -2.0186385926103493e-05
leaf_weight=591 22 165 20 48 2063 154 2584 121
leaf_count=591 22 165 20 48 2063 154 2584 121
internal_value=0 2.83157e-07 2.51404e-05 0 0 0 7.28669e-07 -2.73972e-06
internal_weight=5768 5746 185 5561 5513 4922 2738 2184
internal_count=5768 5746 185 5561 5513 4922 2738 2184
is_linear=0
shrinkage=0.05


Tree=192
num_leaves=12
num_cat=0
split_feature=17 18 19 17 19 17 17 19 17 17 17
split_gain=6.12614e-06 4.04344e-05 5.37747e-05 2.79599e-05 5.68301e-06 3.78167e-05 0.000232483 9.22777e-05 3.04306e-05 0.000440151 3.47295e-05
threshold=8.6973007686733208 4.5000000000000009 0.78680769230769243 7.8479119156778632 0.53667307692307709 7.200356359288631 7.2133000484419894 0.4970384615384616 7.6666386962426545 7.200356359288631 7.6893425732886129
decision_type=2 2 2 2 2 2 2 2 2 2 2
left_child=1 3 -3 4 5 7 -7 -1 9 -6 -10
right_child=-2 2 -4 -5 8 6 -8 -9 10 -11 -12
leaf_value=-6.4203454816503031e-06 -2.5599063864438379e-05 3.8386681910196788e-05 0 -3.7769384406583039e-05 0 -0.00010268008925777394 0 1.6733102170675787e-05 -7.7448105458733066e-06 8.618330767785666e-05 5.7857118552810911e-06
leaf_weight=763 22 159 26 48 1169 63 910 722 1091 159 636
leaf_count=763 22 159 26 48 1169 63 910 722 1091 159 636
internal_value=0 2.05704e-07 2.33405e-05 0 0 -9.56913e-07 -9.80076e-06 1.4757e-06 1.97794e-06 8.13877e-06 0
internal_weight=5768 5746 185 5561 5513 2458 973 1485 3055 1328 1727
internal_count=5768 5746 185 5561 5513 2458 973 1485 3055 1328 1727
is_linear=0
shrinkage=0.05


Tree=193
num_leaves=8
num_cat=0
split_feature=10 19 13 13 19 19 19
split_gain=5.12584e-06 0.000261469 8.88842e-05 6.53499e-07 1.27211e-08 5.28793e-06 2.27196e-07
threshold=24.000000000000004 0.61517307692307699 9.4828921423310444 8.5000000000000018 0.47441346153846159 0.4970384615384616 0.46442307692307699
decision_type=2 2 2 2 2 2 2
left_child=1 4 3 -2 6 -6 -1
right_child=2 -3 -4 -5 5 -7 -8
leaf_value=0 0 0.00024413073647089976 -4.1707996289860872e-05 1.6556525620125579e-06 -6.3975179280859374e-06 0 1.0638074781350294e-06
leaf_weight=272 174 9.9999999999999982 133 595 322 3733 529
leaf_count=272 174 10 133 595 322 3733 529
internal_value=0 6.28824e-07 -3.47274e-06 0 0 0 1.99134e-07
internal_weight=5768 4866 902 769 4856 4055 801
internal_count=5768 4866 902 769 4856 4055 801
is_linear=0
shrinkage=0.05


Tree=194
num_leaves=11
num_cat=0
split_feature=17 17 17 19 10 19 17 17 17 17
split_gain=6.58183e-06 6.59078e-06 3.29464e-05 7.53334e-05 5.40896e-05 2.03766e-05 0.000217739 0.000146536 1.24963e-05 9.63377e-06
threshold=7.115355359154643 7.2133000484419894 7.6419255179732621 0.46442307692307699 24.000000000000004 0.52767307692307708 7.6503990045026331 7.6455694296173329 7.6893425732886129 7.200356359288631
decision_type=2 2 2 2 2 2 2 2 2 2
left_child=-1 9 3 -3 -5 7 -7 -4 -8 -2
right_child=1 2 5 4 -6 6 8 -9 -10 -11
leaf_value=5.0123087948048962e-06 0 0 -9.5527526092432119e-05 3.187792548107486e-05 0 0.00016487609269097447 -5.251254382090081e-06 0 0 -1.8585867240841761e-05
leaf_weight=591 2063 24 45 396 21 19 1156 355 977 121
leaf_count=591 2063 24 45 396 21 19 1156 355 977 121
internal_value=0 -5.52674e-07 0 1.34429e-05 2.53307e-05 -9.8784e-07 0 -1.15433e-05 -5.57918e-07 -2.87486e-06
internal_weight=5768 5177 2993 441 417 2552 2152 400 2133 2184
internal_count=5768 5177 2993 441 417 2552 2152 400 2133 2184
is_linear=0
shrinkage=0.05


Tree=195
num_leaves=8
num_cat=0
split_feature=11 12 12 12 19 19 19
split_gain=4.34727e-06 0.00023979 8.04709e-05 5.90274e-07 5.17024e-07 4.54321e-06 2.15899e-07
threshold=4.5000000000000009 756.00000000000011 756.00000000000011 384.00000000000006 0.47441346153846159 0.4970384615384616 0.46442307692307699
decision_type=2 2 2 2 2 2 2
left_child=1 4 3 -2 6 -6 -1
right_child=2 -3 -4 -5 5 -7 -8
leaf_value=0 0 0.00012257474893704058 -3.9638158628641481e-05 1.5735248144365992e-06 -6.2563180568088826e-06 0 1.0164973319437843e-06
leaf_weight=272 174 39 133 595 322 3704 529
leaf_count=272 174 39 133 595 322 3704 529
internal_value=0 5.56401e-07 -3.21979e-06 0 0 -5.64815e-07 9.91527e-08
internal_weight=5768 4866 902 769 4827 4026 801
internal_count=5768 4866 902 769 4827 4026 801
is_linear=0
shrinkage=0.05


Tree=196
num_leaves=12
num_cat=0
split_feature=17 13 13 17 17 17 17 17 19 19 19
split_gain=6.35958e-06 8.44705e-06 0.000165836 2.16106e-05 1.26078e-05 4.31662e-05 2.14596e-05 7.0944e-06 1.42222e-07 2.65935e-05 4.58741e-06
threshold=7.115355359154643 10.130202516776858 10.764013354441582 8.3911170456645259 8.0529439743463929 7.8479119156778632 8.0497542698189957 7.2133000484419894 0.43079807692307698 0.48742307692307701 0.53667307692307709
decision_type=2 2 2 2 2 2 2 2 2 2 2
left_child=8 3 -3 4 5 7 -7 -2 -1 -10 -11
right_child=1 2 -4 -5 -6 6 -8 -9 9 10 -12
leaf_value=0 -2.814870685748159e-06 0.00015774752714445211 0 -7.1831733764086544e-05 1.4053672590913868e-05 -5.2228332568819707e-05 0 3.935510874343352e-07 7.3464282633115832e-05 0 9.6560894687682742e-06
leaf_weight=228 2184 15.999999999999998 23 11.999999999999998 86 64 54 2738 13.999999999999998 227 122
leaf_count=228 2184 16 23 12 86 64 54 2738 14 227 122
internal_value=0 -5.86834e-07 1.45282e-05 -1.67732e-06 -5.23881e-07 -1.76723e-06 -3.22357e-05 -1.47382e-08 4.88306e-06 6.30527e-06 0
internal_weight=5768 5177 39 5138 5126 5040 118 4922 591 363 349
internal_count=5768 5177 39 5138 5126 5040 118 4922 591 363 349
is_linear=0
shrinkage=0.05


Tree=197
num_leaves=8
num_cat=0
split_feature=10 19 12 12 19 19 19
split_gain=3.82447e-06 0.000227978 7.44578e-05 5.97724e-07 4.75761e-10 4.53824e-06 2.12199e-07
threshold=24.000000000000004 0.61517307692307699 756.00000000000011 384.00000000000006 0.47441346153846159 0.4970384615384616 0.46442307692307699
decision_type=2 2 2 2 2 2 2
left_child=1 4 3 -2 6 -6 -1
right_child=2 -3 -4 -5 5 -7 -8
leaf_value=0 0 0.00022792745296928014 -3.8068240867673994e-05 1.5834245446271684e-06 -5.9266939231060473e-06 0 1.0015894411755546e-06
leaf_weight=272 174 9.9999999999999982 133 595 322 3733 529
leaf_count=272 174 10 133 595 322 3733 529
internal_value=0 5.57748e-07 -2.98522e-06 0 0 0 3.85103e-08
internal_weight=5768 4866 902 769 4856 4055 801
internal_count=5768 4866 902 769 4856 4055 801
is_linear=0
shrinkage=0.05


Tree=198
num_leaves=12
num_cat=0
split_feature=17 12 12 17 17 17 17 17 19 19 19
split_gain=6.03147e-06 7.17227e-06 0.0001516 1.96334e-05 1.17938e-05 3.84304e-05 2.1732e-05 6.35351e-06 9.46141e-08 2.38846e-05 4.14368e-06
threshold=7.115355359154643 1128.0000000000002 1756.0000000000002 8.3911170456645259 8.0529439743463929 7.8479119156778632 8.0497542698189957 7.2133000484419894 0.43079807692307698 0.48742307692307701 0.53667307692307709
decision_type=2 2 2 2 2 2 2 2 2 2 2
left_child=8 3 -3 4 5 7 -7 -2 -1 -10 -11
right_child=1 2 -4 -5 -6 6 -8 -9 9 10 -12
leaf_value=0 -2.6663106586997243e-06 0.00015055086462833808 0 -6.8534692366553743e-05 1.3674501163735127e-05 -5.0327589162267171e-05 0 3.575458244336262e-07 7.0072131076206749e-05 0 9.1772115878321639e-06
leaf_weight=228 2184 15.999999999999998 23 11.999999999999998 86 64 54 2738 13.999999999999998 227 122
leaf_count=228 2184 16 23 12 86 64 54 2738 14 227 122
internal_value=0 -5.15319e-07 1.2564e-05 -1.58998e-06 -4.44691e-07 -1.68015e-06 -3.04457e-05 0 4.81124e-06 6.18847e-06 0
internal_weight=5768 5177 39 5138 5126 5040 118 4922 591 363 349
internal_count=5768 5177 39 5138 5126 5040 118 4922 591 363 349
is_linear=0
shrinkage=0.05


Tree=199
num_leaves=12
num_cat=0
split_feature=17 17 17 19 17 17 17 19 17 17 12
split_gain=7.19202e-06 4.46569e-05 9.86997e-05 0.000196294 1.28453e-05 0.000315747 7.41914e-06 0.000332876 4.32581e-06 1.6502e-06 1.11134e-06
threshold=8.6973007686733208 7.8920499419587129 8.0434510209488543 0.63055769230769243 7.6831204213495203 7.6673031450585656 7.115355359154643 0.46442307692307699 7.6893425732886129 7.784864722929397 756.00000000000011
decision_type=2 2 2 2 2 2 2 2 2 2 2
left_child=1 4 3 -3 5 6 -1 -8 -6 -10 -4
right_child=-2 2 10 -5 8 -7 7 -9 9 -11 -12
leaf_value=4.6338216393574054e-06 -2.7829357346965231e-05 0 5.6838739100237198e-06 0.00016042490108785304 -1.3581700092839562e-05 0.00022218656551558524 -0.00017300155695660838 0 0 -2.5270957695810419e-06 0
leaf_weight=591 22 11.999999999999998 85 32 229 14.999999999999998 27 3903 109 645 98
leaf_count=591 22 12 85 32 229 15 27 3903 109 645 98
internal_value=0 1.70547e-07 2.21448e-05 8.92635e-05 0 3.32467e-07 0 -1.21847e-06 -5.66797e-06 0 0
internal_weight=5768 5746 227 44 5519 4536 4521 3930 983 754 183
internal_count=5768 5746 227 44 5519 4536 4521 3930 983 754 183
is_linear=0
shrinkage=0.05


Tree=200
num_leaves=8
num_cat=0
split_feature=11 12 12 12 19 19 19
split_gain=3.82705e-06 0.000205696 6.9197e-05 4.4126e-07 3.15793e-07 4.00733e-06 2.26203e-07
threshold=4.5000000000000009 756.00000000000011 756.00000000000011 384.00000000000006 0.47441346153846159 0.4970384615384616 0.46442307692307699
decision_type=2 2 2 2 2 2 2
left_child=1 4 3 -2 6 -6 -1
right_child=2 -3 -4 -5 5 -7 -8
leaf_value=0 0 0.00011357667460106312 -3.6733701500221534e-05 1.3604868142263985e-06 -5.7788492463696339e-06 0 1.0521290444918324e-06
leaf_weight=272 174 39 133 595 322 3704 529
leaf_count=272 174 39 133 595 322 3704 529
internal_value=0 5.98823e-07 -2.94324e-06 0 0 -4.3679e-07 1.62544e-07
internal_weight=5768 4866 902 769 4827 4026 801
internal_count=5768 4866 902 769 4827 4026 801
is_linear=0
shrinkage=0.05


Tree=201
num_leaves=12
num_cat=0
split_feature=17 18 13 17 19 17 17 19 17 17 17
split_gain=5.87056e-06 4.67752e-05 5.71918e-05 3.15656e-05 4.99425e-06 3.7726e-05 0.000200811 8.51631e-05 2.73657e-05 0.000396202 2.73903e-05
threshold=8.6973007686733208 4.5000000000000009 10.764013354441582 7.8479119156778632 0.53667307692307709 7.200356359288631 7.2133000484419894 0.4970384615384616 7.6666386962426545 7.200356359288631 7.6893425732886129
decision_type=2 2 2 2 2 2 2 2 2 2 2
left_child=1 3 -3 4 5 7 -7 -1 9 -6 -10
right_child=-2 2 -4 -5 8 6 -8 -9 10 -11 -12
leaf_value=-5.9400152219081522e-06 -2.5143794748304479e-05 3.9580098278988826e-05 0 -4.0130932287940258e-05 0 -9.6464359085075561e-05 0 1.6171294998733088e-05 -7.0335048859795702e-06 8.1742018039221895e-05 4.7635211093202111e-06
leaf_weight=763 22 165 20 48 1169 63 910 722 1091 159 636
leaf_count=763 22 165 20 48 1169 63 910 722 1091 159 636
internal_value=0 1.5358e-07 2.50884e-05 0 0 -9.72019e-07 -9.79863e-06 1.44931e-06 1.82356e-06 7.68925e-06 0
internal_weight=5768 5746 185 5561 5513 2458 973 1485 3055 1328 1727
internal_count=5768 5746 185 5561 5513 2458 973 1485 3055 1328 1727
is_linear=0
shrinkage=0.05


Tree=202
num_leaves=12
num_cat=0
split_feature=17 12 12 17 17 17 17 17 17 17 17
split_gain=6.12324e-06 7.18561e-06 0.000141442 1.73439e-05 4.32391e-05 2.33657e-05 6.53971e-06 2.73588e-05 7.42158e-06 3.30322e-06 1.43646e-06
threshold=7.115355359154643 1128.0000000000002 1756.0000000000002 7.8479119156778632 8.0497542698189957 8.3911170456645259 7.2133000484419894 7.2226790386014175 7.200356359288631 8.0529439743463929 7.6673031450585656
decision_type=2 2 2 2 2 2 2 2 2 2 2
left_child=-1 3 -3 6 -5 9 8 -8 -2 -6 -9
right_child=1 2 -4 4 5 -7 7 10 -10 -11 -12
leaf_value=4.7494933632323578e-06 0 0.00014531531758941982 0 -5.0535131263761562e-05 0 -6.5587183411340566e-05 2.1045119832119636e-05 -1.5014431796551721e-06 -1.6853547517637734e-05 1.1116176416787007e-05 0
leaf_weight=591 2063 15.999999999999998 23 64 54 11.999999999999998 154 1592 121 86 992
leaf_count=591 2063 16 23 64 54 12 154 1592 121 86 992
internal_value=0 -6.14295e-07 1.15937e-05 -1.68215e-06 -1.63345e-05 0 -2.03075e-08 3.03403e-07 -2.71441e-06 4.20444e-06 0
internal_weight=5768 5177 39 5138 216 152 4922 2738 2184 140 2584
internal_count=5768 5177 39 5138 216 152 4922 2738 2184 140 2584
is_linear=0
shrinkage=0.05


Tree=203
num_leaves=12
num_cat=0
split_feature=17 12 17 17 17 19 19 17 19 19 19
split_gain=7.03757e-06 4.21678e-05 6.07178e-06 4.97008e-06 2.77463e-05 6.56596e-05 1.8833e-05 6.30044e-06 9.37392e-08 2.17591e-05 3.35414e-06
threshold=8.6973007686733208 1128.0000000000002 7.115355359154643 7.2133000484419894 7.6419255179732621 0.46442307692307699 0.52767307692307708 7.200356359288631 0.43079807692307698 0.48742307692307701 0.53667307692307709
decision_type=2 2 2 2 2 2 2 2 2 2 2
left_child=1 2 8 7 5 -5 -6 -4 -1 -10 -11
right_child=-2 -3 3 4 6 -7 -8 -9 9 10 -12
leaf_value=0 -2.7650999836623658e-05 6.7703979565640501e-05 0 0 -1.1387861487943392e-05 2.3385378015205337e-05 0 -1.6017791044089149e-05 6.6676438941309823e-05 0 8.2567276582651859e-06
leaf_weight=228 22 22 2063 24 400 417 2108 121 13.999999999999998 227 122
leaf_count=228 22 22 2063 24 400 417 2108 121 14 227 122
internal_value=0 3.87928e-08 0 -7.8021e-07 0 1.20749e-05 -1.40043e-06 -2.66775e-06 4.51241e-06 5.81032e-06 0
internal_weight=5768 5746 5724 5133 2949 441 2508 2184 591 363 349
internal_count=5768 5746 5724 5133 2949 441 2508 2184 591 363 349
is_linear=0
shrinkage=0.05


Tree=204
num_leaves=13
num_cat=0
split_feature=17 17 17 19 17 17 19 17 17 17 17 12
split_gain=6.37737e-06 3.85917e-05 9.50814e-05 0.000187326 1.25979e-05 0.000288372 7.47177e-06 7.18835e-05 2.68358e-05 1.8689e-06 1.75967e-06 3.61651e-07
threshold=8.6973007686733208 7.8920499419587129 8.0434510209488543 0.63055769230769243 7.6831204213495203 7.6673031450585656 0.53667307692307709 7.200356359288631 7.6666386962426545 7.6893425732886129 7.784864722929397 756.00000000000011
decision_type=2 2 2 2 2 2 2 2 2 2 2 2
left_child=1 4 3 -3 5 6 7 -1 -8 -6 -11 -4
right_child=-2 2 11 -5 9 -7 8 -9 -10 10 -12 -13
leaf_value=1.102616473992291e-06 -2.6328556388920243e-05 0 3.2423940476376618e-06 0.00015594274257168628 -1.2518088568670109e-05 0.00021228751749731599 7.2030589782315438e-06 -1.5543646465205403e-05 -1.6203218473924455e-06 0 -2.6095701502664904e-06 0
leaf_weight=1485 22 11.999999999999998 85 32 229 14.999999999999998 1328 795 913 109 645 98
leaf_count=1485 22 12 85 32 229 15 1328 795 913 109 645 98
internal_value=0 0 2.05707e-05 8.61759e-05 0 1.66241e-07 0 -2.51392e-06 1.37908e-06 -5.64618e-06 0 0
internal_weight=5768 5746 227 44 5519 4536 4521 2280 2241 983 754 183
internal_count=5768 5746 227 44 5519 4536 4521 2280 2241 983 754 183
is_linear=0
shrinkage=0.05


Tree=205
num_leaves=8
num_cat=0
split_feature=10 19 13 13 19 19 19
split_gain=4.45642e-06 0.000195453 6.90407e-05 2.3688e-07 1.95532e-07 4.91399e-06 6.95765e-07
threshold=24.000000000000004 0.61517307692307699 9.4828921423310444 8.5000000000000018 0.47441346153846159 0.53667307692307709 0.46442307692307699
decision_type=2 2 2 2 2 2 2
left_child=1 4 3 -2 6 -6 -1
right_child=2 -3 -4 -5 5 -7 -8
leaf_value=0 0 0.00021099050952629608 -3.6923417121297055e-05 9.9680600807011306e-07 -2.8178516084158338e-06 0 2.0067420198344882e-06
leaf_weight=272 174 9.9999999999999982 133 595 1558 2497 529
leaf_count=272 174 10 133 595 1558 2497 529
internal_value=0 4.65677e-07 -3.34201e-06 0 0 -1.52174e-07 7.01712e-07
internal_weight=5768 4866 902 769 4856 4055 801
internal_count=5768 4866 902 769 4856 4055 801
is_linear=0
shrinkage=0.05


Tree=206
num_leaves=12
num_cat=0
split_feature=17 12 17 17 17 19 19 17 19 19 19
split_gain=5.17094e-06 3.82454e-05 5.56277e-06 5.45272e-06 2.64526e-05 6.44519e-05 1.63222e-05 4.21647e-06 1.64625e-08 1.98487e-05 2.76014e-06
threshold=8.6973007686733208 1128.0000000000002 7.115355359154643 7.2133000484419894 7.6419255179732621 0.46442307692307699 0.52767307692307708 7.200356359288631 0.43079807692307698 0.48742307692307701 0.53667307692307709
decision_type=2 2 2 2 2 2 2 2 2 2 2
left_child=1 2 8 7 5 -5 -6 -4 -1 -10 -11
right_child=-2 -3 3 4 6 -7 -8 -9 9 10 -12
leaf_value=0 -2.370698026978693e-05 6.4475970980508801e-05 0 0 -1.0566791081731382e-05 2.3112595331984344e-05 0 -1.49344054401898e-05 6.3525484409183256e-05 0 7.4900226190504487e-06
leaf_weight=228 22 22 2063 24 400 417 2108 121 13.999999999999998 227 122
leaf_count=228 22 22 2063 24 400 417 2108 121 14 227 122
internal_value=0 1.22921e-08 0 -7.69182e-07 0 1.18591e-05 -1.25772e-06 -2.76206e-06 4.28492e-06 5.47487e-06 0
internal_weight=5768 5746 5724 5133 2949 441 2508 2184 591 363 349
internal_count=5768 5746 5724 5133 2949 441 2508 2184 591 363 349
is_linear=0
shrinkage=0.05


Tree=207
num_leaves=18
num_cat=0
split_feature=17 7 7 13 17 17 17 17 17 17 17 17 0 17 17 17 17
split_gain=4.85333e-06 4.82616e-05 1.23921e-05 0.000106539 0.000244965 0.000350831 0.000241508 0.000115458 0.00099352 4.42666e-05 0.00203395 2.15325e-05 2.10958e-05 5.80428e-06 5.00642e-06 3.90951e-06 3.54152e-06
threshold=7.115355359154643 10.500000000000002 10.500000000000002 8.5000000000000018 7.6419255179732621 7.1459464135563868 8.2106037135369139 7.200356359288631 7.2133000484419894 7.6455694296173329 7.200356359288631 7.2226790386014175 2.5416666666666674 7.6666386962426545 7.6714616578013848 7.6893425732886129 7.1783939000347887
decision_type=2 2 2 2 2 2 2 2 2 2 2 2 2 2 2 2 2
left_child=1 -1 3 4 5 -2 -6 -5 -9 10 16 -10 14 -14 -11 -15 -4
right_child=2 -3 9 7 6 -7 -8 8 11 12 -12 -13 13 15 -16 -17 -18
leaf_value=5.9448931227765368e-05 0 0 0 1.4839141802596193e-05 7.4350060234819334e-05 -0.00020637712951394774 -0.0001171725254457937 -0.00021432490553706884 1.860190771760479e-05 0 0.00023146233275231983 -6.3918141699967208e-07 0 -9.0061807290916228e-06 1.8828226826511892e-05 0 -5.6119735629776525e-06
leaf_weight=36 91 555 23 699 66 41 15.999999999999998 56 154 87 95 480 180 1203 38 702 1246
leaf_count=36 91 555 23 699 66 41 16 56 154 87 95 480 180 1203 38 702 1246
internal_value=0 4.13263e-06 -6.25019e-07 -4.53602e-06 -3.7314e-05 -8.27972e-05 0 0 -1.39518e-05 0 8.06216e-06 0 -3.15035e-06 -5.93079e-06 3.22382e-06 -6.79038e-06 -4.89412e-06
internal_weight=5768 591 5177 1603 214 132 82 1389 690 3574 1364 634 2210 2085 125 1905 1269
internal_count=5768 591 5177 1603 214 132 82 1389 690 3574 1364 634 2210 2085 125 1905 1269
is_linear=0
shrinkage=0.05


Tree=208
num_leaves=13
num_cat=0
split_feature=17 17 17 19 19 17 17 17 17 19 19 19
split_gain=4.51673e-06 6.27448e-06 2.21116e-05 5.68424e-05 1.5379e-05 0.000161101 0.000128853 8.11053e-06 4.54193e-06 1.44565e-07 1.66074e-05 2.49316e-06
threshold=7.115355359154643 7.2133000484419894 7.6419255179732621 0.46442307692307699 0.52767307692307708 7.6503990045026331 7.6455694296173329 7.6893425732886129 7.200356359288631 0.43079807692307698 0.48742307692307701 0.53667307692307709
decision_type=2 2 2 2 2 2 2 2 2 2 2 2
left_child=9 8 3 -3 6 -6 -4 -7 -2 -1 -11 -12
right_child=1 2 4 -5 5 7 -8 -9 -10 10 11 -13
leaf_value=0 0 0 -8.8711559833229889e-05 2.1651713801414203e-05 0.00014186076144687832 -4.2132379246880471e-06 0 0 -1.5440900642119468e-05 5.8381192230929914e-05 0 7.1185680411044276e-06
leaf_weight=228 2063 24 45 417 19 1156 355 977 121 13.999999999999998 227 122
leaf_count=228 2063 24 45 417 19 1156 355 977 121 14 227 122
internal_value=0 -6.28653e-07 0 1.10379e-05 -7.47868e-07 0 -9.97195e-06 -3.50407e-07 -2.84879e-06 3.95187e-06 5.13736e-06 0
internal_weight=5768 5177 2993 441 2552 2152 400 2133 2184 591 363 349
internal_count=5768 5177 2993 441 2552 2152 400 2133 2184 591 363 349
is_linear=0
shrinkage=0.05


Tree=209
num_leaves=19
num_cat=0
split_feature=17 7 7 12 17 17 17 17 17 17 17 0 17 17 17 17 19 17
split_gain=4.28021e-06 4.24622e-05 1.22549e-05 9.8954e-05 0.000226065 0.000311486 0.000218945 0.000106319 0.000889253 3.72309e-05 0.00182238 1.91888e-05 1.71945e-05 5.3455e-06 4.57143e-06 3.34143e-06 2.6265e-06 2.615e-06
threshold=7.115355359154643 10.500000000000002 10.500000000000002 384.00000000000006 7.6419255179732621 7.1459464135563868 8.2106037135369139 7.200356359288631 7.2133000484419894 7.6455694296173329 7.200356359288631 2.5416666666666674 7.2226790386014175 7.6666386962426545 7.6714616578013848 7.1783939000347887 0.53667307692307709 7.6893425732886129
decision_type=2 2 2 2 2 2 2 2 2 2 2 2 2 2 2 2 2 2
left_child=1 -1 3 4 5 -2 -6 -5 -9 10 15 14 -10 -13 -11 -4 -3 -15
right_child=2 16 9 7 6 -7 -8 8 12 11 -12 13 -14 17 -16 -17 -18 -19
leaf_value=5.5688997302707783e-05 0 -1.4687426559131348e-06 0 1.4098216353782586e-05 7.0754246188522267e-05 -0.00019663904161591617 -0.00011165852870737367 -0.00020303817130952028 1.6602212818519722e-05 0 0.00021900466907633627 0 -7.3945065977229936e-07 -8.3655302704909849e-06 1.7916362326687719e-05 -5.3315763470045356e-06 6.7655337506874897e-06 0
leaf_weight=36 91 433 23 699 66 41 15.999999999999998 56 154 87 95 180 480 1203 38 1246 122 702
leaf_count=36 91 433 23 699 66 41 16 56 154 87 95 180 480 1203 38 1246 122 702
internal_value=0 3.80949e-06 -6.38243e-07 -4.51836e-06 -3.60962e-05 -7.9722e-05 0 0 -1.35391e-05 0 7.44218e-06 -2.81138e-06 0 -5.55445e-06 2.94158e-06 -4.6188e-06 0 -6.38569e-06
internal_weight=5768 591 5177 1603 214 132 82 1389 690 3574 1364 2210 634 2085 125 1269 555 1905
internal_count=5768 591 5177 1603 214 132 82 1389 690 3574 1364 2210 634 2085 125 1269 555 1905
is_linear=0
shrinkage=0.05


Tree=210
num_leaves=8
num_cat=0
split_feature=10 19 12 19 19 19 12
split_gain=3.85963e-06 0.000177312 6.42073e-05 6.09535e-07 5.62317e-06 6.49468e-07 2.15599e-07
threshold=24.000000000000004 0.61517307692307699 756.00000000000011 0.47441346153846159 0.53667307692307709 0.46442307692307699 384.00000000000006
decision_type=2 2 2 2 2 2 2
left_child=1 3 6 5 -5 -1 -2
right_child=2 -3 -4 4 -6 -7 -8
leaf_value=0 0 0.00020087657496333121 -3.5574422766317249e-05 -3.0560629865394474e-06 0 2.2340072299692039e-06 9.5097846472667083e-07
leaf_weight=272 174 9.9999999999999982 133 1558 2497 529 595
leaf_count=272 174 10 133 1558 2497 529 595
internal_value=0 3.46674e-07 -3.16825e-06 0 -3.51942e-07 1.12855e-06 0
internal_weight=5768 4866 902 4856 4055 801 769
internal_count=5768 4866 902 4856 4055 801 769
is_linear=0
shrinkage=0.05


Tree=211
num_leaves=13
num_cat=0
split_feature=17 17 17 19 19 17 17 13 17 19 19 19
split_gain=3.93898e-06 6.506e-06 1.96634e-05 5.07675e-05 1.40832e-05 0.000124442 0.000116267 6.88153e-06 4.92759e-06 2.13375e-07 1.38395e-05 2.03417e-06
threshold=7.115355359154643 7.2133000484419894 7.6419255179732621 0.46442307692307699 0.52767307692307708 7.6503990045026331 7.6455694296173329 10.130202516776858 7.200356359288631 0.43079807692307698 0.48742307692307701 0.53667307692307709
decision_type=2 2 2 2 2 2 2 2 2 2 2 2
left_child=9 8 3 -3 6 -6 -4 -7 -2 -1 -11 -12
right_child=1 2 4 -5 5 7 -8 -9 -10 10 11 -13
leaf_value=0 0 0 -8.4267791623816532e-05 2.0478890092517628e-05 0.0001247196536278352 -2.6014803214579916e-06 0 8.7039665122574596e-06 -1.5785676831776489e-05 5.3642411871502784e-05 0 6.4300068813126239e-06
leaf_weight=228 2063 24 45 417 19 2094 355 39 121 13.999999999999998 227 122
leaf_count=228 2063 24 45 417 19 2094 355 39 121 14 227 122
internal_value=0 -5.9236e-07 0 1.04626e-05 -5.50762e-07 0 -9.47268e-06 -4.77707e-08 -2.87671e-06 3.68308e-06 4.85051e-06 0
internal_weight=5768 5177 2993 441 2552 2152 400 2133 2184 591 363 349
internal_count=5768 5177 2993 441 2552 2152 400 2133 2184 591 363 349
is_linear=0
shrinkage=0.05


Tree=212
num_leaves=11
num_cat=0
split_feature=17 17 17 10 12 12 17 17 17 17
split_gain=3.71911e-06 6.28554e-06 1.61273e-05 1.87772e-05 7.45326e-06 0.000132562 1.8577e-05 4.79805e-05 3.96959e-06 2.88909e-06
threshold=7.115355359154643 7.2133000484419894 7.6419255179732621 24.000000000000004 1128.0000000000002 1756.0000000000002 7.8479119156778632 8.0497542698189957 7.200356359288631 7.6673031450585656
decision_type=2 2 2 2 2 2 2 2 2 2
left_child=-1 8 3 -3 6 -6 9 -8 -2 -4
right_child=1 2 4 -5 5 -7 7 -9 -10 -11
leaf_value=3.5533994948334133e-06 0 1.4359214090943479e-05 -2.3339128183774298e-06 0 0.00014019871268400867 0 -5.30227087259006e-05 0 -1.5002907459914193e-05 3.3092511915587697e-07
leaf_weight=591 2063 420 1305 21 15.999999999999998 23 64 152 121 992
leaf_count=591 2063 420 1305 21 16 23 64 152 121 992
internal_value=0 -5.93318e-07 0 9.49656e-06 -4.22861e-07 8.27966e-06 -2.55002e-06 -1.70105e-05 -2.83301e-06 0
internal_weight=5768 5177 2993 441 2552 39 2513 216 2184 2297
internal_count=5768 5177 2993 441 2552 39 2513 216 2184 2297
is_linear=0
shrinkage=0.05


Tree=213
num_leaves=12
num_cat=0
split_feature=17 12 17 17 17 19 19 17 19 19 19
split_gain=5.2012e-06 3.4352e-05 3.91349e-06 5.59592e-06 1.42214e-05 4.52159e-05 1.226e-05 3.11137e-06 2.00387e-07 1.26903e-05 1.73297e-06
threshold=8.6973007686733208 1128.0000000000002 7.115355359154643 7.2133000484419894 7.6419255179732621 0.46442307692307699 0.52767307692307708 7.200356359288631 0.43079807692307698 0.48742307692307701 0.53667307692307709
decision_type=2 2 2 2 2 2 2 2 2 2 2
left_child=1 2 8 7 5 -5 -6 -4 -1 -10 -11
right_child=-2 -3 3 4 6 -7 -8 -9 9 10 -12
leaf_value=0 -2.3777050651994561e-05 6.1105788665135265e-05 0 0 -8.9140151308888935e-06 1.8777213745603438e-05 0 -1.4258888740947499e-05 5.0973275521149225e-05 0 5.9348942685448282e-06
leaf_weight=228 22 22 2063 24 400 417 2108 121 13.999999999999998 227 122
leaf_count=228 22 22 2063 24 400 417 2108 121 14 227 122
internal_value=0 0 0 -7.69035e-07 0 8.81434e-06 -6.95423e-07 -2.79146e-06 3.37604e-06 4.46241e-06 0
internal_weight=5768 5746 5724 5133 2949 441 2508 2184 591 363 349
internal_count=5768 5746 5724 5133 2949 441 2508 2184 591 363 349
is_linear=0
shrinkage=0.05


Tree=214
num_leaves=12
num_cat=0
split_feature=17 17 17 19 17 17 19 17 17 17 17
split_gain=4.71559e-06 3.2926e-05 7.71518e-05 0.000183524 1.02036e-05 0.00025737 6.39972e-06 5.73845e-05 1.58235e-05 1.55613e-07 1.51917e-06
threshold=8.6973007686733208 7.8920499419587129 8.0434510209488543 0.63055769230769243 7.6831204213495203 7.6673031450585656 0.53667307692307709 7.200356359288631 7.6666386962426545 7.6893425732886129 7.784864722929397
decision_type=2 2 2 2 2 2 2 2 2 2 2
left_child=1 4 3 -3 5 6 7 -1 -8 -6 -11
right_child=-2 2 -4 -5 9 -7 8 -9 -10 10 -12
leaf_value=3.9137868695763269e-07 -2.263988364417024e-05 0 0 0.0001491389266977256 -1.061207680132888e-05 0.0002005342935444787 5.6073032401010192e-06 -1.4042443585296598e-05 -2.1481954266421094e-07 0 -2.4246922391394709e-06
leaf_weight=1485 22 11.999999999999998 183 32 229 14.999999999999998 1328 795 913 109 645
leaf_count=1485 22 12 183 32 229 15 1328 795 913 109 645
internal_value=0 0 1.90004e-05 7.82007e-05 -2.57834e-08 0 0 -2.4534e-06 1.00614e-06 -5.09191e-06 0
internal_weight=5768 5746 227 44 5519 4536 4521 2280 2241 983 754
internal_count=5768 5746 227 44 5519 4536 4521 2280 2241 983 754
is_linear=0
shrinkage=0.05


Tree=215
num_leaves=10
num_cat=0
split_feature=17 18 12 17 12 17 17 17 17
split_gain=4.27532e-06 3.73654e-05 5.52698e-05 4.05635e-05 1.9579e-05 2.39664e-06 7.65671e-06 1.26555e-05 1.39902e-06
threshold=8.6973007686733208 4.5000000000000009 1756.0000000000002 7.8479119156778632 756.00000000000011 7.115355359154643 7.2133000484419894 7.6419255179732621 7.200356359288631
decision_type=2 2 2 2 2 2 2 2 2
left_child=1 3 -3 5 -5 -1 8 -8 -7
right_child=-2 2 -4 4 -6 6 7 -9 -10
leaf_value=3.1813429757528713e-06 -2.1557111758738745e-05 3.7351146880193638e-05 0 0 -8.8957774599916051e-05 0 8.5913384021407324e-06 0 -1.332250057307423e-05
leaf_weight=591 22 165 20 30 18 2063 441 2297 121
leaf_count=591 22 165 20 30 18 2063 441 2297 121
internal_value=0 0 2.24103e-05 -2.12479e-10 -4.54925e-05 0 0 5.99888e-07 -2.88261e-06
internal_weight=5768 5746 185 5561 48 5513 4922 2738 2184
internal_count=5768 5746 185 5561 48 5513 4922 2738 2184
is_linear=0
shrinkage=0.05


Tree=216
num_leaves=16
num_cat=0
split_feature=10 12 12 17 17 17 17 12 17 17 17 19 17 17 19
split_gain=4.04752e-06 0.000165246 6.29885e-05 2.52608e-05 1.76629e-05 2.8902e-05 1.59109e-05 5.27475e-05 7.05382e-05 6.15055e-06 2.23061e-05 6.09747e-05 9.24111e-06 7.45973e-07 1.65514e-07
threshold=24.000000000000004 756.00000000000011 756.00000000000011 8.3911170456645259 8.3911170456645259 7.8920499419587129 7.6714616578013848 1.0000000180025095e-35 7.6893425732886129 7.2133000484419894 7.6419255179732621 0.46442307692307699 7.115355359154643 7.200356359288631 0.43079807692307698
decision_type=2 2 2 2 2 2 2 2 2 2 2 2 2 2 2
left_child=1 6 4 -4 5 -2 9 -8 -9 12 11 -11 14 -14 -1
right_child=2 -3 3 -5 -6 -7 7 8 -10 10 -12 -13 13 -15 -16
leaf_value=0 0 0.00010166502045467496 -4.6624396400491024e-05 0 -5.281724053649947e-05 2.7627887891694194e-05 0 -4.3839614578517599e-05 0 0 0 2.373784945301843e-05 0 -1.2661850110429232e-05 3.9993658740038894e-06
leaf_weight=228 653 39 105 28 11.999999999999998 104 63 180 79 24 1310 396 2063 121 363
leaf_count=228 653 39 105 28 12 104 63 180 79 24 1310 396 2063 121 363
internal_value=0 2.54651e-07 -3.29488e-06 -3.53315e-05 0 3.22661e-06 0 -1.10798e-05 -2.56845e-05 1.66788e-07 2.99255e-06 1.30108e-05 0 -2.84572e-06 3.02254e-06
internal_weight=5768 4866 902 133 769 757 4827 322 259 4505 1730 420 2775 2184 591
internal_count=5768 4866 902 133 769 757 4827 322 259 4505 1730 420 2775 2184 591
is_linear=0
shrinkage=0.05


Tree=217
num_leaves=8
num_cat=0
split_feature=17 12 17 17 17 17 17
split_gain=3.66236e-06 3.07812e-05 3.54188e-06 5.35394e-06 9.47558e-06 2.82854e-06 1.62559e-07
threshold=8.6973007686733208 1128.0000000000002 7.115355359154643 7.2133000484419894 7.2226790386014175 8.0529439743463929 7.200356359288631
decision_type=2 2 2 2 2 2 2
left_child=1 2 -1 6 -5 -6 -4
right_child=-2 -3 3 4 5 -7 -8
leaf_value=2.8999246879303008e-06 -1.9952017730405626e-05 5.7842701106615675e-05 0 1.2357360488104242e-05 -1.6197004672628284e-06 0 -1.2033930865162219e-05
leaf_weight=591 22 22 2063 154 2702 93 121
leaf_count=591 22 22 2063 154 2702 93 121
internal_value=0 0 0 -8.68916e-07 0 -8.40892e-08 -2.81066e-06
internal_weight=5768 5746 5724 5133 2949 2795 2184
internal_count=5768 5746 5724 5133 2949 2795 2184
is_linear=0
shrinkage=0.05


Tree=218
num_leaves=14
num_cat=0
split_feature=17 10 18 17 17 13 19 17 19 19 17 17 17
split_gain=3.80029e-06 5.92851e-05 5.17887e-05 3.94493e-05 3.8743e-05 1.62081e-05 4.72796e-06 2.75125e-05 0.000190341 7.06809e-05 1.21064e-05 0.000262462 1.46428e-05
threshold=8.1868831544556162 48.000000000000007 4.5000000000000009 7.8479119156778632 8.0497542698189957 9.4828921423310444 0.53667307692307709 7.200356359288631 0.51167307692307695 0.4970384615384616 7.6666386962426545 7.200356359288631 7.6893425732886129
decision_type=2 2 2 2 2 2 2 2 2 2 2 2 2
left_child=2 -2 3 6 -4 -5 7 9 -9 -1 11 -8 -12
right_child=1 -3 4 5 -6 -7 10 8 -10 -11 12 -13 -14
leaf_value=-6.4045683342060782e-06 -8.2807649007957899e-05 0 0.0001091392259848745 0 0 -8.5580612679845406e-05 0 1.1459344057085693e-05 -2.8562001343240137e-05 1.418374165155787e-05 -4.6373913324721185e-06 6.588281484437175e-05 4.5388997378912591e-06
leaf_weight=763 22 45 18 30 122 18 1169 360 613 722 1091 159 636
leaf_count=763 22 45 18 30 122 18 1169 360 613 722 1091 159 636
internal_value=0 -1.18202e-05 0 -4.89556e-08 3.03009e-05 -4.48664e-05 0 -1.23566e-06 -8.62448e-06 2.43442e-07 1.62456e-06 5.37051e-06 0
internal_weight=5768 67 5701 5561 140 48 5513 2458 973 1485 3055 1328 1727
internal_count=5768 67 5701 5561 140 48 5513 2458 973 1485 3055 1328 1727
is_linear=0
shrinkage=0.05


Tree=219
num_leaves=14
num_cat=0
split_feature=10 12 12 17 17 17 17 12 17 17 17 17 17
split_gain=3.51097e-06 0.000150635 5.80193e-05 2.38649e-05 1.53589e-05 2.63523e-05 1.21485e-05 4.69853e-05 6.45375e-05 8.83791e-06 6.007e-06 2.2095e-05 1.01217e-05
threshold=24.000000000000004 756.00000000000011 756.00000000000011 8.3911170456645259 8.3911170456645259 7.8920499419587129 7.6714616578013848 1.0000000180025095e-35 7.6893425732886129 7.9877857129513661 7.2133000484419894 7.6419255179732621 7.115355359154643
decision_type=2 2 2 2 2 2 2 2 2 2 2 2 2
left_child=1 6 4 -4 5 -2 10 -8 -9 -3 12 -12 -1
right_child=2 9 3 -5 -6 -7 7 8 -10 -11 11 -13 -14
leaf_value=3.0088601557213833e-06 0 0 -4.4854988035403264e-05 0 -4.8721856974924966e-05 2.6442825483779112e-05 0 -4.1328794290748999e-05 0 0.00019043054135346954 1.2919675645080002e-05 0 -3.0212708795762853e-06
leaf_weight=591 653 29 105 28 11.999999999999998 104 63 180 79 9.9999999999999982 420 1310 2184
leaf_count=591 653 29 105 28 12 104 63 180 79 10 420 1310 2184
internal_value=0 2.12131e-07 -3.0786e-06 -3.38573e-05 0 3.15342e-06 0 -9.69402e-06 -2.38438e-05 9.70576e-05 6.24291e-08 2.94716e-06 0
internal_weight=5768 4866 902 133 769 757 4827 322 259 39 4505 1730 2775
internal_count=5768 4866 902 133 769 757 4827 322 259 39 4505 1730 2775
is_linear=0
shrinkage=0.05


Tree=220
num_leaves=17
num_cat=0
split_feature=10 19 13 17 17 17 17 7 7 17 17 17 17 17 17 19
split_gain=3.25161e-06 0.00014525 5.21125e-05 2.18368e-05 1.39089e-05 2.38525e-05 2.48109e-06 3.66241e-05 2.40458e-05 0.000136619 0.000633315 4.56886e-05 0.00159716 6.85844e-06 3.15654e-06 1.64798e-06
threshold=24.000000000000004 0.61517307692307699 9.4828921423310444 8.3911170456645259 8.3911170456645259 7.8920499419587129 7.115355359154643 10.500000000000002 10.500000000000002 7.200356359288631 7.2133000484419894 7.200356359288631 7.6455694296173329 7.1783939000347887 7.1783939000347887 0.53667307692307709
decision_type=2 2 2 2 2 2 2 2 2 2 2 2 2 2 2 2
left_child=1 6 4 -4 5 -2 7 -1 9 13 -11 14 -13 -8 -10 -9
right_child=2 -3 3 -5 -6 -7 8 15 11 10 -12 12 -14 -15 -16 -17
leaf_value=5.1042671453811826e-05 0 0.00018177462826398283 -4.2633389612607093e-05 0 -4.6473168320237428e-05 2.513328327664307e-05 0 -1.7879856133421508e-06 0 -0.00018659257052237529 0 0.00020613014778064103 -1.6460345250496435e-06 5.0659955179377155e-06 -5.1195327559995389e-06 4.713323428219834e-06
leaf_weight=36 653 9.9999999999999982 105 28 11.999999999999998 104 93 433 23 56 493 95 1558 701 1246 122
leaf_count=36 653 10 105 28 12 104 93 433 23 56 493 95 1558 701 1246 122
internal_value=0 2.62755e-07 -2.93771e-06 -3.20999e-05 0 2.97202e-06 0 2.85867e-06 -5.65641e-07 -6.71438e-06 -2.70107e-05 5.5118e-07 7.38956e-06 1.04626e-06 -4.41829e-06 0
internal_weight=5768 4866 902 133 769 757 4856 591 4265 1343 549 2922 1653 794 1269 555
internal_count=5768 4866 902 133 769 757 4856 591 4265 1343 549 2922 1653 794 1269 555
is_linear=0
shrinkage=0.05


Tree=221
num_leaves=16
num_cat=0
split_feature=10 12 12 17 17 17 17 12 17 17 17 7 17 17 19
split_gain=2.90869e-06 0.000136726 4.67922e-05 1.99902e-05 1.25944e-05 2.15915e-05 9.26686e-06 4.26372e-05 5.93106e-05 4.93906e-06 1.93345e-05 0.000321286 8.96688e-06 1.59969e-06 1.53277e-07
threshold=24.000000000000004 756.00000000000011 756.00000000000011 8.3911170456645259 8.3911170456645259 7.8920499419587129 7.6714616578013848 1.0000000180025095e-35 7.6893425732886129 7.2133000484419894 7.6419255179732621 10.500000000000002 7.115355359154643 7.200356359288631 0.43079807692307698
decision_type=2 2 2 2 2 2 2 2 2 2 2 2 2 2 2
left_child=1 6 4 -4 5 -2 9 -8 -9 12 11 -11 14 -14 -1
right_child=2 -3 3 -5 -6 -7 7 8 -10 10 -12 -13 13 -15 -16
leaf_value=0 0 9.2464689339976757e-05 -4.0521839279945028e-05 0 -4.4328251387923932e-05 2.3888580966740846e-05 0 -3.9193287738778973e-05 0 0 0 0.00026831262744963168 0 -1.3439488620115595e-05 3.6177184401722209e-06
leaf_weight=228 653 39 105 28 11.999999999999998 104 63 180 79 409 1310 10.999999999999998 2063 121 363
leaf_count=228 653 39 105 28 12 104 63 180 79 409 1310 11 2063 121 363
internal_value=0 1.88817e-07 -2.8037e-06 -3.04296e-05 0 2.7996e-06 0 -8.46906e-06 -2.234e-05 0 2.67081e-06 1.20059e-05 0 -2.87309e-06 2.72029e-06
internal_weight=5768 4866 902 133 769 757 4827 322 259 4505 1730 420 2775 2184 591
internal_count=5768 4866 902 133 769 757 4827 322 259 4505 1730 420 2775 2184 591
is_linear=0
shrinkage=0.05


Tree=222
num_leaves=17
num_cat=0
split_feature=10 19 12 17 17 17 17 7 7 17 17 17 17 17 17 19
split_gain=2.66262e-06 0.000126053 4.20007e-05 1.83082e-05 1.14029e-05 1.95464e-05 2.17409e-06 3.32091e-05 2.18266e-05 0.000126531 0.000563907 4.05022e-05 0.00142729 6.28951e-06 2.97821e-06 1.4689e-06
threshold=24.000000000000004 0.61517307692307699 756.00000000000011 8.3911170456645259 8.3911170456645259 7.8920499419587129 7.115355359154643 10.500000000000002 10.500000000000002 7.200356359288631 7.2133000484419894 7.200356359288631 7.6455694296173329 7.1783939000347887 7.1783939000347887 0.53667307692307709
decision_type=2 2 2 2 2 2 2 2 2 2 2 2 2 2 2 2
left_child=1 6 4 -4 5 -2 7 -1 9 13 -11 14 -13 -8 -10 -9
right_child=2 -3 3 -5 -6 -7 8 15 11 10 -12 12 -14 -15 -16 -17
leaf_value=4.8505677338186147e-05 0 0.0001693091909824447 -3.8514854949992371e-05 0 -4.2282320165003707e-05 2.2705526113332736e-05 0 -1.7946459277058745e-06 0 -0.0001767664245868984 0 0.00019484877671250921 -1.4272879646839232e-06 4.8130471126688512e-06 -4.8637653999000719e-06 4.3001565069520476e-06
leaf_weight=36 653 9.9999999999999982 105 28 11.999999999999998 104 93 433 23 56 493 95 1558 701 1246 122
leaf_count=36 653 10 105 28 12 104 93 433 23 56 493 95 1558 701 1246 122
internal_value=0 1.97141e-07 -2.67621e-06 -2.8842e-05 0 2.63572e-06 0 2.60938e-06 -5.73762e-07 -6.42539e-06 -2.59817e-05 4.0645e-07 6.94096e-06 8.22898e-07 -4.16715e-06 0
internal_weight=5768 4866 902 133 769 757 4856 591 4265 1343 549 2922 1653 794 1269 555
internal_count=5768 4866 902 133 769 757 4856 591 4265 1343 549 2922 1653 794 1269 555
is_linear=0
shrinkage=0.05


Tree=223
num_leaves=13
num_cat=0
split_feature=17 18 12 17 12 19 17 19 19 17 17 17
split_gain=2.39112e-06 3.831e-05 5.338e-05 4.77618e-05 1.44514e-05 3.12485e-06 1.96951e-05 0.000158478 6.16727e-05 8.07141e-06 0.000183706 5.03189e-06
threshold=8.6973007686733208 4.5000000000000009 1756.0000000000002 7.8479119156778632 756.00000000000011 0.53667307692307709 7.200356359288631 0.51167307692307695 0.4970384615384616 7.200356359288631 7.6503990045026331 7.1783939000347887
decision_type=2 2 2 2 2 2 2 2 2 2 2 2
left_child=1 3 -3 5 -5 6 8 -8 -1 11 -11 -7
right_child=-2 2 -4 4 -6 9 7 -9 -10 10 -12 -13
leaf_value=-6.1803277432525423e-06 -1.6121559728281153e-05 3.7155841352384401e-05 0 0 -9.0491492546310539e-05 4.0868972901376013e-06 1.0419480512360461e-05 -2.5789540819217019e-05 1.3148772632020473e-05 7.1460474086435213e-05 0 -3.1691028395283763e-06
leaf_weight=763 22 165 20 30 18 122 360 613 722 94 1792 1047
leaf_count=763 22 165 20 30 18 122 360 613 722 94 1792 1047
internal_value=0 0 2.26856e-05 -9.72354e-08 -4.93751e-05 0 -9.30685e-07 -7.26216e-06 0 1.36358e-06 3.70198e-06 0
internal_weight=5768 5746 185 5561 48 5513 2458 973 1485 3055 1886 1169
internal_count=5768 5746 185 5561 48 5513 2458 973 1485 3055 1886 1169
is_linear=0
shrinkage=0.05


Tree=224
num_leaves=16
num_cat=0
split_feature=11 12 12 17 17 17 17 12 17 17 17 19 17 19 19
split_gain=2.69664e-06 0.00012024 3.99337e-05 1.80498e-05 1.05809e-05 1.53087e-05 6.92124e-06 3.80773e-05 5.494e-05 4.84806e-06 2.13446e-05 5.97689e-05 1.10436e-05 5.36148e-05 1.90729e-05
threshold=4.5000000000000009 756.00000000000011 756.00000000000011 8.3911170456645259 8.3911170456645259 7.8920499419587129 7.6714616578013848 1.0000000180025095e-35 7.6893425732886129 7.2133000484419894 7.6419255179732621 0.46442307692307699 7.200356359288631 0.53667307692307709 0.4970384615384616
decision_type=2 2 2 2 2 2 2 2 2 2 2 2 2 2 2
left_child=1 6 4 -4 5 -2 9 -8 -9 12 11 -11 14 -14 -1
right_child=2 -3 3 -5 -6 -7 7 8 -10 10 -12 -13 13 -15 -16
leaf_value=-5.8717118783857601e-06 0 8.670443535083904e-05 -3.7817161352887642e-05 0 -4.1021159626185302e-05 2.0200994486610093e-05 0 -3.715329021421256e-05 0 0 0 2.3266287492377032e-05 -5.0256535978405736e-05 0 3.3585683312946361e-06
leaf_weight=763 653 39 105 28 11.999999999999998 104 63 180 79 24 1310 396 63 58 1891
leaf_count=763 653 39 105 28 12 104 63 180 79 24 1310 396 63 58 1891
internal_value=0 1.47444e-07 -2.71083e-06 -2.81878e-05 0 2.4572e-06 0 -7.31915e-06 -2.08009e-05 0 2.6461e-06 1.24715e-05 0 -1.50434e-05 0
internal_weight=5768 4866 902 133 769 757 4827 322 259 4505 1730 420 2775 121 2654
internal_count=5768 4866 902 133 769 757 4827 322 259 4505 1730 420 2775 121 2654
is_linear=0
shrinkage=0.05


Tree=225
num_leaves=18
num_cat=0
split_feature=17 7 7 12 17 17 17 17 17 17 17 19 17 17 17 17 17
split_gain=2.94301e-06 3.03524e-05 1.36806e-05 0.00010483 0.00018869 0.000284447 0.000159823 7.33161e-05 0.000580534 2.16506e-05 0.00126014 1.186e-05 6.47272e-06 5.43734e-06 2.69056e-06 2.09137e-06 4.43454e-07
threshold=7.115355359154643 10.500000000000002 10.500000000000002 384.00000000000006 7.6419255179732621 7.1459464135563868 8.2106037135369139 7.200356359288631 7.2133000484419894 7.200356359288631 7.6455694296173329 0.63055769230769243 7.2226790386014175 7.6893425732886129 7.1783939000347887 7.6666386962426545 7.8479119156778632
decision_type=2 2 2 2 2 2 2 2 2 2 2 2 2 2 2 2 2
left_child=1 -1 3 4 5 -2 -6 -5 -9 14 12 -10 -11 15 -4 -12 -15
right_child=2 -3 9 7 6 -7 -8 8 11 10 13 -13 -14 16 -16 -17 -18
leaf_value=4.6732327774972521e-05 0 0 0 1.1652619617858103e-05 5.7461412533172469e-05 -0.00018781644491744893 -0.00010242235209957202 -0.00016434757504612207 -1.3511435144634513e-06 4.0770067805142114e-05 0 1.3130797386024088e-05 0.00031554675488282117 1.234038877505604e-06 -4.5325391445646499e-06 -4.4844333141369747e-06 0
leaf_weight=36 91 555 23 699 66 41 15.999999999999998 56 468 65 267 166 30 727 1246 1204 11.999999999999998
leaf_count=36 91 555 23 699 66 41 16 56 468 65 267 166 30 727 1246 1204 12
internal_value=0 2.88391e-06 -6.85597e-07 -4.77913e-06 -3.72739e-05 -7.611e-05 0 0 -1.13005e-05 0 3.9089e-06 0 0.000182008 -1.56438e-06 -3.85687e-06 -3.59312e-06 0
internal_weight=5768 591 5177 1603 214 132 82 1389 690 3574 2305 634 95 2210 1269 1471 739
internal_count=5768 591 5177 1603 214 132 82 1389 690 3574 2305 634 95 2210 1269 1471 739
is_linear=0
shrinkage=0.05


Tree=226
num_leaves=18
num_cat=0
split_feature=17 7 7 12 17 17 17 17 17 17 17 19 17 17 17 19 17
split_gain=2.67082e-06 2.74733e-05 1.28126e-05 9.76536e-05 0.000173819 0.000251005 0.000144765 6.62386e-05 0.000524893 1.96391e-05 0.00117436 1.07103e-05 4.95369e-06 2.53841e-06 1.90326e-06 8.91537e-07 4.00274e-07
threshold=7.115355359154643 10.500000000000002 10.500000000000002 384.00000000000006 7.6419255179732621 7.1459464135563868 8.2106037135369139 7.200356359288631 7.2133000484419894 7.200356359288631 7.6455694296173329 0.63055769230769243 7.6893425732886129 7.1783939000347887 7.6666386962426545 0.53667307692307709 7.8479119156778632
decision_type=2 2 2 2 2 2 2 2 2 2 2 2 2 2 2 2 2
left_child=1 -1 3 4 5 -2 -6 -5 -9 13 -11 -10 14 -4 -12 -3 -14
right_child=2 15 9 7 6 -7 -8 8 11 10 12 -13 16 -15 -16 -17 -18
leaf_value=4.4458814569421714e-05 0 -1.1038975184595567e-06 0 1.1070826995585647e-05 5.4631218619978246e-05 -0.00017864922893100552 -9.7602470161612406e-05 -0.00015627436078431313 -1.2837383481088091e-06 0.00017569741859915669 0 1.2478186064415463e-05 1.1724198318936009e-06 -4.3061289132692958e-06 -4.2604007028792966e-06 3.7176504151941055e-06 0
leaf_weight=36 91 433 23 699 66 41 15.999999999999998 56 468 95 267 166 727 1246 1204 122 11.999999999999998
leaf_count=36 91 433 23 699 66 41 16 56 468 95 267 166 727 1246 1204 122 12
internal_value=0 2.74182e-06 -6.5576e-07 -4.62147e-06 -3.5984e-05 -7.32151e-05 0 0 -1.07465e-05 0 3.7438e-06 0 -1.46257e-06 -3.63456e-06 -3.40973e-06 0 0
internal_weight=5768 591 5177 1603 214 132 82 1389 690 3574 2305 634 2210 1269 1471 555 739
internal_count=5768 591 5177 1603 214 132 82 1389 690 3574 2305 634 2210 1269 1471 555 739
is_linear=0
shrinkage=0.05


Tree=227
num_leaves=8
num_cat=0
split_feature=10 19 12 19 19 19 12
split_gain=2.87919e-06 0.000113301 3.88154e-05 1.17901e-06 5.01059e-06 7.926e-07 2.48558e-09
threshold=24.000000000000004 0.61517307692307699 756.00000000000011 0.47441346153846159 0.53667307692307709 0.46442307692307699 384.00000000000006
decision_type=2 2 2 2 2 2 2
left_child=1 3 6 5 -5 -1 -2
right_child=2 -3 -4 4 -6 -7 -8
leaf_value=0 0 0.00016048800623552365 -2.7881495243762862e-05 -2.9818776769356264e-06 0 2.6038754736907986e-06 1.0210817957909469e-07
leaf_weight=272 174 9.9999999999999982 133 1558 2497 529 595
leaf_count=272 174 10 133 1558 2497 529 595
internal_value=0 1.18136e-07 -2.80998e-06 0 -5.73822e-07 1.41773e-06 0
internal_weight=5768 4866 902 4856 4055 801 769
internal_count=5768 4866 902 4856 4055 801 769
is_linear=0
shrinkage=0.05


Tree=228
num_leaves=18
num_cat=0
split_feature=17 7 7 12 17 17 17 17 17 17 17 17 17 17 17 17 17
split_gain=2.51193e-06 2.47932e-05 1.09959e-05 9.16761e-05 0.000159847 0.000221729 0.000131126 5.93727e-05 0.000474948 1.70635e-05 0.00106147 1.05153e-05 8.67831e-06 4.58703e-06 2.418e-06 1.6738e-06 3.58268e-07
threshold=7.115355359154643 10.500000000000002 10.500000000000002 384.00000000000006 7.6419255179732621 7.1459464135563868 8.2106037135369139 7.200356359288631 7.2133000484419894 7.200356359288631 7.6455694296173329 7.2226790386014175 7.2226790386014175 7.6893425732886129 7.1783939000347887 7.6666386962426545 7.8479119156778632
decision_type=2 2 2 2 2 2 2 2 2 2 2 2 2 2 2 2 2
left_child=1 -1 3 4 5 -2 -6 -5 -9 14 12 -10 -11 15 -4 -12 -15
right_child=2 -3 9 7 6 -7 -8 8 11 10 13 -13 -14 16 -16 -17 -18
leaf_value=4.229598165791783e-05 0 0 0 1.0666920244693757e-05 5.1940432923442836e-05 -0.000169922322300928 -9.3009416972670479e-05 -0.00014845125115754311 1.292492498853995e-05 3.0096883913784314e-05 0 -9.0603573708732034e-07 0.00029176845710964932 1.1091961098097998e-06 -4.1117915419119308e-06 -4.0597649954386917e-06 0
leaf_weight=36 91 555 23 699 66 41 15.999999999999998 56 154 65 267 480 30 727 1246 1204 11.999999999999998
leaf_count=36 91 555 23 699 66 41 16 56 154 65 267 480 30 727 1246 1204 12
internal_value=0 2.66614e-06 -6.32531e-07 -4.293e-06 -3.46914e-05 -7.03572e-05 0 0 -9.97708e-06 0 3.46091e-06 0 0.000166992 -1.37963e-06 -3.44105e-06 -3.26334e-06 0
internal_weight=5768 591 5177 1603 214 132 82 1389 690 3574 2305 634 95 2210 1269 1471 739
internal_count=5768 591 5177 1603 214 132 82 1389 690 3574 2305 634 95 2210 1269 1471 739
is_linear=0
shrinkage=0.05


Tree=229
num_leaves=14
num_cat=0
split_feature=10 19 13 17 17 17 17 17 17 17 19 19 19
split_gain=2.48006e-06 0.000103273 3.50783e-05 1.64317e-05 5.77184e-06 8.48451e-06 2.09849e-06 6.57092e-06 2.4334e-05 2.55149e-06 2.45794e-07 7.91184e-06 6.14217e-07
threshold=24.000000000000004 0.61517307692307699 9.4828921423310444 8.3911170456645259 8.3911170456645259 7.8920499419587129 7.115355359154643 7.2133000484419894 7.6419255179732621 7.6673031450585656 0.43079807692307698 0.48742307692307701 0.53667307692307709
decision_type=2 2 2 2 2 2 2 2 2 2 2 2 2
left_child=1 6 4 -4 5 -2 10 -8 -9 -10 -1 -12 -13
right_child=2 -3 3 -5 -6 -7 7 8 9 -11 11 12 -14
leaf_value=0 0 0.00015323432416401126 -3.5670182572192853e-05 0 -2.9270585241297667e-05 1.5276161765324925e-05 -2.8591325370172888e-06 1.1927913691883911e-05 -2.3668064021114633e-06 0 4.017131434132654e-05 0 3.5332813877915197e-06
leaf_weight=228 653 9.9999999999999982 105 28 11.999999999999998 104 2184 420 1305 356 13.999999999999998 227 122
leaf_count=228 653 10 105 28 12 104 2184 420 1305 356 14 227 122
internal_value=0 1.46745e-07 -2.59809e-06 -2.64562e-05 0 2.08387e-06 0 -5.79838e-07 0 -7.50925e-07 2.53754e-06 3.48719e-06 0
internal_weight=5768 4866 902 133 769 757 4856 4265 2081 1661 591 363 349
internal_count=5768 4866 902 133 769 757 4856 4265 2081 1661 591 363 349
is_linear=0
shrinkage=0.05


Tree=230
num_leaves=6
num_cat=0
split_feature=10 12 12 12 12
split_gain=2.23761e-06 9.82975e-05 3.14731e-05 2.95432e-07 1.36849e-11
threshold=24.000000000000004 756.00000000000011 756.00000000000011 384.00000000000006 384.00000000000006
decision_type=2 2 2 2 2
left_child=1 3 4 -1 -2
right_child=2 -3 -4 -5 -6
leaf_value=0 0 7.8402265906333925e-05 -2.5058721039589617e-05 -4.3478768238232118e-07 7.5764966591087919e-09
leaf_weight=921 174 39 133 3906 595
leaf_count=921 174 39 133 3906 595
internal_value=0 1.65208e-07 -2.45923e-06 0 0
internal_weight=5768 4866 902 4827 769
internal_count=5768 4866 902 4827 769
is_linear=0
shrinkage=0.05


Tree=231
num_leaves=13
num_cat=0
split_feature=17 17 17 19 10 19 17 17 12 19 19 19
split_gain=2.0368e-06 5.76449e-06 1.02682e-05 3.30027e-05 2.34432e-05 1.09327e-05 9.52908e-05 3.2628e-05 5.26606e-06 2.14569e-07 7.14471e-06 5.61952e-07
threshold=7.115355359154643 7.2133000484419894 7.6419255179732621 0.46442307692307699 24.000000000000004 0.52767307692307708 7.6455694296173329 7.6666386962426545 1128.0000000000002 0.43079807692307698 0.48742307692307701 0.53667307692307709
decision_type=2 2 2 2 2 2 2 2 2 2 2 2
left_child=9 -2 3 -3 -5 6 -4 -7 -9 -1 -11 -12
right_child=1 2 5 4 -6 7 -8 8 -10 10 11 -13
leaf_value=0 -2.6977298593732531e-06 0 -7.5983882820962554e-05 2.0495166407396044e-05 0 3.0978184302940091e-05 0 -2.3794108653907591e-06 6.4654821362637379e-06 3.8296680742253848e-05 0 3.379614677325616e-06
leaf_weight=228 2184 24 45 396 21 84 355 2029 39 13.999999999999998 227 122
leaf_count=228 2184 24 45 396 21 84 355 2029 39 14 227 122
internal_value=0 -5.36546e-07 0 7.61724e-06 1.60853e-05 -9.81254e-08 -8.25954e-06 0 0 2.46645e-06 3.37157e-06 0
internal_weight=5768 5177 2993 441 417 2552 400 2152 2068 591 363 349
internal_count=5768 5177 2993 441 417 2552 400 2152 2068 591 363 349
is_linear=0
shrinkage=0.05


Tree=232
num_leaves=13
num_cat=0
split_feature=17 17 17 19 10 19 17 17 12 19 19 19
split_gain=1.87865e-06 5.21069e-06 7.9345e-06 3.02622e-05 2.20199e-05 9.84197e-06 8.62531e-05 2.94833e-05 4.7543e-06 1.81182e-07 6.46799e-06 5.07597e-07
threshold=7.115355359154643 7.2133000484419894 7.6419255179732621 0.46442307692307699 24.000000000000004 0.52767307692307708 7.6455694296173329 7.6666386962426545 1128.0000000000002 0.43079807692307698 0.48742307692307701 0.53667307692307709
decision_type=2 2 2 2 2 2 2 2 2 2 2 2
left_child=9 -2 3 -3 -5 6 -4 -7 -9 -1 -11 -12
right_child=1 2 5 4 -6 7 -8 8 -10 10 11 -13
leaf_value=0 -2.5629053751190007e-06 0 -7.2267276093201786e-05 1.9472997714190625e-05 0 2.9447501073317493e-05 0 -2.2604672150041081e-06 6.1502887983806367e-06 3.6509496004631104e-05 0 3.2120093852811569e-06
leaf_weight=228 2184 24 45 396 21 84 355 2029 39 13.999999999999998 227 122
leaf_count=228 2184 24 45 396 21 84 355 2029 39 14 227 122
internal_value=0 -5.05937e-07 0 6.69913e-06 1.51145e-05 0 -7.83319e-06 0 0 2.38634e-06 3.24129e-06 0
internal_weight=5768 5177 2993 441 417 2552 400 2152 2068 591 363 349
internal_count=5768 5177 2993 441 417 2552 400 2152 2068 591 363 349
is_linear=0
shrinkage=0.05


Tree=233
num_leaves=18
num_cat=0
split_feature=17 7 7 13 17 17 17 17 17 19 17 17 17 17 17 19 17
split_gain=1.73467e-06 2.07069e-05 1.10681e-05 8.47425e-05 0.000146511 0.000197729 0.00011708 5.961e-05 0.000423231 1.57222e-05 1.49669e-05 0.000983567 3.93701e-06 2.02151e-06 9.15406e-07 6.31699e-07 3.71195e-07
threshold=7.115355359154643 10.500000000000002 10.500000000000002 8.5000000000000018 7.6419255179732621 7.1459464135563868 8.2106037135369139 7.200356359288631 7.2133000484419894 0.63055769230769243 7.6455694296173329 7.200356359288631 7.6893425732886129 7.1783939000347887 7.6666386962426545 0.53667307692307709 7.8479119156778632
decision_type=2 2 2 2 2 2 2 2 2 2 2 2 2 2 2 2 2
left_child=1 -1 3 4 5 -2 -6 -5 -9 -10 11 13 14 -4 -12 -3 -14
right_child=2 15 10 7 6 -7 -8 8 9 -11 12 -13 16 -15 -16 -17 -18
leaf_value=3.852919621921672e-05 0 -9.9885118049612289e-07 0 1.0561498720198869e-05 4.9049055895337191e-05 -0.00016193063164662039 -8.795386146041837e-05 -0.00014073867154748817 -2.9876566234368404e-06 1.4501548839308122e-05 0 0.00016083658488544948 1.1290293308435476e-06 -3.4824321636483493e-06 -3.5315835871395589e-06 3.0527124796592708e-06 0
leaf_weight=36 91 433 23 699 66 41 15.999999999999998 56 468 166 267 95 727 1246 1204 122 11.999999999999998
leaf_count=36 91 433 23 699 66 41 16 56 468 166 267 95 727 1246 1204 122 12
internal_value=0 2.31007e-06 -4.76871e-07 -4.24087e-06 -3.34597e-05 -6.75557e-05 0 0 -1.01325e-05 0 0 5.02881e-06 -1.14483e-06 -2.81573e-06 -2.94196e-06 0 0
internal_weight=5768 591 5177 1603 214 132 82 1389 690 634 3574 1364 2210 1269 1471 555 739
internal_count=5768 591 5177 1603 214 132 82 1389 690 634 3574 1364 2210 1269 1471 555 739
is_linear=0
shrinkage=0.05


Tree=234
num_leaves=14
num_cat=0
split_feature=10 19 12 17 17 17 17 17 17 17 19 19 19
split_gain=1.81033e-06 8.96068e-05 3.04068e-05 1.44795e-05 4.56551e-06 7.65184e-06 1.5975e-06 5.22312e-06 1.65244e-05 1.92169e-06 2.0103e-07 5.34947e-06 4.14148e-07
threshold=24.000000000000004 0.61517307692307699 756.00000000000011 8.3911170456645259 8.3911170456645259 7.6714616578013848 7.115355359154643 7.2133000484419894 7.6419255179732621 7.6673031450585656 0.43079807692307698 0.48742307692307701 0.53667307692307709
decision_type=2 2 2 2 2 2 2 2 2 2 2 2 2
left_child=1 6 4 -4 5 -2 10 -8 -9 -10 -1 -12 -13
right_child=2 -3 3 -5 -6 -7 7 8 9 -11 11 12 -14
leaf_value=0 0 0.00014273618834770538 -3.3173171762187714e-05 0 -2.4828354093747623e-05 5.499184764484131e-06 -2.548517917178452e-06 9.8615959828670828e-06 -1.9901140158351333e-06 0 3.3402972932284057e-05 0 2.9013159152922932e-06
leaf_weight=228 12.999999999999998 9.9999999999999982 105 28 11.999999999999998 744 2184 420 1305 356 13.999999999999998 227 122
leaf_count=228 13 10 105 28 12 744 2184 420 1305 356 14 227 122
internal_value=0 1.38115e-07 -2.21567e-06 -2.45025e-05 0 2.11789e-06 0 -5.15499e-07 0 -4.70721e-07 2.19802e-06 3.03944e-06 0
internal_weight=5768 4866 902 133 769 757 4856 4265 2081 1661 591 363 349
internal_count=5768 4866 902 133 769 757 4856 4265 2081 1661 591 363 349
is_linear=0
shrinkage=0.05


Tree=235
num_leaves=16
num_cat=0
split_feature=10 13 13 17 17 13 17 17 17 17 17 19 17 19 17
split_gain=1.84834e-06 8.5057e-05 2.70559e-05 1.32953e-05 4.36227e-06 3.24401e-05 4.81312e-05 3.95195e-06 7.09891e-06 3.25036e-06 1.15336e-05 3.62792e-05 6.19628e-06 1.74092e-07 8.58326e-12
threshold=24.000000000000004 9.4828921423310444 9.4828921423310444 8.3911170456645259 7.6714616578013848 1.0000000180025095e-35 7.6893425732886129 8.3911170456645259 7.6714616578013848 7.2133000484419894 7.6419255179732621 0.46442307692307699 7.115355359154643 0.43079807692307698 7.704542828043297
decision_type=2 2 2 2 2 2 2 2 2 2 2 2 2 2 2
left_child=1 4 7 -4 9 -6 -7 8 -2 12 11 -11 13 -1 -8
right_child=2 -3 3 -5 5 6 14 -9 -10 10 -12 -13 -14 -15 -16
leaf_value=0 0 7.2931709990371017e-05 -3.1530159252518919e-05 0 0 -3.4250763530498218e-05 1.9752166487948834e-08 -2.3682425246359045e-05 5.2246181888118288e-06 0 0 1.7932003583308658e-05 -2.4211427188335623e-06 2.9265788723753022e-06 0
leaf_weight=228 12.999999999999998 39 105 28 63 180 54 11.999999999999998 744 24 1310 396 2184 363 25
leaf_count=228 13 39 105 28 63 180 54 12 744 24 1310 396 2184 363 25
internal_value=0 1.56325e-07 -2.23283e-06 -2.32028e-05 0 -5.81066e-06 -1.88114e-05 0 1.84803e-06 0 2.16664e-06 9.36967e-06 0 2.12863e-06 0
internal_weight=5768 4866 902 133 4827 322 259 769 757 4505 1730 420 2775 591 79
internal_count=5768 4866 902 133 4827 322 259 769 757 4505 1730 420 2775 591 79
is_linear=0
shrinkage=0.05


Tree=236
num_leaves=17
num_cat=0
split_feature=10 19 12 17 17 17 19 17 17 17 7 17 17 17 17 17
split_gain=1.87732e-06 7.7703e-05 2.40389e-05 1.22142e-05 3.42157e-06 6.57431e-06 1.42366e-06 1.8546e-05 0.000754399 1.43688e-05 0.000249094 1.24207e-05 8.94672e-06 9.60311e-05 8.31849e-06 3.40617e-06
threshold=24.000000000000004 0.61517307692307699 756.00000000000011 8.3911170456645259 8.3911170456645259 7.6714616578013848 0.47441346153846159 7.200356359288631 7.6318409637684832 7.6714616578013848 10.500000000000002 7.1783939000347887 7.5545473360280555 7.200356359288631 7.6893425732886129 7.6419255179732621
decision_type=2 2 2 2 2 2 2 2 2 2 2 2 2 2 2 2
left_child=1 6 4 -4 5 -2 7 11 -9 12 -11 -1 13 -8 -12 -14
right_child=2 -3 3 -5 -6 -7 9 8 -10 10 14 -13 15 -15 -16 -17
leaf_value=0 0 0.00013293314725160596 -2.9968532166231798e-05 0 -2.258939619283548e-05 4.9637685570515843e-06 7.8604496637836171e-08 0.00035915119914958874 0 -0.00015082912804590987 -1.178359903206817e-06 -1.2398453447783347e-05 1.1323493460349261e-05 -2.8244934381510617e-05 1.5640708290794416e-05 0
leaf_weight=240 12.999999999999998 9.9999999999999982 105 28 11.999999999999998 744 2213 13.999999999999998 346 28 177 201 202 306 83 1046
leaf_count=240 13 10 105 28 12 744 2213 14 346 28 177 201 202 306 83 1046
internal_value=0 1.60885e-07 -2.24899e-06 -2.19675e-05 0 1.59165e-06 0 1.75922e-06 1.16323e-05 -5.15317e-07 -1.13148e-05 0 0 -1.38776e-06 0 3.7446e-06
internal_weight=5768 4866 902 133 769 757 4856 801 360 4055 288 441 3767 2519 260 1248
internal_count=5768 4866 902 133 769 757 4856 801 360 4055 288 441 3767 2519 260 1248
is_linear=0
shrinkage=0.05


Tree=237
num_leaves=7
num_cat=0
split_feature=10 12 12 19 19 19
split_gain=1.94326e-06 7.20493e-05 2.1323e-05 1.66609e-06 4.49479e-06 7.76181e-07
threshold=24.000000000000004 756.00000000000011 756.00000000000011 0.47441346153846159 0.53667307692307709 0.46442307692307699
decision_type=2 2 2 2 2 2
left_child=1 3 -2 5 -5 -1
right_child=2 -3 -4 4 -6 -7
leaf_value=0 0 6.7147651687264441e-05 -2.079335139135208e-05 -2.9258805602213047e-06 0 2.745974824306959e-06
leaf_weight=272 769 39 133 1558 2468 529
leaf_count=272 769 39 133 1558 2468 529
internal_value=0 2.16875e-07 -2.26418e-06 0 -7.23729e-07 1.6011e-06
internal_weight=5768 4866 902 4827 4026 801
internal_count=5768 4866 902 4827 4026 801
is_linear=0
shrinkage=0.05


Tree=238
num_leaves=15
num_cat=0
split_feature=10 19 12 17 17 17 17 17 17 17 17 19 19 19
split_gain=1.70553e-06 6.73825e-05 1.93219e-05 1.10271e-05 2.96521e-06 6.19309e-06 1.25429e-06 3.95548e-06 1.28871e-05 1.86929e-06 2.54035e-07 1.6079e-07 4.83791e-06 3.34743e-07
threshold=24.000000000000004 0.61517307692307699 756.00000000000011 8.3911170456645259 8.3911170456645259 7.8920499419587129 7.115355359154643 7.2133000484419894 7.6419255179732621 7.6673031450585656 7.200356359288631 0.43079807692307698 0.48742307692307701 0.53667307692307709
decision_type=2 2 2 2 2 2 2 2 2 2 2 2 2 2
left_child=1 6 4 -4 5 -2 11 10 -9 -10 -8 -1 -13 -14
right_child=2 -3 3 -5 -6 -7 7 8 9 -11 -12 12 13 -15
leaf_value=0 0 0.00012383858440443872 -2.7454377629493256e-05 0 -2.1546803181990961e-05 1.2671800285932561e-05 0 8.7332775298674134e-06 -1.9133971187722502e-06 0 -9.5240642377709734e-06 3.1717405188828692e-05 0 2.6083937647366283e-06
leaf_weight=228 653 9.9999999999999982 105 28 11.999999999999998 104 2063 420 1305 356 121 13.999999999999998 227 122
leaf_count=228 653 10 105 28 12 104 2063 420 1305 356 121 14 227 122
internal_value=0 2.21874e-07 -2.11105e-06 -1.97614e-05 0 1.34811e-06 0 -3.56629e-07 0 -2.5509e-07 -2.18496e-06 2.09293e-06 2.86852e-06 0
internal_weight=5768 4866 902 133 769 757 4856 4265 2081 1661 2184 591 363 349
internal_count=5768 4866 902 133 769 757 4856 4265 2081 1661 2184 591 363 349
is_linear=0
shrinkage=0.05


Tree=239
num_leaves=8
num_cat=0
split_feature=19 19 12 19 19 19 19
split_gain=1.67674e-06 3.44345e-05 4.59142e-05 5.61237e-06 7.2813e-06 8.88751e-07 7.68028e-07
threshold=0.66167307692307709 0.78680769230769243 384.00000000000006 0.47441346153846159 0.52767307692307708 0.61517307692307699 0.46442307692307699
decision_type=2 2 2 2 2 2 2
left_child=3 2 -2 6 -5 -6 -1
right_child=1 -3 -4 4 5 -7 -8
leaf_value=0 0 0 4.6408852752249097e-05 -4.4309821715168174e-06 0 -6.6004698986516229e-06 2.658062975827323e-06
leaf_weight=272 17 43 94 1571 3192 50 529
leaf_count=272 17 43 94 1571 3192 50 529
internal_value=0 4.91045e-06 2.83196e-05 -2.84474e-07 -1.62173e-06 0 1.50831e-06
internal_weight=5768 154 111 5614 4813 3242 801
internal_count=5768 154 111 5614 4813 3242 801
is_linear=0
shrinkage=0.05


Tree=240
num_leaves=16
num_cat=0
split_feature=10 12 12 17 17 17 17 12 17 17 17 19 17 19 17
split_gain=1.9217e-06 6.19244e-05 1.95932e-05 1.12038e-05 2.69542e-06 5.83013e-06 2.41506e-06 2.72983e-05 4.60991e-05 2.75781e-06 9.40583e-06 3.51524e-05 4.8497e-06 1.68603e-07 1.24258e-07
threshold=24.000000000000004 756.00000000000011 756.00000000000011 8.3911170456645259 8.3911170456645259 7.6714616578013848 7.6714616578013848 1.0000000180025095e-35 7.6893425732886129 7.2133000484419894 7.6419255179732621 0.46442307692307699 7.115355359154643 0.43079807692307698 7.200356359288631
decision_type=2 2 2 2 2 2 2 2 2 2 2 2 2 2 2
left_child=1 6 4 -4 5 -2 9 -8 -9 12 11 -11 13 -1 -14
right_child=2 -3 3 -5 -6 -7 7 8 -10 10 -12 -13 14 -15 -16
leaf_value=0 0 6.2276195501908646e-05 -2.7724172046050025e-05 0 -2.0730837669151887e-05 4.59455614503248e-06 0 -3.2358977568042538e-05 0 0 0 1.7261919835277411e-05 0 2.9028232985273365e-06 -8.9576449168876536e-06
leaf_weight=228 12.999999999999998 39 105 28 11.999999999999998 744 63 180 79 24 1310 396 2063 363 121
leaf_count=228 13 39 105 28 12 744 63 180 79 24 1310 396 2063 363 121
internal_value=0 2.57198e-07 -2.22795e-06 -1.99749e-05 0 1.23257e-06 0 -4.32152e-06 -1.69022e-05 3.47508e-08 1.99652e-06 8.49962e-06 0 2.11402e-06 -2.08279e-06
internal_weight=5768 4866 902 133 769 757 4827 322 259 4505 1730 420 2775 591 2184
internal_count=5768 4866 902 133 769 757 4827 322 259 4505 1730 420 2775 591 2184
is_linear=0
shrinkage=0.05


Tree=241
num_leaves=12
num_cat=0
split_feature=10 12 12 17 17 17 17 17 17 17 17
split_gain=1.91235e-06 5.60544e-05 1.73072e-05 1.03181e-05 2.34068e-06 5.37037e-06 2.23897e-06 1.55503e-06 3.11768e-06 1.03215e-05 1.3943e-06
threshold=24.000000000000004 756.00000000000011 756.00000000000011 8.3911170456645259 8.3911170456645259 7.6714616578013848 7.9877857129513661 7.115355359154643 7.2133000484419894 7.6419255179732621 7.6673031450585656
decision_type=2 2 2 2 2 2 2 2 2 2 2
left_child=1 7 4 -4 5 -2 -3 -1 -9 -10 -11
right_child=2 6 3 -5 -6 -7 -8 8 9 10 -12
leaf_value=2.0250241620512521e-06 0 0 -2.635104158060748e-05 0 -1.9774022153936879e-05 4.3649713793181932e-06 0.00011519692690027028 -2.0579878502958015e-06 7.6877761072525642e-06 -1.8370986839821973e-06 0
leaf_weight=591 12.999999999999998 29 105 28 11.999999999999998 744 9.9999999999999982 2184 420 1305 327
leaf_count=591 13 29 105 28 12 744 10 2184 420 1305 327
internal_value=0 2.22169e-07 -2.24241e-06 -1.88887e-05 0 1.00692e-06 5.92402e-05 0 -5.87002e-07 0 -7.51364e-07
internal_weight=5768 4866 902 133 769 757 39 4827 4236 2052 1632
internal_count=5768 4866 902 133 769 757 39 4827 4236 2052 1632
is_linear=0
shrinkage=0.05


Tree=242
num_leaves=16
num_cat=0
split_feature=10 12 12 17 17 17 17 12 17 17 17 19 17 19 17
split_gain=1.94618e-06 5.33458e-05 1.52521e-05 9.50733e-06 2.04047e-06 5.2358e-06 1.51107e-06 2.43926e-05 4.25549e-05 2.18164e-06 6.803e-06 3.17576e-05 4.21739e-06 1.51462e-07 1.11778e-07
threshold=24.000000000000004 756.00000000000011 756.00000000000011 8.3911170456645259 8.3911170456645259 7.8920499419587129 7.6714616578013848 1.0000000180025095e-35 7.6893425732886129 7.2133000484419894 7.6419255179732621 0.46442307692307699 7.115355359154643 0.43079807692307698 7.200356359288631
decision_type=2 2 2 2 2 2 2 2 2 2 2 2 2 2 2
left_child=1 6 4 -4 5 -2 9 -8 -9 12 11 -11 13 -1 -14
right_child=2 -3 3 -5 -6 -7 7 8 -10 10 -12 -13 14 -15 -16
leaf_value=0 0 5.7800262700766328e-05 -2.5045920630427129e-05 0 -1.8861376850579199e-05 1.1366576366570023e-05 0 -3.074996921398486e-05 0 0 0 1.6017585314847811e-05 0 2.6571088688637397e-06 -8.4113753706094646e-06
leaf_weight=228 653 39 105 28 11.999999999999998 104 63 180 79 24 1310 396 2063 363 121
leaf_count=228 653 39 105 28 12 104 63 180 79 24 1310 396 2063 363 121
internal_value=0 2.35674e-07 -2.25583e-06 -1.78562e-05 0 7.92776e-07 0 -3.41988e-06 -1.57821e-05 0 1.77506e-06 7.30431e-06 0 1.92392e-06 -1.95513e-06
internal_weight=5768 4866 902 133 769 757 4827 322 259 4505 1730 420 2775 591 2184
internal_count=5768 4866 902 133 769 757 4827 322 259 4505 1730 420 2775 591 2184
is_linear=0
shrinkage=0.05


Tree=243
num_leaves=17
num_cat=0
split_feature=11 12 12 17 7 17 17 17 7 7 17 17 17 17 17 17
split_gain=1.77173e-06 4.82876e-05 1.35733e-05 8.76465e-06 2.32079e-06 1.838e-06 4.77597e-06 1.30043e-06 1.78081e-05 1.76142e-05 9.35114e-05 0.000276167 1.96221e-05 0.000881277 2.45098e-06 1.66986e-06
threshold=4.5000000000000009 756.00000000000011 756.00000000000011 8.3911170456645259 10.500000000000002 8.3911170456645259 7.6714616578013848 7.115355359154643 10.500000000000002 10.500000000000002 7.200356359288631 7.2133000484419894 7.200356359288631 7.6455694296173329 7.1783939000347887 7.1783939000347887
decision_type=2 2 2 2 2 2 2 2 2 2 2 2 2 2 2 2
left_child=1 7 5 -4 -3 6 -2 8 -1 10 14 -12 15 -14 -9 -11
right_child=2 4 3 -5 -6 -7 -8 9 -10 12 11 -13 13 -15 -16 -17
leaf_value=3.5462140804156651e-05 0 0.00010733337459069758 -2.380543095466048e-05 0 0 -1.7990850834534126e-05 4.0677499679236002e-06 0 0 0 -0.00013041006237791297 0 0.00015291645945884135 -8.7638880996249629e-07 2.9544146768642624e-06 -2.9048039081245781e-06
leaf_weight=36 12.999999999999998 9.9999999999999982 105 28 29 11.999999999999998 744 93 555 23 56 493 95 1529 701 1246
leaf_count=36 13 10 105 28 29 12 744 93 555 23 56 493 95 1529 701 1246
internal_value=0 2.04761e-07 -2.16313e-06 -1.6875e-05 5.49825e-05 0 7.148e-07 0 1.84246e-06 -5.41295e-07 -5.79862e-06 -2.25215e-05 1.7273e-07 5.13176e-06 0 -2.23561e-06
internal_weight=5768 4866 902 133 39 769 757 4827 591 4236 1343 549 2893 1624 794 1269
internal_count=5768 4866 902 133 39 769 757 4827 591 4236 1343 549 2893 1624 794 1269
is_linear=0
shrinkage=0.05


Tree=244
num_leaves=5
num_cat=0
split_feature=10 12 12 12
split_gain=1.75318e-06 4.60014e-05 1.19057e-05 6.49156e-08
threshold=24.000000000000004 756.00000000000011 756.00000000000011 384.00000000000006
decision_type=2 2 2 2
left_child=1 3 -2 -1
right_child=2 -3 -4 -5
leaf_value=0 0 5.3640836675185705e-05 -1.5942289780889664e-05 -2.0380875485673174e-07
leaf_weight=921 769 39 133 3906
leaf_count=921 769 39 133 3906
internal_value=0 1.36077e-07 -2.18036e-06 0
internal_weight=5768 4866 902 4827
internal_count=5768 4866 902 4827
is_linear=0
shrinkage=0.05


Tree=245
num_leaves=13
num_cat=0
split_feature=11 12 12 17 17 17 17 17 17 17 17 17
split_gain=1.56652e-06 4.16289e-05 1.0767e-05 7.91404e-06 2.35622e-06 1.61178e-06 4.64062e-06 1.29531e-06 2.739e-06 7.00969e-06 1.50901e-06 6.93566e-07
threshold=4.5000000000000009 756.00000000000011 756.00000000000011 8.3911170456645259 7.9877857129513661 8.3911170456645259 7.8920499419587129 7.115355359154643 7.2133000484419894 7.6419255179732621 7.6673031450585656 7.200356359288631
decision_type=2 2 2 2 2 2 2 2 2 2 2 2
left_child=1 7 5 -4 -3 6 -2 -1 11 -10 -11 -9
right_child=2 4 3 -5 -6 -7 -8 8 9 10 -12 -13
leaf_value=1.7406396912249601e-06 0 0 -2.1836804110723776e-05 0 0.00010001639274626292 -1.7160510044329995e-05 1.0602212766008006e-05 0 6.3607522127198637e-06 -1.8067926491659195e-06 0 -9.0653493191252958e-06
leaf_weight=591 653 29 105 28 9.9999999999999982 11.999999999999998 104 2063 420 1305 327 121
leaf_count=591 653 29 105 28 10 12 104 2063 420 1305 327 121
internal_value=0 1.22756e-07 -2.06295e-06 -1.51511e-05 5.10259e-05 0 5.15158e-07 0 -5.83912e-07 0 -5.4829e-07 -1.94808e-06
internal_weight=5768 4866 902 133 39 769 757 4827 4236 2052 1632 2184
internal_count=5768 4866 902 133 39 769 757 4827 4236 2052 1632 2184
is_linear=0
shrinkage=0.05


Tree=246
num_leaves=16
num_cat=0
split_feature=19 17 17 12 19 17 19 17 17 17 17 17 17 17 17
split_gain=3.60835e-06 9.08567e-05 8.52827e-05 4.86794e-05 2.09059e-06 1.61506e-05 5.40091e-05 0.000350273 3.57003e-06 0.000133309 3.4762e-06 6.7509e-06 1.02489e-06 7.23153e-07 3.19731e-08
threshold=0.66167307692307709 8.0497542698189957 7.8479119156778632 1.0000000180025095e-35 0.53667307692307709 7.2226790386014175 0.51167307692307695 7.5545473360280555 7.2226790386014175 7.6503990045026331 7.2133000484419894 7.200356359288631 7.1783939000347887 7.6893425732886129 7.200356359288631
decision_type=2 2 2 2 2 2 2 2 2 2 2 2 2 2 2
left_child=2 -2 4 -4 5 10 -7 -8 12 -10 11 -1 -6 -11 -14
right_child=1 -3 3 -5 8 6 7 -9 9 13 -12 -13 14 -15 -16
leaf_value=0 0.00011125126951619198 0 0 -8.4539791395729207e-05 2.026655020313411e-06 0 -0.00015640305149433917 0 9.6792433650006316e-05 0 7.4878374354973897e-06 -1.6239057804341424e-05 -1.4279598284882443e-06 1.6846718614573004e-06 0
leaf_weight=1485 18 136 55 46 122 353 42 361 36 1156 154 63 1047 636 58
leaf_count=1485 18 136 55 46 122 353 42 361 36 1156 154 63 1047 636 58
internal_value=0 7.19242e-06 -4.2256e-07 -4.58268e-05 0 -5.63115e-07 -7.37343e-06 -2.08827e-05 1.20627e-06 2.70388e-06 0 0 0 0 -1.36377e-06
internal_weight=5768 154 5614 101 5513 2458 756 403 3055 1828 1702 1548 1227 1792 1105
internal_count=5768 154 5614 101 5513 2458 756 403 3055 1828 1702 1548 1227 1792 1105
is_linear=0
shrinkage=0.05


Tree=247
num_leaves=5
num_cat=0
split_feature=11 12 12 12
split_gain=1.35556e-06 4.04102e-05 1.06394e-05 3.94918e-08
threshold=4.5000000000000009 756.00000000000011 756.00000000000011 384.00000000000006
decision_type=2 2 2 2
left_child=1 3 -2 -1
right_child=2 -3 -4 -5
leaf_value=0 0 5.0281848205486312e-05 -1.4933249141035751e-05 -1.5896515461920374e-07
leaf_weight=921 769 39 133 3906
leaf_count=921 769 39 133 3906
internal_value=0 1.46901e-07 -1.90699e-06 0
internal_weight=5768 4866 902 4827
internal_count=5768 4866 902 4827
is_linear=0
shrinkage=0.05


Tree=248
num_leaves=16
num_cat=0
split_feature=19 17 17 12 19 17 19 17 17 17 17 17 17 17 17
split_gain=3.40263e-06 8.2854e-05 7.88426e-05 4.32003e-05 1.75905e-06 1.43889e-05 5.04839e-05 0.000315572 3.17082e-06 0.000121202 3.14637e-06 6.09722e-06 9.18214e-07 5.63181e-07 2.83234e-08
threshold=0.66167307692307709 8.0497542698189957 7.8479119156778632 1.0000000180025095e-35 0.53667307692307709 7.2226790386014175 0.51167307692307695 7.5545473360280555 7.2226790386014175 7.6503990045026331 7.2133000484419894 7.200356359288631 7.1783939000347887 7.6893425732886129 7.200356359288631
decision_type=2 2 2 2 2 2 2 2 2 2 2 2 2 2 2
left_child=2 -2 4 -4 5 10 -7 -8 12 -10 11 -1 -6 -11 -14
right_child=1 -3 3 -5 8 6 7 -9 9 13 -12 -13 14 -15 -16
leaf_value=0 0.00010634558606206586 0 0 -8.0671465554413326e-05 1.9340280574042237e-06 0 -0.00014875939419103224 0 9.2251069428449543e-05 0 7.1237585807759902e-06 -1.5432844229508188e-05 -1.3486868595235218e-06 1.4867034033116307e-06 0
leaf_weight=1485 18 136 55 46 122 353 42 361 36 1156 154 63 1047 636 58
leaf_count=1485 18 136 55 46 122 353 42 361 36 1156 154 63 1047 636 58
internal_value=0 7.06798e-06 -3.6871e-07 -4.40443e-05 0 -4.27542e-07 -6.93636e-06 -2.00637e-05 1.13663e-06 2.54808e-06 0 0 0 0 -1.28823e-06
internal_weight=5768 154 5614 101 5513 2458 756 403 3055 1828 1702 1548 1227 1792 1105
internal_count=5768 154 5614 101 5513 2458 756 403 3055 1828 1702 1548 1227 1792 1105
is_linear=0
shrinkage=0.05


Tree=249
num_leaves=13
num_cat=0
split_feature=10 12 12 17 17 17 17 17 17 17 17 17
split_gain=1.12188e-06 3.72983e-05 1.0676e-05 8.02461e-06 4.22924e-06 1.61229e-06 5.79399e-06 1.02483e-06 2.43924e-06 7.61653e-06 1.57515e-06 1.17416e-07
threshold=24.000000000000004 756.00000000000011 756.00000000000011 8.3911170456645259 7.9877857129513661 8.3911170456645259 7.8920499419587129 7.115355359154643 7.2133000484419894 7.6419255179732621 7.6673031450585656 7.200356359288631
decision_type=2 2 2 2 2 2 2 2 2 2 2 2
left_child=1 7 5 -4 -3 6 -2 -1 11 -10 -11 -9
right_child=2 4 3 -5 -6 -7 -8 8 9 10 -12 -13
leaf_value=1.6176528424693965e-06 0 0 -2.159195067470823e-05 0 9.7214199221608294e-05 -1.6368477954529205e-05 1.1965281962017926e-05 0 6.632623937414547e-06 -1.8477013230696032e-06 0 -7.7905801705038917e-06
leaf_weight=591 653 29 105 28 9.9999999999999982 11.999999999999998 104 2063 420 1305 327 121
leaf_count=591 653 29 105 28 10 12 104 2063 420 1305 327 121
internal_value=0 1.68212e-07 -1.71857e-06 -1.48014e-05 4.83176e-05 0 8.50014e-07 0 -4.88946e-07 0 -5.64742e-07 -1.80402e-06
internal_weight=5768 4866 902 133 39 769 757 4827 4236 2052 1632 2184
internal_count=5768 4866 902 133 39 769 757 4827 4236 2052 1632 2184
is_linear=0
shrinkage=0.05


Tree=250
num_leaves=16
num_cat=0
split_feature=19 17 17 12 19 17 19 17 17 17 17 17 17 17 17
split_gain=3.2067e-06 7.56423e-05 7.4884e-05 3.81692e-05 1.66168e-06 1.30626e-05 4.80749e-05 0.000284185 2.97801e-06 0.000109998 2.57167e-06 5.22749e-06 7.9328e-07 5.08451e-07 4.6949e-08
threshold=0.66167307692307709 8.0497542698189957 7.8479119156778632 1.0000000180025095e-35 0.53667307692307709 7.2226790386014175 0.51167307692307695 7.5545473360280555 7.2226790386014175 7.6503990045026331 7.2133000484419894 7.200356359288631 7.1783939000347887 7.6893425732886129 7.200356359288631
decision_type=2 2 2 2 2 2 2 2 2 2 2 2 2 2 2
left_child=2 -2 4 -4 5 10 -7 -8 12 -10 11 -1 -6 -11 -14
right_child=1 -3 3 -5 8 6 7 -9 9 13 -12 -13 14 -15 -16
leaf_value=0 0.00010170565856816737 0 0 -7.7626859048440894e-05 1.7578862333003925e-06 0 -0.00014171804431392703 0 8.7963374822425686e-05 0 6.4403793864673163e-06 -1.4289814571384337e-05 -1.2812807885858847e-06 1.4126187576393314e-06 0
leaf_weight=1485 18 136 55 46 122 353 42 361 36 1156 154 63 1047 636 58
leaf_count=1485 18 136 55 46 122 353 42 361 36 1156 154 63 1047 636 58
internal_value=0 6.92404e-06 -3.22965e-07 -4.29084e-05 0 -3.52344e-07 -6.59869e-06 -1.947e-05 1.12226e-06 2.48494e-06 0 0 0 0 -1.20394e-06
internal_weight=5768 154 5614 101 5513 2458 756 403 3055 1828 1702 1548 1227 1792 1105
internal_count=5768 154 5614 101 5513 2458 756 403 3055 1828 1702 1548 1227 1792 1105
is_linear=0
shrinkage=0.05


Tree=251
num_leaves=12
num_cat=0
split_feature=10 12 12 17 17 17 17 17 17 17 17
split_gain=9.65132e-07 3.61425e-05 1.04285e-05 7.8321e-06 3.24288e-06 1.54748e-06 6.03289e-06 8.82294e-07 2.28325e-06 7.47374e-06 1.5423e-06
threshold=24.000000000000004 756.00000000000011 756.00000000000011 8.3911170456645259 7.9877857129513661 8.3911170456645259 7.8920499419587129 7.115355359154643 7.2133000484419894 7.6419255179732621 7.6673031450585656
decision_type=2 2 2 2 2 2 2 2 2 2 2
left_child=1 7 5 -4 -3 6 -2 -1 -9 -10 -11
right_child=2 4 3 -5 -6 -7 -8 8 9 10 -12
leaf_value=1.5187848247158985e-06 0 0 -2.1255902349092242e-05 0 9.4693537103012181e-05 -1.5613008111428736e-05 1.2259876144872533e-05 -1.7311627884955919e-06 6.5780688141364243e-06 -1.8193708745381902e-06 0
leaf_weight=591 653 29 105 28 9.9999999999999982 11.999999999999998 104 2184 420 1305 327
leaf_count=591 653 29 105 28 10 12 104 2184 420 1305 327
internal_value=0 1.88065e-07 -1.57524e-06 -1.45356e-05 4.75732e-05 0 9.60811e-07 0 -4.453e-07 0 -5.34913e-07
internal_weight=5768 4866 902 133 39 769 757 4827 4236 2052 1632
internal_count=5768 4866 902 133 39 769 757 4827 4236 2052 1632
is_linear=0
shrinkage=0.05


Tree=252
num_leaves=8
num_cat=0
split_feature=19 19 12 19 19 19 19
split_gain=3.00705e-06 3.57889e-05 4.8845e-05 5.13738e-06 5.88154e-06 1.03813e-06 9.91561e-08
threshold=0.66167307692307709 0.78680769230769243 384.00000000000006 0.47441346153846159 0.52767307692307708 0.46442307692307699 0.55267307692307699
decision_type=2 2 2 2 2 2 2
left_child=3 2 -2 5 -5 -1 -6
right_child=1 -3 -4 4 6 -7 -8
leaf_value=0 0 0 4.7984691937208959e-05 -4.1005314745560801e-06 0 2.7719601532466319e-06 -5.9981881782780162e-07
leaf_weight=272 17 43 94 1571 2554 529 688
leaf_count=272 17 43 94 1571 2554 529 688
internal_value=0 6.79453e-06 2.93726e-05 -2.53892e-07 -1.56086e-06 1.3571e-06 0
internal_weight=5768 154 111 5614 4813 801 3242
internal_count=5768 154 111 5614 4813 801 3242
is_linear=0
shrinkage=0.05


Tree=253
num_leaves=8
num_cat=0
split_feature=19 19 12 19 19 19 19
split_gain=1.86289e-06 3.17657e-05 4.55195e-05 4.69185e-06 5.26954e-06 9.56516e-07 9.02581e-08
threshold=0.66167307692307709 0.78680769230769243 384.00000000000006 0.47441346153846159 0.52767307692307708 0.46442307692307699 0.61517307692307699
decision_type=2 2 2 2 2 2 2
left_child=3 2 -2 5 -5 -1 -6
right_child=1 -3 -4 4 6 -7 -8
leaf_value=0 0 0 4.5610722417845148e-05 -3.895651663683323e-06 0 2.6336131759651247e-06 -2.1034294474577733e-06
leaf_weight=272 17 43 94 1571 3192 529 50
leaf_count=272 17 43 94 1571 3192 529 50
internal_value=0 5.33952e-06 2.7359e-05 -2.05922e-07 -1.48968e-06 1.26567e-06 0
internal_weight=5768 154 111 5614 4813 801 3242
internal_count=5768 154 111 5614 4813 801 3242
is_linear=0
shrinkage=0.05


Tree=254
num_leaves=7
num_cat=0
split_feature=10 19 12 19 19 19
split_gain=1.55911e-06 3.51764e-05 1.29876e-05 4.67214e-07 3.35005e-06 8.81532e-07
threshold=24.000000000000004 0.61517307692307699 756.00000000000011 0.47441346153846159 0.53667307692307709 0.46442307692307699
decision_type=2 2 2 2 2 2
left_child=1 3 -2 5 -5 -1
right_child=2 -3 -4 4 -6 -7
leaf_value=0 0 8.9636765081774078e-05 -1.6373775031942345e-05 -2.3251824588198249e-06 0 2.502190399440532e-06
leaf_weight=272 769 9.9999999999999982 133 1558 2497 529
leaf_count=272 769 10 133 1558 2497 529
internal_value=0 3.01078e-07 -1.9565e-06 0 -1.14909e-07 1.17882e-06
internal_weight=5768 4866 902 4856 4055 801
internal_count=5768 4866 902 4856 4055 801
is_linear=0
shrinkage=0.05


Tree=255
num_leaves=15
num_cat=0
split_feature=10 12 12 17 17 17 17 19 17 19 17 17 17 17
split_gain=1.41123e-06 3.23271e-05 1.17618e-05 9.00142e-06 1.41472e-06 4.94379e-06 7.8583e-07 2.10247e-05 3.97395e-05 2.81665e-06 0.000161536 4.73127e-06 3.03693e-05 2.27868e-06
threshold=24.000000000000004 756.00000000000011 756.00000000000011 8.3911170456645259 8.3911170456645259 7.8920499419587129 7.6714616578013848 0.51805769230769239 7.6893425732886129 0.46442307692307699 7.1783939000347887 7.2133000484419894 7.6419255179732621 7.200356359288631
decision_type=2 2 2 2 2 2 2 2 2 2 2 2 2 2
left_child=1 6 4 -4 5 -2 9 -8 -9 10 -1 13 -13 -11
right_child=2 -3 3 -5 -6 -7 7 8 -10 11 -12 12 -14 -15
leaf_value=0 0 4.5083854172844437e-05 -2.2768683845225614e-05 0 -1.5243163798004368e-05 1.1073640658564509e-05 0 -2.9151519022120464e-05 0 2.5934302829655049e-07 -0.00012009509390087 1.5457122691060119e-05 0 -6.7352374908743309e-06
leaf_weight=239 653 39 105 28 11.999999999999998 104 63 180 79 2413 27 396 1309 121
leaf_count=239 653 39 105 28 12 104 63 180 79 2413 27 396 1309 121
internal_value=0 3.15485e-07 -1.83592e-06 -1.55612e-05 0 8.25233e-07 0 -2.42877e-06 -1.44737e-05 1.14647e-07 0 1.29411e-06 3.331e-06 0
internal_weight=5768 4866 902 133 769 757 4827 322 259 4505 266 4239 1705 2534
internal_count=5768 4866 902 133 769 757 4827 322 259 4505 266 4239 1705 2534
is_linear=0
shrinkage=0.05


Tree=256
num_leaves=17
num_cat=0
split_feature=19 17 17 12 19 17 19 17 19 17 17 17 17 17 17 17
split_gain=1.62718e-06 7.36054e-05 6.5272e-05 3.38317e-05 1.78544e-06 1.18929e-05 4.60817e-05 0.000255822 3.03773e-06 4.01039e-05 6.79947e-06 2.96291e-06 0.000100045 6.12308e-07 4.08915e-07 5.93221e-08
threshold=0.66167307692307709 7.8479119156778632 8.0497542698189957 1.0000000180025095e-35 0.53667307692307709 7.2226790386014175 0.51167307692307695 7.5545473360280555 0.4970384615384616 7.200356359288631 6.9599592149906035 7.2226790386014175 7.6503990045026331 7.1783939000347887 7.6893425732886129 7.200356359288631
decision_type=2 2 2 2 2 2 2 2 2 2 2 2 2 2 2 2
left_child=1 4 -2 -3 5 8 -7 -8 10 -10 -1 13 -13 -6 -14 -15
right_child=2 3 -4 -5 11 6 7 -9 9 -11 -12 12 14 15 -16 -17
leaf_value=1.7077218298800266e-06 9.3790211984397546e-05 0 0 -7.5611714409921877e-05 1.5825237766498813e-06 0 -0.00013507102561984645 0 1.1953118989530069e-05 -4.6456983242342814e-06 -5.0704689895074922e-06 8.4144977437382618e-05 0 -1.1437839849759601e-06 1.2668257826292998e-06 0
leaf_weight=124 18 55 136 46 122 353 42 361 722 210 646 36 1156 1047 636 58
leaf_count=124 18 55 136 46 122 353 42 361 722 210 646 36 1156 1047 636 58
internal_value=0 -1.41466e-07 5.05172e-06 -4.24871e-05 0 -6.10771e-08 -6.26806e-06 -1.89414e-05 0 2.85301e-06 0 1.20731e-06 2.54663e-06 0 0 -1.05145e-06
internal_weight=5768 5614 154 101 5513 2458 756 403 1702 932 770 3055 1828 1227 1792 1105
internal_count=5768 5614 154 101 5513 2458 756 403 1702 932 770 3055 1828 1227 1792 1105
is_linear=0
shrinkage=0.05


Tree=257
num_leaves=17
num_cat=0
split_feature=19 17 17 12 19 17 19 17 17 17 19 17 17 17 17 17
split_gain=1.29517e-06 6.78223e-05 5.94111e-05 2.9362e-05 1.64923e-06 1.05153e-05 4.32431e-05 0.000230138 2.71436e-06 9.04797e-05 2.22703e-06 3.67147e-05 6.13764e-06 5.51308e-07 3.69113e-07 5.49697e-08
threshold=0.66167307692307709 7.8479119156778632 8.0497542698189957 1.0000000180025095e-35 0.53667307692307709 7.2226790386014175 0.51167307692307695 7.5545473360280555 7.2226790386014175 7.6503990045026331 0.4970384615384616 7.200356359288631 6.9599592149906035 7.1783939000347887 7.6893425732886129 7.200356359288631
decision_type=2 2 2 2 2 2 2 2 2 2 2 2 2 2 2 2
left_child=1 4 -2 -3 5 10 -7 -8 13 -10 12 -12 -1 -6 -11 -15
right_child=2 3 -4 -5 8 6 7 -9 9 14 11 -13 -14 15 -16 -17
leaf_value=1.6229953523725249e-06 8.9347489594825006e-05 0 0 -7.1911572359819353e-05 1.504042221808698e-06 0 -0.00012847453117543873 0 8.0051435900197648e-05 0 1.1356316115913261e-05 -4.414515205663385e-06 -4.8173487566446046e-06 -1.0866340150246181e-06 1.2035938959387442e-06 0
leaf_weight=124 18 55 136 46 122 353 42 361 36 1156 722 210 646 1047 636 58
leaf_count=124 18 55 136 46 122 353 42 361 36 1156 722 210 646 1047 636 58
internal_value=0 -1.26057e-07 4.50713e-06 -4.07822e-05 0 -3.90688e-08 -5.89336e-06 -1.82393e-05 1.16101e-06 2.4418e-06 0 2.44282e-06 0 0 0 -9.97296e-07
internal_weight=5768 5614 154 101 5513 2458 756 403 3055 1828 1702 932 770 1227 1792 1105
internal_count=5768 5614 154 101 5513 2458 756 403 3055 1828 1702 932 770 1227 1792 1105
is_linear=0
shrinkage=0.05


Tree=258
num_leaves=12
num_cat=0
split_feature=10 12 12 17 17 17 17 17 17 17 17
split_gain=1.09506e-06 3.05445e-05 1.22904e-05 9.11063e-06 2.75216e-06 1.47872e-06 5.88335e-06 1.00391e-06 2.38576e-06 8.93362e-06 1.77398e-06
threshold=24.000000000000004 756.00000000000011 756.00000000000011 8.3911170456645259 7.9877857129513661 8.3911170456645259 7.8920499419587129 7.115355359154643 7.2133000484419894 7.6419255179732621 7.6673031450585656
decision_type=2 2 2 2 2 2 2 2 2 2 2
left_child=1 7 5 -4 -3 6 -2 -1 -9 -10 -11
right_child=2 4 3 -5 -6 -7 -8 8 9 10 -12
leaf_value=1.85564239817157e-06 0 0 -2.294690148050475e-05 0 8.7212636135518534e-05 -1.4539632202985748e-05 1.2211223964446356e-05 -1.7162148906791783e-06 7.2332649467393509e-06 -1.9055490770126202e-06 0
leaf_weight=591 653 29 105 28 9.9999999999999982 11.999999999999998 104 2184 420 1305 327
leaf_count=591 653 29 105 28 10 12 104 2184 420 1305 327
internal_value=0 2.95458e-07 -1.60038e-06 -1.57022e-05 4.38138e-05 0 1.11868e-06 0 -3.33514e-07 0 -4.33787e-07
internal_weight=5768 4866 902 133 39 769 757 4827 4236 2052 1632
internal_count=5768 4866 902 133 39 769 757 4827 4236 2052 1632
is_linear=0
shrinkage=0.05


Tree=259
num_leaves=8
num_cat=0
split_feature=19 19 12 19 19 19 19
split_gain=1.2789e-06 2.8215e-05 4.32508e-05 4.6129e-06 5.5802e-06 7.13454e-07 8.28346e-08
threshold=0.66167307692307709 0.78680769230769243 384.00000000000006 0.47441346153846159 0.52767307692307708 0.46442307692307699 0.55267307692307699
decision_type=2 2 2 2 2 2 2
left_child=3 2 -2 5 -5 -1 -6
right_child=1 -3 -4 4 6 -7 -8
leaf_value=0 0 0 4.3745945612164704e-05 -3.875829169265132e-06 0 2.6461423543844158e-06 -5.4823441994585959e-07
leaf_weight=272 17 43 94 1571 2554 529 688
leaf_count=272 17 43 94 1571 2554 529 688
internal_value=0 4.49935e-06 2.56479e-05 -1.02848e-07 -1.41687e-06 1.55026e-06 0
internal_weight=5768 154 111 5614 4813 801 3242
internal_count=5768 154 111 5614 4813 801 3242
is_linear=0
shrinkage=0.05


Tree=260
num_leaves=7
num_cat=0
split_feature=11 19 12 19 19 19
split_gain=1.32391e-06 2.99718e-05 1.27399e-05 6.99186e-07 3.63258e-06 6.53345e-07
threshold=4.5000000000000009 0.61517307692307699 756.00000000000011 0.47441346153846159 0.53667307692307709 0.46442307692307699
decision_type=2 2 2 2 2 2
left_child=1 3 -2 5 -5 -1
right_child=2 -3 -4 4 -6 -7
leaf_value=0 0 8.2870678531683285e-05 -1.6056333955007243e-05 -2.4177088259623432e-06 0 2.5140805963980349e-06
leaf_weight=272 769 9.9999999999999982 133 1558 2497 529
leaf_count=272 769 10 133 1558 2497 529
internal_value=0 3.55039e-07 -1.72798e-06 0 -8.79981e-08 1.46299e-06
internal_weight=5768 4866 902 4856 4055 801
internal_count=5768 4866 902 4856 4055 801
is_linear=0
shrinkage=0.05


Tree=261
num_leaves=14
num_cat=0
split_feature=11 13 13 17 17 17 17 17 17 17 19 19 19
split_gain=1.20473e-06 2.74252e-05 1.15449e-05 9.17411e-06 1.33911e-06 5.07942e-06 9.29854e-07 1.95514e-06 8.73216e-06 1.68975e-06 2.01507e-07 3.77353e-06 8.80043e-08
threshold=4.5000000000000009 9.4828921423310444 9.4828921423310444 8.3911170456645259 8.3911170456645259 7.8920499419587129 7.115355359154643 7.2133000484419894 7.6419255179732621 7.6673031450585656 0.43079807692307698 0.48742307692307701 0.53667307692307709
decision_type=2 2 2 2 2 2 2 2 2 2 2 2 2
left_child=1 6 4 -4 5 -2 10 -8 -9 -10 -1 -12 -13
right_child=2 -3 3 -5 -6 -7 7 8 9 -11 11 12 -14
leaf_value=0 0 4.1603794205002485e-05 -2.2599364527641743e-05 0 -1.4028390511297243e-05 1.1333885890919536e-05 -1.5293475255387191e-06 7.158993575235302e-06 -1.85170263846392e-06 0 2.8330880760525647e-05 0 1.3374250876240229e-06
leaf_weight=228 653 39 105 28 11.999999999999998 104 2184 420 1305 327 13.999999999999998 227 122
leaf_count=228 653 39 105 28 12 104 2184 420 1305 327 14 227 122
internal_value=0 3.71564e-07 -1.60973e-06 -1.52595e-05 0 1.02052e-06 0 -2.29234e-07 0 -3.94107e-07 1.88432e-06 2.67557e-06 0
internal_weight=5768 4866 902 133 769 757 4827 4236 2052 1632 591 363 349
internal_count=5768 4866 902 133 769 757 4827 4236 2052 1632 591 363 349
is_linear=0
shrinkage=0.05


Tree=262
num_leaves=14
num_cat=0
split_feature=10 19 12 17 17 17 17 17 17 17 19 19 19
split_gain=1.12756e-06 2.59547e-05 1.02242e-05 8.48853e-06 1.20054e-06 4.60455e-06 8.0007e-07 1.84403e-06 7.7912e-06 1.6167e-06 1.84121e-07 3.39359e-06 7.94918e-08
threshold=24.000000000000004 0.61517307692307699 756.00000000000011 8.3911170456645259 8.3911170456645259 7.8920499419587129 7.115355359154643 7.2133000484419894 7.6419255179732621 7.6673031450585656 0.43079807692307698 0.48742307692307701 0.53667307692307709
decision_type=2 2 2 2 2 2 2 2 2 2 2 2 2
left_child=1 6 4 -4 5 -2 10 -8 -9 -10 -1 -12 -13
right_child=2 -3 3 -5 -6 -7 7 8 9 -11 11 12 -14
leaf_value=0 0 7.7212789646265156e-05 -2.1480053489179927e-05 0 -1.3380927445653517e-05 1.0772584593810493e-05 -1.4529085805473392e-06 6.8019130521602133e-06 -1.759191651958373e-06 0 2.7008774069448293e-05 0 1.2710970557650635e-06
leaf_weight=228 653 9.9999999999999982 105 28 11.999999999999998 104 2184 420 1305 356 13.999999999999998 227 122
leaf_count=228 653 10 105 28 12 104 2184 420 1305 356 14 227 122
internal_value=0 3.77398e-07 -1.53429e-06 -1.43741e-05 0 9.42767e-07 0 -2.34582e-08 0 0 1.83704e-06 2.59867e-06 0
internal_weight=5768 4866 902 133 769 757 4856 4265 2081 1661 591 363 349
internal_count=5768 4866 902 133 769 757 4856 4265 2081 1661 591 363 349
is_linear=0
shrinkage=0.05


Tree=263
num_leaves=12
num_cat=0
split_feature=10 12 12 17 17 17 17 17 17 17 17
split_gain=1.06998e-06 2.35549e-05 9.04308e-06 7.85749e-06 1.07599e-06 4.17434e-06 8.07107e-07 1.61849e-06 7.07406e-06 1.41841e-06 4.91744e-08
threshold=24.000000000000004 756.00000000000011 756.00000000000011 8.3911170456645259 8.3911170456645259 7.8920499419587129 7.115355359154643 7.2133000484419894 7.6419255179732621 7.6673031450585656 7.9877857129513661
decision_type=2 2 2 2 2 2 2 2 2 2 2
left_child=1 6 4 -4 5 -2 -1 -8 -9 -10 -3
right_child=2 10 3 -5 -6 -7 7 8 9 -11 -12
leaf_value=1.7920040374667366e-06 0 0 -2.041618313359202e-05 0 -1.2763358715276856e-05 1.023908671257751e-05 -1.3802980373291728e-06 6.4626167530543438e-06 -1.6712928002744422e-06 0 7.3703076182441265e-05
leaf_weight=591 653 29 105 28 11.999999999999998 104 2184 420 1305 327 9.9999999999999982
leaf_count=591 653 29 105 28 12 104 2184 420 1305 327 10
internal_value=0 3.90823e-07 -1.46255e-06 -1.35325e-05 0 8.68865e-07 0 -1.65955e-07 0 -2.49823e-07 3.86104e-05
internal_weight=5768 4866 902 133 769 757 4827 4236 2052 1632 39
internal_count=5768 4866 902 133 769 757 4827 4236 2052 1632 39
is_linear=0
shrinkage=0.05


Tree=264
num_leaves=12
num_cat=0
split_feature=11 12 12 17 17 17 17 17 17 17 17
split_gain=1.0104e-06 2.24194e-05 7.98739e-06 7.27629e-06 9.64087e-07 3.78453e-06 7.18061e-07 1.47123e-06 6.37102e-06 1.29512e-06 1.01522e-07
threshold=4.5000000000000009 756.00000000000011 756.00000000000011 8.3911170456645259 8.3911170456645259 7.8920499419587129 7.115355359154643 7.2133000484419894 7.6419255179732621 7.6673031450585656 7.200356359288631
decision_type=2 2 2 2 2 2 2 2 2 2 2
left_child=1 6 4 -4 5 -2 -1 10 -9 -10 -8
right_child=2 -3 3 -5 -6 -7 7 8 9 -11 -12
leaf_value=1.702546397929246e-06 0 3.7689156277338039e-05 -1.9405008434265288e-05 0 -1.2174262933862876e-05 9.7320135017590854e-06 0 6.1402530210300604e-06 -1.5877874704130606e-06 0 -5.7338596107896211e-06
leaf_weight=591 653 39 105 28 11.999999999999998 104 2063 420 1305 327 121
leaf_count=591 653 39 105 28 12 104 2063 420 1305 327 121
internal_value=0 3.97862e-07 -1.39433e-06 -1.27326e-05 0 7.98624e-07 0 -1.36672e-07 0 -1.83039e-07 -1.31131e-06
internal_weight=5768 4866 902 133 769 757 4827 4236 2052 1632 2184
internal_count=5768 4866 902 133 769 757 4827 4236 2052 1632 2184
is_linear=0
shrinkage=0.05


Tree=265
num_leaves=17
num_cat=0
split_feature=19 17 17 12 19 17 19 17 17 17 19 17 17 17 17 17
split_gain=1.99272e-06 7.18522e-05 5.64624e-05 2.52026e-05 2.1902e-06 1.05833e-05 4.32206e-05 0.000206706 2.55218e-06 8.37062e-05 2.07706e-06 3.76285e-05 5.44033e-06 2.48746e-07 2.26687e-07 4.85858e-08
threshold=0.66167307692307709 7.8479119156778632 8.0529439743463929 1.0000000180025095e-35 0.53667307692307709 7.2226790386014175 0.51167307692307695 7.5545473360280555 7.2226790386014175 7.6503990045026331 0.4970384615384616 7.200356359288631 6.9599592149906035 7.6893425732886129 7.1783939000347887 7.200356359288631
decision_type=2 2 2 2 2 2 2 2 2 2 2 2 2 2 2 2
left_child=1 4 -2 -3 5 10 -7 -8 14 -10 12 -12 -1 -11 -6 -16
right_child=2 3 -4 -5 8 6 7 -9 9 13 11 -13 -14 -15 15 -17
leaf_value=1.2350436614360639e-06 4.7053480467928408e-05 0 0 -7.1852172835125649e-05 1.034750409113862e-06 0 -0.00012306905914704467 0 7.7305929357739711e-05 0 1.1407012347889392e-05 -4.9582495733707145e-06 -4.5526566608611729e-06 9.8804913657122319e-07 -7.2869537966965692e-07 0
leaf_weight=124 65 55 89 46 122 353 42 361 36 1156 722 210 646 636 1047 58
leaf_count=124 65 55 89 46 122 353 42 361 36 1156 722 210 646 636 1047 58
internal_value=0 -4.56391e-08 5.66261e-06 -4.19666e-05 0 -2.66889e-08 -5.91218e-06 -1.82469e-05 1.33834e-06 2.54583e-06 0 2.35914e-06 0 0 0 -6.27158e-07
internal_weight=5768 5614 154 101 5513 2458 756 403 3055 1828 1702 932 770 1792 1227 1105
internal_count=5768 5614 154 101 5513 2458 756 403 3055 1828 1702 932 770 1792 1227 1105
is_linear=0
shrinkage=0.05


Tree=266
num_leaves=18
num_cat=0
split_feature=19 17 17 12 19 19 17 17 17 17 17 17 17 17 17 17 17
split_gain=1.35825e-06 6.6413e-05 5.21198e-05 2.13768e-05 2.04361e-06 1.01777e-05 0.000103813 0.000209018 3.00133e-05 1.63273e-05 0.00067754 1.0306e-05 2.35726e-06 7.56507e-05 2.24566e-07 2.02999e-07 4.55198e-08
threshold=0.66167307692307709 7.8479119156778632 8.0497542698189957 1.0000000180025095e-35 0.53667307692307709 0.47441346153846159 7.200356359288631 7.2133000484419894 7.1459464135563868 7.200356359288631 7.6318409637684832 7.1783939000347887 7.2226790386014175 7.6503990045026331 7.6893425732886129 7.1783939000347887 7.200356359288631
decision_type=2 2 2 2 2 2 2 2 2 2 2 2 2 2 2 2 2
left_child=1 4 -2 -3 5 9 8 -8 -7 11 -11 -1 15 -14 -15 -6 -17
right_child=2 3 -4 -5 12 6 7 -9 -10 10 -12 -13 13 14 -16 16 -18
leaf_value=0 8.3882322069257488e-05 0 0 -6.8336005943104073e-05 9.8343257133553439e-07 -1.9379938043968751e-06 -0.00011839939314022398 -2.4348883021716359e-06 1.0313843704503159e-05 0.00034024875797331332 0 -1.1293784078985158e-05 7.3545115081140311e-05 0 9.3879836452086789e-07 -6.9233745279657905e-07 0
leaf_weight=240 18 55 136 46 122 320 56 557 724 13.999999999999998 346 201 36 1156 636 1047 58
leaf_count=240 18 55 136 46 122 320 56 557 724 14 346 201 36 1156 636 1047 58
internal_value=0 -3.41291e-08 4.676e-06 -4.03464e-05 0 -1.11944e-08 -3.7708e-06 -2.13476e-05 1.77554e-06 1.52676e-06 1.08742e-05 0 1.29294e-06 2.4526e-06 0 0 -5.92707e-07
internal_weight=5768 5614 154 101 5513 2458 1657 613 1044 801 360 441 3055 1828 1792 1227 1105
internal_count=5768 5614 154 101 5513 2458 1657 613 1044 801 360 441 3055 1828 1792 1227 1105
is_linear=0
shrinkage=0.05


Tree=267
num_leaves=8
num_cat=0
split_feature=19 19 12 19 19 19 19
split_gain=1.09183e-06 2.57035e-05 4.22216e-05 3.93281e-06 5.64571e-06 8.84516e-07 1.23633e-07
threshold=0.66167307692307709 0.78680769230769243 384.00000000000006 0.47441346153846159 0.52767307692307708 0.46442307692307699 0.55267307692307699
decision_type=2 2 2 2 2 2 2
left_child=3 2 -2 5 -5 -1 -6
right_child=1 -3 -4 4 6 -7 -8
leaf_value=0 0 0 4.2616112212846545e-05 -3.7788695086238951e-06 2.6092141704476986e-08 2.6491148384147374e-06 -6.6788572867377934e-07
leaf_weight=272 17 43 94 1571 2554 529 688
leaf_count=272 17 43 94 1571 2554 529 688
internal_value=0 4.18895e-06 2.44545e-05 -4.16923e-08 -1.31572e-06 1.37131e-06 0
internal_weight=5768 154 111 5614 4813 801 3242
internal_count=5768 154 111 5614 4813 801 3242
is_linear=0
shrinkage=0.05


Tree=268
num_leaves=14
num_cat=0
split_feature=10 19 12 17 17 17 17 17 17 17 19 19 19
split_gain=1.10862e-06 2.26505e-05 1.07914e-05 8.75867e-06 1.02088e-06 4.41037e-06 7.90229e-07 1.63463e-06 6.44803e-06 1.39717e-06 1.7518e-07 2.97148e-06 4.28619e-08
threshold=24.000000000000004 0.61517307692307699 756.00000000000011 8.3911170456645259 8.3911170456645259 7.8920499419587129 7.115355359154643 7.2133000484419894 7.6419255179732621 7.6673031450585656 0.43079807692307698 0.48742307692307701 0.53667307692307709
decision_type=2 2 2 2 2 2 2 2 2 2 2 2 2
left_child=1 6 4 -4 5 -2 10 -8 -9 -10 -1 -12 -13
right_child=2 -3 3 -5 -6 -7 7 8 9 -11 11 12 -14
leaf_value=0 0 7.2184120283716078e-05 -2.1925434087982998e-05 0 -1.1766010295384759e-05 1.0591281478160191e-05 -1.3676564415886965e-06 6.1878867418618066e-06 -1.635397394875187e-06 0 2.5614811185126485e-05 0 9.3336830415376574e-07
leaf_weight=228 653 9.9999999999999982 105 28 11.999999999999998 104 2184 420 1305 356 13.999999999999998 227 122
leaf_count=228 653 10 105 28 12 104 2184 420 1305 356 14 227 122
internal_value=0 3.76477e-07 -1.51834e-06 -1.47264e-05 0 9.96355e-07 0 -1.00903e-08 0 0 1.82658e-06 2.57475e-06 0
internal_weight=5768 4866 902 133 769 757 4856 4265 2081 1661 591 363 349
internal_count=5768 4866 902 133 769 757 4856 4265 2081 1661 591 363 349
is_linear=0
shrinkage=0.05


Tree=269
num_leaves=7
num_cat=0
split_feature=11 19 12 19 19 19
split_gain=1.04948e-06 2.05932e-05 9.55431e-06 5.41645e-07 3.64074e-06 8.70027e-07
threshold=4.5000000000000009 0.61517307692307699 756.00000000000011 0.47441346153846159 0.53667307692307709 0.46442307692307699
decision_type=2 2 2 2 2 2
left_child=1 3 -2 5 -5 -1
right_child=2 -3 -4 4 -6 -7
leaf_value=0 0 6.890299147926269e-05 -1.3867378445105877e-05 -2.4162507875285735e-06 0 2.5804703324848676e-06
leaf_weight=272 769 9.9999999999999982 133 1558 2497 529
leaf_count=272 769 10 133 1558 2497 529
internal_value=0 3.90123e-07 -1.44404e-06 0 0 1.29939e-06
internal_weight=5768 4866 902 4856 4055 801
internal_count=5768 4866 902 4856 4055 801
is_linear=0
shrinkage=0.05


Tree=270
num_leaves=11
num_cat=0
split_feature=11 12 12 17 17 17 17 17 17 17
split_gain=9.74008e-07 1.92957e-05 8.6594e-06 7.9101e-06 9.13661e-07 3.99757e-06 8.19546e-07 1.37109e-06 6.05728e-06 1.27995e-06
threshold=4.5000000000000009 756.00000000000011 756.00000000000011 8.3911170456645259 8.3911170456645259 7.8920499419587129 7.115355359154643 7.2133000484419894 7.6419255179732621 7.6673031450585656
decision_type=2 2 2 2 2 2 2 2 2 2
left_child=1 6 4 -4 5 -2 -1 -8 -9 -10
right_child=2 -3 3 -5 -6 -7 7 8 9 -11
leaf_value=1.8331865966673999e-06 0 3.501725554815493e-05 -2.0152676640790096e-05 0 -1.122297266892227e-05 1.0066757222548834e-05 -1.2633057537081586e-06 5.9890846562551909e-06 -1.5755967248821628e-06 0
leaf_weight=591 653 39 105 28 11.999999999999998 104 2184 420 1305 327
leaf_count=591 653 39 105 28 12 104 2184 420 1305 327
internal_value=0 4.07693e-07 -1.34191e-06 -1.31792e-05 0 9.23696e-07 0 -1.18408e-07 0 -1.60916e-07
internal_weight=5768 4866 902 133 769 757 4827 4236 2052 1632
internal_count=5768 4866 902 133 769 757 4827 4236 2052 1632
is_linear=0
shrinkage=0.05


Tree=271
num_leaves=8
num_cat=0
split_feature=19 19 12 19 19 19 19
split_gain=1.17023e-06 2.50564e-05 4.22478e-05 3.29753e-06 5.13532e-06 8.62861e-07 2.13099e-07
threshold=0.66167307692307709 0.78680769230769243 384.00000000000006 0.47441346153846159 0.52767307692307708 0.46442307692307699 0.55267307692307699
decision_type=2 2 2 2 2 2 2
left_child=3 2 -2 5 -5 -1 -6
right_child=1 -3 -4 4 6 -7 -8
leaf_value=0 0 0 4.2449491098523135e-05 -3.557009599219715e-06 1.3476455517645383e-07 2.51405175065815e-06 -8.4016099960795948e-07
leaf_weight=272 17 43 94 1571 2554 529 688
leaf_count=272 17 43 94 1571 2554 529 688
internal_value=0 4.3445e-06 2.41954e-05 0 -1.21025e-06 1.21948e-06 0
internal_weight=5768 154 111 5614 4813 801 3242
internal_count=5768 154 111 5614 4813 801 3242
is_linear=0
shrinkage=0.05


Tree=272
num_leaves=12
num_cat=0
split_feature=11 19 19 17 17 17 17 17 19 19 19
split_gain=1.15567e-06 1.75371e-05 9.20284e-06 4.51512e-05 7.74822e-07 1.14487e-06 5.76749e-06 1.20909e-06 2.11991e-07 2.57269e-06 3.06654e-08
threshold=4.5000000000000009 0.61517307692307699 0.65192307692307705 8.2106037135369139 7.115355359154643 7.2133000484419894 7.6419255179732621 7.6673031450585656 0.43079807692307698 0.48742307692307701 0.53667307692307709
decision_type=2 2 2 2 2 2 2 2 2 2 2
left_child=1 4 -2 -4 8 -6 -7 -8 -1 -10 -11
right_child=2 -3 3 -5 5 6 7 -9 9 10 -12
leaf_value=0 0 6.38240142937072e-05 -3.5077525811045363e-05 0 -1.1445161826840391e-06 5.8522411553529831e-06 -1.5213455425277295e-06 0 2.4356742234279696e-05 0 7.894817111271647e-07
leaf_weight=228 740 9.9999999999999982 111 51 2184 420 1305 356 13.999999999999998 227 122
leaf_count=228 740 10 111 51 2184 420 1305 356 14 227 122
internal_value=0 4.45486e-07 -1.45941e-06 -1.23672e-05 0 0 0 0 1.80888e-06 2.60337e-06 0
internal_weight=5768 4866 902 162 4856 4265 2081 1661 591 363 349
internal_count=5768 4866 902 162 4856 4265 2081 1661 591 363 349
is_linear=0
shrinkage=0.05


Tree=273
num_leaves=8
num_cat=0
split_feature=19 19 12 19 19 19 19
split_gain=1.07243e-06 2.43327e-05 4.11536e-05 2.91253e-06 4.85973e-06 8.44186e-07 2.13687e-07
threshold=0.66167307692307709 0.78680769230769243 384.00000000000006 0.47441346153846159 0.52767307692307708 0.46442307692307699 0.55267307692307699
decision_type=2 2 2 2 2 2 2
left_child=3 2 -2 5 -5 -1 -6
right_child=1 -3 -4 4 6 -7 -8
leaf_value=0 0 0 4.1851458023302258e-05 -3.4186578816984557e-06 1.7954952264871665e-07 2.4451666301828013e-06 -8.0981740933479306e-07
leaf_weight=272 17 43 94 1571 2554 529 688
leaf_count=272 17 43 94 1571 2554 529 688
internal_value=0 4.15901e-06 2.38134e-05 0 -1.13696e-06 1.14874e-06 0
internal_weight=5768 154 111 5614 4813 801 3242
internal_count=5768 154 111 5614 4813 801 3242
is_linear=0
shrinkage=0.05


Tree=274
num_leaves=8
num_cat=0
split_feature=10 12 19 12 19 19 19
split_gain=1.20537e-06 1.63028e-05 9.21186e-06 1.83691e-05 3.65978e-07 2.58651e-06 7.78178e-07
threshold=24.000000000000004 756.00000000000011 0.65192307692307705 756.00000000000011 0.47441346153846159 0.53667307692307709 0.46442307692307699
decision_type=2 2 2 2 2 2 2
left_child=1 4 -2 -4 6 -6 -1
right_child=2 -3 3 -5 5 -7 -8
leaf_value=0 0 3.2377924842876373e-05 0 -2.3702804424424863e-05 -2.0365903186012951e-06 0 2.3231365507081992e-06
leaf_weight=272 740 39 37 125 1558 2468 529
leaf_count=272 740 39 37 125 1558 2468 529
internal_value=0 4.91596e-07 -1.42639e-06 -1.23514e-05 0 0 1.0681e-06
internal_weight=5768 4866 902 162 4827 4026 801
internal_count=5768 4866 902 162 4827 4026 801
is_linear=0
shrinkage=0.05


Tree=275
num_leaves=19
num_cat=0
split_feature=12 12 17 19 17 17 19 17 19 17 19 17 17 17 17 17 17 17
split_gain=1.22195e-06 8.87322e-05 2.71806e-05 5.0049e-05 3.97761e-05 7.42606e-05 2.29253e-06 1.02795e-05 3.85879e-05 0.00018607 2.7573e-06 3.46881e-05 4.63891e-06 2.19949e-06 3.72526e-05 2.11982e-05 1.81154e-07 1.26122e-07
threshold=1128.0000000000002 1756.0000000000002 7.8479119156778632 0.72430769230769243 8.2106037135369139 8.0497542698189957 0.53667307692307709 7.2226790386014175 0.51167307692307695 7.5545473360280555 0.4970384615384616 7.200356359288631 6.9599592149906035 7.200356359288631 7.6666386962426545 7.2226790386014175 7.6893425732886129 7.1783939000347887
decision_type=2 2 2 2 2 2 2 2 2 2 2 2 2 2 2 2 2 2
left_child=2 -2 6 4 5 -4 7 10 -9 -10 12 -12 -1 17 15 -15 -16 -8
right_child=1 -3 3 -5 -6 -7 13 8 9 -11 11 -13 -14 14 16 -17 -18 -19
leaf_value=1.4116431784350402e-06 0.00011501541276897221 0 -5.3443206801043395e-05 0 -0.00014454714288668973 0 7.4142451981097477e-07 0 -0.0001168724107231165 0 1.1270346282949132e-05 -2.9025533373392579e-06 -4.1880433690925651e-06 0 -1.8145976035476789e-08 3.9277435611367368e-05 8.4285329723236475e-07 -4.8615329877565813e-07
leaf_weight=124 15.999999999999998 23 64 21 12.999999999999998 118 122 353 42 361 722 210 646 58 1091 101 636 1047
leaf_count=124 16 23 64 21 13 118 122 353 42 361 722 210 646 58 1091 101 636 1047
internal_value=0 8.73909e-06 0 -1.76958e-05 -3.13858e-05 0 0 0 -5.8265e-06 -1.73896e-05 1.65176e-09 2.71814e-06 0 1.36947e-06 2.43952e-06 2.55394e-05 0 0
internal_weight=5768 39 5729 216 195 182 5513 2458 756 403 1702 932 770 3055 1886 159 1727 1169
internal_count=5768 39 5729 216 195 182 5513 2458 756 403 1702 932 770 3055 1886 159 1727 1169
is_linear=0
shrinkage=0.05


Tree=276
num_leaves=12
num_cat=0
split_feature=17 19 17 17 17 19 17 17 19 19 19
split_gain=9.23504e-07 3.33955e-06 5.76632e-05 4.76211e-05 1.27148e-06 3.92199e-06 6.55564e-05 1.07133e-05 1.91629e-07 2.12285e-06 2.44298e-08
threshold=7.115355359154643 0.66167307692307709 7.8479119156778632 8.0529439743463929 7.2133000484419894 0.53667307692307709 7.6503990045026331 7.2226790386014175 0.43079807692307698 0.48742307692307701 0.53667307692307709
decision_type=2 2 2 2 2 2 2 2 2 2 2
left_child=8 2 4 -3 -2 7 -7 -6 -1 -10 -11
right_child=1 3 -4 -5 5 6 -8 -9 9 10 -12
leaf_value=0 -1.1476036448892657e-06 4.2879409236113794e-05 -3.837496260815647e-05 0 4.9935929747598776e-06 6.8575677877241698e-05 0 -5.5022797897295682e-06 2.3230682049567482e-05 0 7.0465575786292088e-07
leaf_weight=228 2184 65 101 89 154 36 1792 756 13.999999999999998 227 122
leaf_count=228 2184 65 101 89 154 36 1792 756 14 227 122
internal_value=0 0 -1.09747e-06 3.85023e-06 0 3.31535e-07 2.35063e-06 0 1.97483e-06 2.76747e-06 0
internal_weight=5768 5177 5023 154 4922 2738 1828 910 591 363 349
internal_count=5768 5177 5023 154 4922 2738 1828 910 591 363 349
is_linear=0
shrinkage=0.05


Tree=277
num_leaves=12
num_cat=0
split_feature=17 19 17 17 17 17 19 17 19 19 19
split_gain=8.91308e-07 2.6504e-06 5.2171e-05 4.44131e-05 1.20814e-06 0.000239885 0.000158322 3.53287e-06 1.78771e-07 1.87275e-06 2.20666e-08
threshold=7.115355359154643 0.66167307692307709 7.8479119156778632 8.0497542698189957 7.6673031450585656 7.6831204213495203 0.46442307692307699 7.6419255179732621 0.43079807692307698 0.48742307692307701 0.53667307692307709
decision_type=2 2 2 2 2 2 2 2 2 2 2
left_child=8 2 4 -3 6 -6 -2 -8 -1 -10 -11
right_child=1 3 -4 -5 5 -7 7 -9 9 10 -12
leaf_value=0 -0.00011914795131555624 7.6908210390492479e-05 -3.6475028696883119e-05 0 0.00019381734775379298 0 1.250835833623289e-06 -1.9106966674406351e-06 2.2146595603165509e-05 0 6.6970773628057037e-07
leaf_weight=228 27 18 101 136 14.999999999999998 977 2599 1304 13.999999999999998 227 122
leaf_count=228 27 18 101 136 15 977 2599 1304 14 227 122
internal_value=0 0 -1.02478e-06 2.95114e-06 0 1.1575e-06 -6.55667e-07 0 1.9401e-06 2.71099e-06 0
internal_weight=5768 5177 5023 154 4922 992 3930 3903 591 363 349
internal_count=5768 5177 5023 154 4922 992 3930 3903 591 363 349
is_linear=0
shrinkage=0.05


Tree=278
num_leaves=15
num_cat=0
split_feature=17 12 12 17 19 17 17 17 19 17 17 19 19 19
split_gain=8.61165e-07 2.42954e-06 8.0037e-05 1.94023e-05 4.51997e-05 3.83203e-05 6.37651e-05 1.31329e-06 3.80658e-06 5.90615e-05 9.52117e-06 1.66853e-07 1.64655e-06 1.99322e-08
threshold=7.115355359154643 1128.0000000000002 1756.0000000000002 7.8479119156778632 0.72430769230769243 8.2106037135369139 8.0497542698189957 7.2133000484419894 0.53667307692307709 7.6503990045026331 7.2226790386014175 0.43079807692307698 0.48742307692307701 0.53667307692307709
decision_type=2 2 2 2 2 2 2 2 2 2 2 2 2 2
left_child=11 3 -3 7 5 6 -5 -2 10 -10 -9 -1 -13 -14
right_child=1 2 -4 4 -6 -7 -8 8 9 -11 -12 12 13 -15
leaf_value=0 -1.1472602116979778e-06 0.00010889828889904652 0 -4.9522778610340676e-05 0 -0.00013676673523150382 0 4.6833815924342586e-06 6.5259874068401946e-05 0 -5.1915939005960366e-06 2.1113081136718376e-05 0 6.3649458693325054e-07
leaf_weight=228 2184 15.999999999999998 23 64 21 12.999999999999998 118 154 36 1792 756 13.999999999999998 227 122
leaf_count=228 2184 16 23 64 21 13 118 154 36 1792 756 14 227 122
internal_value=0 0 6.13932e-06 -9.42624e-07 -1.56388e-05 -2.91085e-05 0 0 3.85628e-07 2.32933e-06 0 1.90701e-06 2.65717e-06 0
internal_weight=5768 5177 39 5138 216 195 182 4922 2738 1828 910 591 363 349
internal_count=5768 5177 39 5138 216 195 182 4922 2738 1828 910 591 363 349
is_linear=0
shrinkage=0.05


Tree=279
num_leaves=10
num_cat=0
split_feature=17 12 12 17 17 17 17 17 17
split_gain=8.66185e-07 2.89425e-05 2.13375e-06 2.36452e-05 8.29762e-05 5.35526e-06 0.000213419 2.03454e-06 9.27669e-08
threshold=8.6973007686733208 1128.0000000000002 756.00000000000011 7.8479119156778632 8.0497542698189957 7.6673031450585656 7.6831204213495203 7.115355359154643 7.6893425732886129
decision_type=2 2 2 2 2 2 2 2 2
left_child=1 2 5 -4 -5 7 -7 -1 -8
right_child=-2 -3 3 4 -6 6 8 -9 -10
leaf_value=1.8754838362616967e-06 -7.9495192798988214e-06 5.6363774018119207e-05 0 -8.8068949125174963e-05 0 0.00018495930300559848 0 -8.7507037773990457e-07 5.2701546780940688e-07
leaf_weight=591 22 22 37 34 62 14.999999999999998 229 3922 834
leaf_count=591 22 22 37 34 62 15 229 3922 834
internal_value=0 3.51976e-07 0 -6.0542e-06 -2.56914e-05 2.74983e-07 3.57768e-06 0 0
internal_weight=5768 5746 5724 133 96 5591 1078 4513 1063
internal_count=5768 5746 5724 133 96 5591 1078 4513 1063
is_linear=0
shrinkage=0.05


Tree=280
num_leaves=10
num_cat=0
split_feature=17 17 17 19 17 17 17 19 19
split_gain=8.24174e-07 2.72329e-05 5.28712e-05 0.000250265 5.556e-06 0.00019864 1.22709e-06 0.000142855 1.67198e-07
threshold=8.6973007686733208 7.8920499419587129 8.0434510209488543 0.63055769230769243 7.6831204213495203 7.6673031450585656 7.115355359154643 0.46442307692307699 0.43079807692307698
decision_type=2 2 2 2 2 2 2 2 2
left_child=1 4 3 -3 5 6 8 -8 -1
right_child=-2 2 -4 -5 -6 -7 7 -9 -10
leaf_value=0 -7.569321707073263e-06 0 0 0.00015827347256356118 -3.6684514081452941e-06 0.00017628933885134755 -0.00011312525536465858 0 2.5123887186694709e-06
leaf_weight=228 22 11.999999999999998 183 32 983 14.999999999999998 27 3903 363
leaf_count=228 22 12 183 32 983 15 27 3903 363
internal_value=0 3.59479e-07 1.73742e-05 6.68336e-05 0 3.77862e-07 0 -5.49766e-07 1.78186e-06
internal_weight=5768 5746 227 44 5519 4536 4521 3930 591
internal_count=5768 5746 227 44 5519 4536 4521 3930 591
is_linear=0
shrinkage=0.05


Tree=281
num_leaves=15
num_cat=0
split_feature=10 19 12 17 17 17 19 17 17 17 19 17 17 17
split_gain=8.01655e-07 1.73079e-05 1.04683e-05 6.30507e-06 7.71653e-07 5.71605e-06 7.38262e-07 1.59827e-05 0.000628539 1.11367e-05 4.7881e-05 9.32173e-06 5.37307e-06 7.08186e-05
threshold=24.000000000000004 0.61517307692307699 756.00000000000011 8.3911170456645259 8.3911170456645259 7.8920499419587129 0.47441346153846159 7.200356359288631 7.6318409637684832 7.6714616578013848 0.53667307692307709 7.1783939000347887 7.5545473360280555 7.200356359288631
decision_type=2 2 2 2 2 2 2 2 2 2 2 2 2 2
left_child=1 6 4 -4 5 -2 7 11 -9 12 -11 -1 13 -8
right_child=2 -3 3 -5 -6 -7 9 8 -10 10 -12 -13 -14 -15
leaf_value=0 0 6.3692915824834574e-05 -2.0043050391458958e-05 0 -3.0761850156033058e-06 1.2381334301261673e-05 7.9420899615869975e-07 0.00032793788270403941 0 -7.6822932064533238e-05 0 -1.0740948001863342e-05 3.2626633070785107e-06 -2.3928985408437515e-05
leaf_weight=240 653 9.9999999999999982 105 28 11.999999999999998 104 2213 13.999999999999998 346 24 264 201 1248 306
leaf_count=240 653 10 105 28 12 104 2213 14 346 24 264 201 1248 306
internal_value=0 5.27619e-07 -8.47938e-07 -1.41474e-05 0 1.54361e-06 0 1.51701e-06 1.07609e-05 0 -9.81519e-06 0 0 -2.33262e-07
internal_weight=5768 4866 902 133 769 757 4856 801 360 4055 288 441 3767 2519
internal_count=5768 4866 902 133 769 757 4856 801 360 4055 288 441 3767 2519
is_linear=0
shrinkage=0.05


Tree=282
num_leaves=14
num_cat=0
split_feature=11 19 13 17 17 17 17 17 17 17 19 19 19
split_gain=7.79163e-07 1.57164e-05 9.33857e-06 5.8175e-06 6.89895e-07 5.17143e-06 6.69368e-07 9.01384e-07 8.41761e-06 1.28761e-06 1.33903e-07 1.57702e-06 5.95597e-09
threshold=4.5000000000000009 0.61517307692307699 9.4828921423310444 8.3911170456645259 8.3911170456645259 7.8920499419587129 7.115355359154643 7.2133000484419894 7.6419255179732621 7.6673031450585656 0.43079807692307698 0.48742307692307701 0.53667307692307709
decision_type=2 2 2 2 2 2 2 2 2 2 2 2 2
left_child=1 6 4 -4 5 -2 10 -8 -9 -10 -1 -12 -13
right_child=2 -3 3 -5 -6 -7 7 8 9 -11 11 12 -14
leaf_value=0 0 6.0797778953036101e-05 -1.9050343225727667e-05 0 -2.9342111576205053e-06 1.1768151684442445e-05 -1.0155451993374857e-06 7.0700638279354205e-06 -1.5699693700120387e-06 0 1.9917726671944046e-05 0 3.4793152765378254e-07
leaf_weight=228 653 9.9999999999999982 105 28 11.999999999999998 104 2184 420 1305 356 13.999999999999998 227 122
leaf_count=228 653 10 105 28 12 104 2184 420 1305 356 14 227 122
internal_value=0 5.30366e-07 -8.00664e-07 -1.33621e-05 0 1.45867e-06 0 0 0 0 1.68129e-06 2.34882e-06 0
internal_weight=5768 4866 902 133 769 757 4856 4265 2081 1661 591 363 349
internal_count=5768 4866 902 133 769 757 4856 4265 2081 1661 591 363 349
is_linear=0
shrinkage=0.05


Tree=283
num_leaves=12
num_cat=0
split_feature=17 13 13 17 17 17 17 17 19 19 17
split_gain=7.70833e-07 2.57401e-05 1.09816e-06 2.02374e-05 8.0192e-05 4.44748e-06 0.000177539 1.61265e-06 0.000136676 1.25433e-07 4.83177e-08
threshold=8.6973007686733208 10.130202516776858 9.4828921423310444 7.8479119156778632 8.0497542698189957 7.6673031450585656 7.6831204213495203 7.115355359154643 0.46442307692307699 0.43079807692307698 7.6893425732886129
decision_type=2 2 2 2 2 2 2 2 2 2 2
left_child=1 2 5 -4 -5 7 -7 9 -9 -1 -8
right_child=-2 -3 3 4 -6 6 10 8 -10 -11 -12
leaf_value=0 -7.1419911767841879e-06 5.3203568753340958e-05 0 -8.5097697330638764e-05 0 0.00016869498824235052 0 -0.00011085724541252212 0 2.3046882971347265e-06 3.8034680092422827e-07
leaf_weight=228 22 22 37 34 62 14.999999999999998 229 27 3895 363 834
leaf_count=228 22 22 37 34 62 15 229 27 3895 363 834
internal_value=0 3.62189e-07 0 -4.21734e-06 -2.33699e-05 2.5446e-07 3.26193e-06 0 -7.84078e-07 1.65415e-06 0
internal_weight=5768 5746 5724 133 96 5591 1078 4513 3922 591 1063
internal_count=5768 5746 5724 133 96 5591 1078 4513 3922 591 1063
is_linear=0
shrinkage=0.05


Tree=284
num_leaves=13
num_cat=0
split_feature=10 12 12 17 17 17 17 17 17 17 17 17
split_gain=7.44031e-07 1.51392e-05 7.72071e-06 4.77174e-06 7.91872e-07 1.91387e-06 6.07367e-06 1.39879e-06 7.75604e-07 5.88161e-07 4.68598e-06 4.80536e-07
threshold=24.000000000000004 756.00000000000011 756.00000000000011 8.3911170456645259 7.6714616578013848 7.2133000484419894 7.6419255179732621 7.115355359154643 7.6893425732886129 8.3911170456645259 7.8920499419587129 7.9877857129513661
decision_type=2 2 2 2 2 2 2 2 2 2 2 2
left_child=1 4 9 -4 5 7 -7 -1 -6 10 -2 -3
right_child=2 11 3 -5 8 6 -8 -9 -10 -11 -12 -13
leaf_value=1.5834919252705038e-06 0 0 -1.7289037449408388e-05 0 -3.5789478499594304e-06 7.0333806548993201e-06 0 -9.5973292352883167e-07 0 -2.6716784878562065e-06 1.1166513864217058e-05 6.0645020355216454e-05
leaf_weight=591 653 29 105 28 238 420 1310 2184 84 11.999999999999998 104 9.9999999999999982
leaf_count=591 653 29 105 28 238 420 1310 2184 84 12 104 10
internal_value=0 5.37604e-07 -7.08613e-07 -1.21419e-05 0 4.36203e-07 1.80539e-06 0 -1.86404e-06 0 1.34812e-06 3.13268e-05
internal_weight=5768 4866 902 133 4827 4505 1730 2775 322 769 757 39
internal_count=5768 4866 902 133 4827 4505 1730 2775 322 769 757 39
is_linear=0
shrinkage=0.05


Tree=285
num_leaves=17
num_cat=0
split_feature=19 17 17 13 19 17 19 17 19 17 17 17 17 17 17 17
split_gain=9.4323e-07 5.22015e-05 5.07685e-05 1.87278e-05 2.21332e-06 8.24215e-06 3.90419e-05 0.000162084 2.36296e-06 3.2245e-05 4.21769e-06 1.92214e-06 3.11827e-05 1.54472e-05 2.25493e-07 4.04383e-08
threshold=0.66167307692307709 7.8479119156778632 8.0529439743463929 1.0000000180025095e-35 0.53667307692307709 7.2226790386014175 0.51167307692307695 7.5545473360280555 0.4970384615384616 7.200356359288631 6.9599592149906035 7.200356359288631 7.6666386962426545 7.2226790386014175 7.6893425732886129 7.1783939000347887
decision_type=2 2 2 2 2 2 2 2 2 2 2 2 2 2 2 2
left_child=1 4 -2 -3 5 8 -7 -8 10 -10 -1 15 13 -13 -14 -6
right_child=2 3 -4 -5 11 6 7 -9 9 -11 -12 12 14 -15 -16 -17
leaf_value=5.8907172293402039e-07 4.4258067033352382e-05 0 0 -6.1423384573340334e-05 1.3784843788489596e-07 0 -0.00011032944729248451 0 1.0862361541839722e-05 -2.3971790319829461e-06 -4.0286544377885325e-06 0 0 3.5273912008943076e-05 9.4073438604641524e-07 -3.0697754385191497e-07
leaf_weight=124 65 55 89 46 122 353 42 361 722 210 646 58 1091 101 636 1047
leaf_count=124 65 55 89 46 122 353 42 361 722 210 646 58 1091 101 636 1047
internal_value=0 0 3.90044e-06 -3.57694e-05 0 0 -5.21726e-06 -1.71055e-05 0 2.51627e-06 0 1.3456e-06 2.3407e-06 2.34914e-05 0 0
internal_weight=5768 5614 154 101 5513 2458 756 403 1702 932 770 3055 1886 159 1727 1169
internal_count=5768 5614 154 101 5513 2458 756 403 1702 932 770 3055 1886 159 1727 1169
is_linear=0
shrinkage=0.05


Tree=286
num_leaves=18
num_cat=0
split_feature=19 17 17 17 19 17 17 17 17 17 17 17 17 19 17 17 17
split_gain=8.10826e-07 1.48362e-05 0.000577033 7.84412e-06 6.98788e-06 0.000102615 0.000168013 5.4567e-05 2.686e-05 6.0384e-06 4.39711e-06 2.05511e-05 4.53504e-05 0.000237146 4.37566e-06 2.79982e-06 1.6135e-06
threshold=0.47441346153846159 7.200356359288631 7.6318409637684832 7.1783939000347887 0.52767307692307708 7.200356359288631 7.2133000484419894 7.6714616578013848 7.1459464135563868 6.9599592149906035 8.6973007686733208 7.8920499419587129 8.0434510209488543 0.63055769230769243 7.784864722929397 7.200356359288631 7.2226790386014175
decision_type=2 2 2 2 2 2 2 2 2 2 2 2 2 2 2 2 2
left_child=1 3 -3 -1 5 8 -7 16 9 -2 11 14 13 -13 15 -6 -8
right_child=4 2 -4 -5 10 6 7 -9 -10 -11 -12 12 -14 -15 -16 -17 -18
leaf_value=0 0 0.00031429274659603833 0 -9.8529559016080176e-06 0 -0.00011002367917905775 5.1013920606384345e-06 -7.4142087437212455e-05 9.8005662864909095e-06 -8.022168639629954e-06 -6.7713710418699761e-06 0 0 0.00015252335293387825 -2.7660483454034052e-06 3.121254525483883e-06 0
leaf_weight=240 80 13.999999999999998 346 201 1169 56 154 24 724 240 22 11.999999999999998 183 32 645 1333 293
leaf_count=240 80 14 346 201 1169 56 154 24 724 240 22 12 183 32 645 1333 293
internal_value=0 1.58982e-06 1.04095e-05 0 0 -3.32081e-06 -2.26541e-05 -1.46188e-06 1.66607e-06 -1.13512e-06 1.98606e-07 1.72753e-06 1.6417e-05 6.23299e-05 0 1.54782e-06 0
internal_weight=5768 801 360 441 4967 1571 527 471 1044 320 3396 3374 227 44 3147 2502 447
internal_count=5768 801 360 441 4967 1571 527 471 1044 320 3396 3374 227 44 3147 2502 447
is_linear=0
shrinkage=0.05


Tree=287
num_leaves=12
num_cat=0
split_feature=17 19 17 17 17 17 19 19 19 19 19
split_gain=6.9663e-07 2.6112e-06 5.26082e-05 4.70951e-05 1.1267e-06 4.07618e-06 2.18539e-05 7.85269e-06 1.06305e-07 1.33556e-06 8.44485e-10
threshold=7.115355359154643 0.66167307692307709 7.8479119156778632 8.0497542698189957 7.2133000484419894 7.6419255179732621 0.46442307692307699 0.52767307692307708 0.43079807692307698 0.48742307692307701 0.53667307692307709
decision_type=2 2 2 2 2 2 2 2 2 2 2
left_child=8 2 4 -3 -2 6 -6 -7 -1 -10 -11
right_child=1 3 -4 -5 5 7 -8 -9 9 10 -12
leaf_value=0 -1.0668898653452128e-06 7.9159182128741537e-05 -3.6612553984584749e-05 0 0 -6.7788210393805185e-06 1.2484917683976938e-05 7.9672704306033657e-07 1.8878962262533589e-05 0 1.3101268162178332e-07
leaf_weight=228 2184 18 101 136 24 400 417 1897 13.999999999999998 227 122
leaf_count=228 2184 18 101 136 24 400 417 1897 14 227 122
internal_value=0 0 -1.01819e-06 2.91773e-06 0 3.4693e-07 4.87864e-06 0 1.71518e-06 2.34833e-06 0
internal_weight=5768 5177 5023 154 4922 2738 441 2297 591 363 349
internal_count=5768 5177 5023 154 4922 2738 441 2297 591 363 349
is_linear=0
shrinkage=0.05


Tree=288
num_leaves=18
num_cat=0
split_feature=19 17 17 19 17 17 17 17 17 17 17 17 17 17 19 17 17
split_gain=7.96107e-07 1.39479e-05 0.0005237 7.1674e-06 9.96612e-05 0.000144012 5.39366e-05 0.000138164 2.46297e-05 7.00289e-06 5.49573e-06 3.99446e-06 1.90621e-05 3.87612e-05 0.000222032 3.96022e-06 2.41127e-06
threshold=0.47441346153846159 7.200356359288631 7.6318409637684832 0.52767307692307708 7.200356359288631 7.2133000484419894 7.2226790386014175 7.5545473360280555 7.1459464135563868 7.1783939000347887 6.9599592149906035 8.6973007686733208 7.8920499419587129 8.0434510209488543 0.63055769230769243 7.784864722929397 7.200356359288631
decision_type=2 2 2 2 2 2 2 2 2 2 2 2 2 2 2 2 2
left_child=1 9 -3 4 8 -6 -7 -8 10 -1 -2 12 15 14 -14 16 -5
right_child=3 2 -4 11 5 6 7 -9 -10 -11 -12 -13 13 -15 -16 -17 -18
leaf_value=0 0 0.00029956740358223516 0 0 -0.00010456661947006196 4.2277453166823213e-06 -0.00010555098981185015 0 9.3645041808485993e-06 -9.3096446725401538e-06 -7.6104093853121474e-06 -6.2883393231617249e-06 0 0 0.00014655260933619556 -2.6504668888661882e-06 2.9221008927247178e-06
leaf_weight=240 80 13.999999999999998 346 1169 56 154 42 275 724 201 240 22 11.999999999999998 183 32 645 1333
leaf_count=240 80 14 346 1169 56 154 42 275 724 201 240 22 12 183 32 645 1333
internal_value=0 1.57532e-06 1.01047e-05 0 -3.37162e-06 -2.23945e-05 -1.83055e-06 -2.0501e-05 1.4585e-06 0 -8.25975e-07 1.19172e-07 1.64428e-06 1.57809e-05 5.84396e-05 0 1.46369e-06
internal_weight=5768 801 360 4967 1571 527 471 317 1044 441 320 3396 3374 227 44 3147 2502
internal_count=5768 801 360 4967 1571 527 471 317 1044 441 320 3396 3374 227 44 3147 2502
is_linear=0
shrinkage=0.05


Tree=289
num_leaves=17
num_cat=0
split_feature=17 7 7 12 17 17 17 17 17 17 17 17 17 17 17 17
split_gain=7.56428e-07 1.20887e-05 6.37489e-06 5.46988e-05 0.000100378 0.000137898 7.49456e-05 3.79047e-05 0.000208556 2.68699e-05 1.28215e-05 0.000631416 1.10311e-06 8.32906e-07 6.07124e-07 1.43632e-07
threshold=7.115355359154643 10.500000000000002 10.500000000000002 384.00000000000006 7.6419255179732621 7.1459464135563868 8.2106037135369139 7.200356359288631 7.2133000484419894 7.6318409637684832 7.6455694296173329 7.200356359288631 7.2226790386014175 7.6893425732886129 7.1783939000347887 7.6666386962426545
decision_type=2 2 2 2 2 2 2 2 2 2 2 2 2 2 2 2
left_child=1 -1 3 4 5 -2 -6 -5 -9 -7 11 14 -10 15 -4 -12
right_child=2 -3 10 7 6 9 -8 8 12 -11 13 -13 -14 -15 -16 -17
leaf_value=2.9460371777138391e-05 0 0 0 8.6711585654744075e-06 4.0792809858389977e-05 -0.00018830400628402181 -6.6806359134395315e-05 -9.9429999265754425e-05 4.017722162027511e-06 0 0 0.00012946595360214511 -7.291781416531875e-07 0 -1.3160194272553337e-06 -1.6553932380634532e-06
leaf_weight=36 91 555 23 699 66 22 15.999999999999998 56 154 19 267 95 480 739 1246 1204
leaf_count=36 91 555 23 699 66 22 16 56 154 19 267 95 480 739 1246 1204
internal_value=0 1.78728e-06 0 -3.15154e-06 -2.66483e-05 -5.50887e-05 0 0 -7.80825e-06 -0.000133485 4.09292e-08 4.78085e-06 0 -6.23941e-07 -7.10926e-07 -1.41398e-06
internal_weight=5768 591 5177 1603 214 132 82 1389 690 41 3574 1364 634 2210 1269 1471
internal_count=5768 591 5177 1603 214 132 82 1389 690 41 3574 1364 634 2210 1269 1471
is_linear=0
shrinkage=0.05


Tree=290
num_leaves=12
num_cat=0
split_feature=17 19 17 17 17 17 19 17 19 19 19
split_gain=6.87502e-07 2.95715e-06 5.58049e-05 4.30626e-05 1.32698e-06 0.000165657 0.000132003 3.71956e-06 1.70942e-07 8.74121e-07 7.62768e-10
threshold=7.115355359154643 0.66167307692307709 7.8479119156778632 8.0529439743463929 7.6673031450585656 7.6831204213495203 0.46442307692307699 7.6419255179732621 0.43079807692307698 0.48742307692307701 0.53667307692307709
decision_type=2 2 2 2 2 2 2 2 2 2 2
left_child=8 2 4 -3 6 -6 -2 -8 -1 -10 -11
right_child=1 3 -4 -5 5 -7 7 -9 9 10 -12
leaf_value=0 -0.00010891154375193373 4.0582032410329146e-05 -3.7817772134958965e-05 0 0.00016111691831611097 0 1.1342682786142596e-06 -2.1359614726384366e-06 1.6968466341495497e-05 0 1.245127078448589e-07
leaf_weight=228 27 65 101 89 14.999999999999998 977 2599 1304 13.999999999999998 227 122
leaf_count=228 27 65 101 89 15 977 2599 1304 14 227 122
internal_value=0 -4.90971e-08 -1.1257e-06 2.58898e-06 0 1.09743e-06 -7.34636e-07 0 1.69771e-06 2.42108e-06 0
internal_weight=5768 5177 5023 154 4922 992 3930 3903 591 363 349
internal_count=5768 5177 5023 154 4922 992 3930 3903 591 363 349
is_linear=0
shrinkage=0.05


Tree=291
num_leaves=18
num_cat=0
split_feature=19 17 17 19 17 17 17 17 17 17 17 17 12 12 17 17 17
split_gain=7.48965e-07 1.31287e-05 0.000479052 6.61239e-06 8.61674e-05 0.000111959 5.05653e-05 4.92931e-05 2.03975e-05 6.10222e-06 5.04023e-06 3.00701e-06 1.9112e-05 3.80925e-06 2.16344e-05 2.3237e-06 2.08105e-06
threshold=0.47441346153846159 7.200356359288631 7.6318409637684832 0.52767307692307708 7.200356359288631 7.2133000484419894 7.6419255179732621 7.6673031450585656 7.1459464135563868 7.1783939000347887 6.9599592149906035 8.6973007686733208 1128.0000000000002 756.00000000000011 7.8479119156778632 7.2226790386014175 7.5545473360280555
decision_type=2 2 2 2 2 2 2 2 2 2 2 2 2 2 2 2 2
left_child=1 9 -3 4 8 -6 16 -8 10 -1 -2 12 13 15 -15 -5 -7
right_child=3 2 -4 11 5 6 7 -9 -10 -11 -12 -13 -14 14 -16 -17 -18
leaf_value=0 0 0.00028662315756082535 0 0 -9.4601447906410486e-05 0 -7.4618168589141639e-05 0 8.4482484786161052e-06 -8.6903674896843348e-06 -7.2599256496211791e-06 -5.2137069566094241e-06 4.8755126974909838e-05 0 -2.4373278840320166e-05 2.4327174698265375e-06 5.0624755894756078e-06
leaf_weight=240 80 13.999999999999998 346 1227 56 196 44 29 724 201 240 22 22 37 96 1992 202
leaf_count=240 80 14 346 1227 56 196 44 29 724 201 240 22 22 37 96 1992 202
internal_value=0 1.5148e-06 9.79882e-06 -8.04259e-08 -3.24597e-06 -2.09223e-05 -1.38706e-06 -4.14796e-05 9.03645e-07 0 -5.6284e-07 0 1.42905e-06 0 -5.13807e-06 1.3634e-06 0
internal_weight=5768 801 360 4967 1571 527 471 73 1044 441 320 3396 3374 3352 133 3219 398
internal_count=5768 801 360 4967 1571 527 471 73 1044 441 320 3396 3374 3352 133 3219 398
is_linear=0
shrinkage=0.05


Tree=292
num_leaves=8
num_cat=0
split_feature=19 19 10 19 19 19 19
split_gain=6.18975e-07 6.20452e-06 2.07652e-06 1.32893e-05 8.44465e-06 7.7336e-06 1.01652e-06
threshold=0.47441346153846159 0.52767307692307708 24.000000000000004 0.61517307692307699 0.65192307692307705 0.91180769230769243 0.46442307692307699
decision_type=2 2 2 2 2 2 2
left_child=6 -2 3 -3 -4 -6 -1
right_child=1 2 4 -5 5 -7 -8
leaf_value=0 -3.1446993738700493e-06 0 0 5.9095053531398805e-05 -1.6475653079738401e-05 0 2.7658030155163152e-06
leaf_weight=272 1571 2497 727 9.9999999999999982 148 13.999999999999998 529
leaf_count=272 1571 2497 727 10 148 14 529
internal_value=0 -8.32372e-08 0 1.43871e-06 0 -1.13807e-05 1.37352e-06
internal_weight=5768 4967 3396 2507 889 162 801
internal_count=5768 4967 3396 2507 889 162 801
is_linear=0
shrinkage=0.05


Tree=293
num_leaves=3
num_cat=0
split_feature=10 10
split_gain=3.18826e-07 7.83211e-08
threshold=24.000000000000004 48.000000000000007
decision_type=2 2
left_child=-1 -2
right_child=1 -3
leaf_value=3.0875590955644808e-07 -7.9255416848853813e-07 0
leaf_weight=4866 841 61
leaf_count=4866 841 61
internal_value=0 -6.0735e-07
internal_weight=5768 902
internal_count=5768 902
is_linear=0
shrinkage=0.05


Tree=294
num_leaves=12
num_cat=0
split_feature=17 19 17 17 17 17 19 19 19 19 19
split_gain=7.80296e-07 2.94291e-06 5.02183e-05 4.26421e-05 1.34114e-06 3.78494e-06 2.09967e-05 6.70123e-06 2.19713e-07 5.80972e-07 5.22244e-10
threshold=7.115355359154643 0.66167307692307709 7.8479119156778632 8.0529439743463929 7.2133000484419894 7.6419255179732621 0.46442307692307699 0.52767307692307708 0.43079807692307698 0.48742307692307701 0.53667307692307709
decision_type=2 2 2 2 2 2 2 2 2 2 2
left_child=8 2 4 -3 -2 6 -6 -7 -1 -10 -11
right_child=1 3 -4 -5 5 7 -8 -9 9 10 -12
leaf_value=0 -1.204008493333782e-06 4.0407226382133858e-05 -3.5940064548163253e-05 0 0 -6.320035646328739e-06 1.219258338166178e-05 6.2271399564306988e-07 1.6222328917744242e-05 0 1.0302771598373021e-07
leaf_weight=228 2184 65 101 89 24 400 417 1897 13.999999999999998 227 122
leaf_count=228 2184 65 101 89 24 400 417 1897 14 227 122
internal_value=0 -3.10546e-08 -1.11148e-06 2.73065e-06 0 2.60166e-07 4.67199e-06 0 1.81294e-06 2.61811e-06 0
internal_weight=5768 5177 5023 154 4922 2738 441 2297 591 363 349
internal_count=5768 5177 5023 154 4922 2738 441 2297 591 363 349
is_linear=0
shrinkage=0.05


Tree=295
num_leaves=10
num_cat=0
split_feature=17 17 17 11 17 17 17 17 17
split_gain=7.63145e-07 1.1414e-06 2.96743e-06 2.11905e-06 1.44019e-06 5.68366e-05 2.66255e-06 0.00015302 1.53383e-07
threshold=7.115355359154643 7.2133000484419894 7.6419255179732621 4.5000000000000009 7.8920499419587129 8.0434510209488543 7.6831204213495203 7.6673031450585656 8.6973007686733208
decision_type=2 2 2 2 2 2 2 2 2
left_child=-1 -2 3 -3 6 -6 7 -4 -7
right_child=1 2 4 -5 5 8 -8 -9 -10
leaf_value=1.7926922287556772e-06 -1.1438483796434079e-06 5.4958848959618111e-06 -1.6582456756465901e-06 0 5.6192418930651101e-05 0 -3.2285645241104729e-06 0.00015389907232020049 -4.0831494919510198e-06
leaf_weight=591 2184 420 1305 21 44 183 983 14.999999999999998 22
leaf_count=591 2184 420 1305 21 44 183 983 15 22
internal_value=0 -3.20718e-08 0 4.09684e-06 0 0 -1.25008e-06 0 0
internal_weight=5768 5177 2993 441 2552 249 2303 1320 205
internal_count=5768 5177 2993 441 2552 249 2303 1320 205
is_linear=0
shrinkage=0.05


Tree=296
num_leaves=12
num_cat=0
split_feature=17 19 17 17 17 17 19 19 19 19 19
split_gain=6.88108e-07 2.55059e-06 4.85181e-05 3.88801e-05 1.10507e-06 0.000137363 0.000126072 3.62231e-06 2.20019e-07 5.12633e-07 3.99345e-12
threshold=7.115355359154643 0.66167307692307709 7.8479119156778632 8.0497542698189957 7.6673031450585656 7.6831204213495203 0.46442307692307699 0.47441346153846159 0.43079807692307698 0.48742307692307701 0.53667307692307709
decision_type=2 2 2 2 2 2 2 2 2 2 2
left_child=8 2 4 -3 6 -6 -2 -8 -1 -10 -11
right_child=1 3 -4 -5 5 -7 7 -9 9 10 -12
leaf_value=0 -0.00010641634929925203 7.1724719539480766e-05 -3.5304082703434832e-05 0 0.00014668507676105945 0 4.1657848906667776e-06 -5.0190133935162297e-07 1.5381640133758369e-05 0 9.0093060389017398e-09
leaf_weight=228 27 18 101 136 14.999999999999998 977 471 3432 13.999999999999998 227 122
leaf_count=228 27 18 101 136 15 977 471 3432 14 227 122
internal_value=0 -2.39745e-08 -1.07773e-06 1.87348e-06 0 9.29427e-07 -6.96117e-07 0 1.70318e-06 2.49579e-06 0
internal_weight=5768 5177 5023 154 4922 992 3930 3903 591 363 349
internal_count=5768 5177 5023 154 4922 992 3930 3903 591 363 349
is_linear=0
shrinkage=0.05


Tree=297
num_leaves=12
num_cat=0
split_feature=17 19 17 17 17 17 19 19 19 19 19
split_gain=6.72252e-07 2.29662e-06 4.37765e-05 3.67054e-05 1.06376e-06 2.99427e-06 1.84906e-05 7.28232e-06 2.13206e-07 4.04709e-07 3.60886e-12
threshold=7.115355359154643 0.66167307692307709 7.8479119156778632 8.0529439743463929 7.2133000484419894 7.6419255179732621 0.46442307692307699 0.52767307692307708 0.43079807692307698 0.48742307692307701 0.53667307692307709
decision_type=2 2 2 2 2 2 2 2 2 2 2
left_child=8 2 4 -3 -2 6 -6 -7 -1 -10 -11
right_child=1 3 -4 -5 5 7 -8 -9 9 10 -12
leaf_value=0 -1.0787654802356622e-06 3.7354258070770424e-05 -3.3556183642954856e-05 0 0 -6.5550295410485022e-06 1.1348009424765358e-05 7.1690126542527968e-07 1.4663828110011897e-05 0 8.5645143275800478e-09
leaf_weight=228 2184 65 101 89 24 400 417 1897 13.999999999999998 227 122
leaf_count=228 2184 65 101 89 24 400 417 1897 14 227 122
internal_value=0 0 -1.03794e-06 1.45702e-06 0 2.06353e-07 4.14726e-06 0 1.6849e-06 2.46606e-06 0
internal_weight=5768 5177 5023 154 4922 2738 441 2297 591 363 349
internal_count=5768 5177 5023 154 4922 2738 441 2297 591 363 349
is_linear=0
shrinkage=0.05


Tree=298
num_leaves=18
num_cat=0
split_feature=19 17 17 19 17 17 17 17 17 17 17 17 17 17 19 17 17
split_gain=7.09356e-07 1.29074e-05 0.000438796 6.88624e-06 8.87338e-05 8.89304e-05 5.23114e-05 0.000114718 1.99027e-05 5.68991e-06 4.39838e-06 3.18515e-06 1.85126e-05 3.57111e-05 0.000211313 3.11456e-06 2.08543e-06
threshold=0.47441346153846159 7.200356359288631 7.6318409637684832 0.52767307692307708 7.200356359288631 7.2133000484419894 7.2226790386014175 7.5545473360280555 7.1459464135563868 7.1783939000347887 6.9599592149906035 8.6973007686733208 7.8920499419587129 8.0434510209488543 0.63055769230769243 7.784864722929397 7.2226790386014175
decision_type=2 2 2 2 2 2 2 2 2 2 2 2 2 2 2 2 2
left_child=1 9 -3 4 8 -6 -7 -8 10 -1 -2 12 15 14 -14 16 -5
right_child=3 2 -4 11 5 6 7 -9 -10 -11 -12 -13 13 -15 -16 -17 -18
leaf_value=0 0 0.00027459344392021499 0 0 -8.9622061503560915e-05 2.4851476473193e-06 -9.8735863061318561e-05 0 8.3641791459301425e-06 -8.3916407023178465e-06 -6.7576701478468423e-06 -3.5884689018332642e-06 0 0 0.00014264912175183947 -2.4319219550019813e-06 2.6821359031509642e-06
leaf_weight=240 80 13.999999999999998 346 1227 56 154 42 275 724 201 240 22 11.999999999999998 183 32 645 1275
leaf_count=240 80 14 346 1227 56 154 42 275 724 201 240 22 12 183 32 645 1275
internal_value=0 1.48366e-06 9.70963e-06 -4.00944e-08 -3.31006e-06 -2.12348e-05 -2.33799e-06 -2.04048e-05 9.65146e-07 0 -1.72748e-07 1.2429e-09 1.50719e-06 1.53823e-05 5.64163e-05 0 1.25873e-06
internal_weight=5768 801 360 4967 1571 527 471 317 1044 441 320 3396 3374 227 44 3147 2502
internal_count=5768 801 360 4967 1571 527 471 317 1044 441 320 3396 3374 227 44 3147 2502
is_linear=0
shrinkage=0.05


Tree=299
num_leaves=12
num_cat=0
split_feature=17 19 17 17 17 17 19 19 19 19 19
split_gain=7.32275e-07 2.29472e-06 4.48377e-05 3.28896e-05 1.05464e-06 0.0001253 0.000119661 3.49725e-06 2.38899e-07 2.13944e-07 3.25954e-12
threshold=7.115355359154643 0.66167307692307709 7.8479119156778632 8.0497542698189957 7.6673031450585656 7.6831204213495203 0.46442307692307699 0.47441346153846159 0.43079807692307698 0.48742307692307701 0.53667307692307709
decision_type=2 2 2 2 2 2 2 2 2 2 2
left_child=8 2 4 -3 6 -6 -2 -8 -1 -10 -11
right_child=1 3 -4 -5 5 -7 7 -9 9 10 -12
leaf_value=0 -0.00010369174930799221 6.580705117238194e-05 -3.3981932313455379e-05 0 0.00014008535537868736 0 4.0768265602833955e-06 -5.1151562739568385e-07 1.4024564802336178e-05 0 8.1394564330070699e-09
leaf_weight=228 27 18 101 136 14.999999999999998 977 471 3432 13.999999999999998 227 122
leaf_count=228 27 18 101 136 15 977 471 3432 14 227 122
internal_value=0 -4.90687e-08 -1.06446e-06 6.04903e-07 0 8.59476e-07 -6.95787e-07 0 1.75252e-06 2.57602e-06 0
internal_weight=5768 5177 5023 154 4922 992 3930 3903 591 363 349
internal_count=5768 5177 5023 154 4922 992 3930 3903 591 363 349
is_linear=0
shrinkage=0.05


Tree=300
num_leaves=13
num_cat=0
split_feature=17 19 17 17 17 17 17 19 19 19 19 19
split_gain=7.14542e-07 2.11333e-06 4.04536e-05 3.12401e-05 1.01451e-06 9.52581e-07 2.97759e-06 1.79185e-05 7.28089e-06 2.32439e-07 1.26595e-07 2.94488e-12
threshold=7.115355359154643 0.66167307692307709 7.8479119156778632 8.0529439743463929 8.0529439743463929 7.2133000484419894 7.6419255179732621 0.46442307692307699 0.52767307692307708 0.43079807692307698 0.48742307692307701 0.53667307692307709
decision_type=2 2 2 2 2 2 2 2 2 2 2 2
left_child=9 2 5 -3 -4 -2 7 -7 -8 -1 -11 -12
right_child=1 3 4 -5 -6 6 8 -9 -10 10 11 -13
leaf_value=0 -1.031218106204162e-06 3.4401339820981248e-05 -4.4107922250467316e-05 0 0 0 -6.5906065406000225e-06 1.11854974231705e-05 6.4284825249544643e-07 1.3370085624046606e-05 0 7.7366168285144761e-09
leaf_weight=228 2184 65 55 89 46 24 400 417 1897 13.999999999999998 227 122
leaf_count=228 2184 65 55 89 46 24 400 417 1897 14 227 122
internal_value=0 -2.22079e-08 -1.02499e-06 2.22795e-07 -3.22995e-05 0 1.45394e-07 4.11978e-06 0 1.73585e-06 2.54892e-06 0
internal_weight=5768 5177 5023 154 101 4922 2738 441 2297 591 363 349
internal_count=5768 5177 5023 154 101 4922 2738 441 2297 591 363 349
is_linear=0
shrinkage=0.05


Tree=301
num_leaves=19
num_cat=0
split_feature=19 17 17 19 17 17 17 17 17 17 17 17 17 19 17 17 17 17
split_gain=7.08572e-07 1.25042e-05 0.000402866 6.77906e-06 8.53503e-05 7.45623e-05 5.161e-05 1.83951e-05 5.26509e-06 3.95278e-06 2.96497e-06 1.71048e-05 3.40159e-05 0.000200972 3.08127e-06 3.62267e-05 9.32474e-07 2.07957e-07
threshold=0.47441346153846159 7.200356359288631 7.6318409637684832 0.52767307692307708 7.200356359288631 7.2133000484419894 7.6714616578013848 7.1459464135563868 7.1783939000347887 6.9599592149906035 8.6973007686733208 7.8920499419587129 8.0434510209488543 0.63055769230769243 7.6666386962426545 7.2226790386014175 7.784864722929397 7.2226790386014175
decision_type=2 2 2 2 2 2 2 2 2 2 2 2 2 2 2 2 2 2
left_child=1 8 -3 4 7 -6 17 9 -1 -2 11 14 13 -13 15 -5 -16 -7
right_child=3 2 -4 10 5 6 -8 -9 -10 -11 -12 12 -14 -15 16 -17 -18 -19
leaf_value=0 0 0.00026333449129015206 0 0 -8.5143788734026125e-05 1.8314338559585216e-06 -7.2627530619502067e-05 8.0236166715621958e-06 -8.0723024093278563e-06 -6.403431172687482e-06 -3.2691002327381796e-06 0 0 0.00013897867224207429 0 3.0864365604322622e-05 -2.3059549542495705e-06 0
leaf_weight=240 80 13.999999999999998 346 1227 56 154 24 724 201 240 22 11.999999999999998 183 32 1174 101 645 293
leaf_count=240 80 14 346 1227 56 154 24 724 201 240 22 12 183 32 1174 101 645 293
internal_value=0 1.47742e-06 9.5626e-06 -6.47869e-08 -3.28546e-06 -2.08556e-05 -2.45462e-06 8.10566e-07 0 0 0 1.4572e-06 1.47981e-05 5.47659e-05 0 2.22836e-06 -7.78796e-07 0
internal_weight=5768 801 360 4967 1571 527 471 1044 441 320 3396 3374 227 44 3147 1328 1819 447
internal_count=5768 801 360 4967 1571 527 471 1044 441 320 3396 3374 227 44 3147 1328 1819 447
is_linear=0
shrinkage=0.05


Tree=302
num_leaves=11
num_cat=0
split_feature=17 19 17 17 17 17 17 19 19 19
split_gain=7.87681e-07 2.31952e-06 4.24806e-05 2.78795e-05 1.86421e-06 1.21991e-06 0.00011542 0.000113364 3.48537e-06 2.57972e-07
threshold=7.115355359154643 0.66167307692307709 7.8479119156778632 8.0529439743463929 8.0529439743463929 7.6673031450585656 7.6831204213495203 0.46442307692307699 0.47441346153846159 0.43079807692307698
decision_type=2 2 2 2 2 2 2 2 2 2
left_child=9 2 5 -3 -4 7 -7 -2 -9 -1
right_child=1 3 4 -5 -6 6 -8 8 -10 -11
leaf_value=0 -0.00010099925333634019 3.2496781495865432e-05 -4.5652195596111203e-05 0 0 0.00013448607525788246 0 3.9962645678315306e-06 -5.85164582007395e-07 2.654134625297776e-06
leaf_weight=228 27 65 55 89 46 14.999999999999998 977 471 3432 363
leaf_count=228 27 65 55 89 46 15 977 471 3432 363
internal_value=0 -9.82259e-08 -1.07896e-06 0 -3.31441e-05 0 9.17016e-07 -7.50601e-07 0 1.80055e-06
internal_weight=5768 5177 5023 154 101 4922 992 3930 3903 591
internal_count=5768 5177 5023 154 101 4922 992 3930 3903 591
is_linear=0
shrinkage=0.05


Tree=303
num_leaves=9
num_cat=0
split_feature=17 17 17 17 17 17 17 17
split_gain=7.15308e-07 9.97622e-07 4.84525e-05 2.11977e-06 0.000105958 7.45899e-07 3.12709e-06 8.9141e-08
threshold=7.115355359154643 7.8920499419587129 8.0434510209488543 7.6831204213495203 7.6673031450585656 7.6419255179732621 7.2133000484419894 8.6973007686733208
decision_type=2 2 2 2 2 2 2 2
left_child=-1 3 -3 4 5 6 -2 -4
right_child=1 2 7 -5 -6 -7 -8 -9
leaf_value=1.7191759640833902e-06 -9.8298725968299231e-07 5.1882610413789125e-05 0 -2.8212422243145775e-06 0.00012818203715141862 -1.7215293320644631e-06 3.59311798899287e-06 -3.1127538861018365e-06
leaf_weight=591 2184 44 183 983 14.999999999999998 1305 441 22
leaf_count=591 2184 44 183 983 15 1305 441 22
internal_value=0 -8.63124e-08 0 -7.16814e-07 0 -7.14319e-07 0 0
internal_weight=5768 5177 249 4928 3945 3930 2625 205
internal_count=5768 5177 249 4928 3945 3930 2625 205
is_linear=0
shrinkage=0.05


Tree=304
num_leaves=9
num_cat=0
split_feature=17 17 17 17 17 17 17 17
split_gain=6.42598e-07 8.99963e-07 4.38307e-05 1.91679e-06 9.62528e-05 6.73323e-07 2.82271e-06 8.08185e-08
threshold=7.115355359154643 7.8920499419587129 8.0434510209488543 7.6831204213495203 7.6673031450585656 7.6419255179732621 7.2133000484419894 8.6973007686733208
decision_type=2 2 2 2 2 2 2 2
left_child=-1 3 -3 4 5 6 -2 -4
right_child=1 2 7 -5 -6 -7 -8 -9
leaf_value=1.6333704914703389e-06 -9.3384702568468836e-07 4.9346125409809041e-05 0 -2.6802850641808056e-06 0.00012217349605634807 -1.6355145411354818e-06 3.4138735418515566e-06 -2.9638857687013506e-06
leaf_weight=591 2184 44 183 983 14.999999999999998 1305 441 22
leaf_count=591 2184 44 183 983 15 1305 441 22
internal_value=0 -7.2344e-08 0 -6.79677e-07 0 -6.78582e-07 0 0
internal_weight=5768 5177 249 4928 3945 3930 2625 205
internal_count=5768 5177 249 4928 3945 3930 2625 205
is_linear=0
shrinkage=0.05


Tree=305
num_leaves=8
num_cat=0
split_feature=19 19 10 19 19 19 19
split_gain=5.51361e-07 7.11696e-06 2.43159e-06 1.28978e-05 9.66097e-06 9.56105e-06 1.11011e-06
threshold=0.47441346153846159 0.52767307692307708 24.000000000000004 0.65192307692307705 0.61517307692307699 0.91180769230769243 0.46442307692307699
decision_type=2 2 2 2 2 2 2
left_child=6 -2 4 -4 -3 -5 -1
right_child=1 2 3 5 -6 -7 -8
leaf_value=0 -3.367710013461534e-06 0 0 -1.9411995267454884e-05 5.2424315892329247e-05 0 2.7871963331631804e-06
leaf_weight=272 1571 2497 727 148 9.9999999999999982 13.999999999999998 529
leaf_count=272 1571 2497 727 148 10 14 529
internal_value=0 -8.55795e-08 0 0 1.55687e-06 -1.40648e-05 1.29358e-06
internal_weight=5768 4967 3396 889 2507 162 801
internal_count=5768 4967 3396 889 2507 162 801
is_linear=0
shrinkage=0.05


Tree=306
num_leaves=16
num_cat=0
split_feature=17 7 7 19 17 19 17 17 17 17 17 17 17 17 17
split_gain=6.19052e-07 9.67672e-06 6.86135e-06 3.48629e-05 0.000188133 0.000321923 0.000100663 2.81891e-05 8.52918e-05 1.07149e-05 0.000529527 8.46671e-07 3.4136e-07 9.60694e-08 2.97058e-10
threshold=7.115355359154643 10.500000000000002 10.500000000000002 0.63055769230769243 8.0434510209488543 0.63680769230769241 7.200356359288631 7.2133000484419894 7.2226790386014175 7.6455694296173329 7.200356359288631 7.6893425732886129 7.1783939000347887 7.6666386962426545 7.1783939000347887
decision_type=2 2 2 2 2 2 2 2 2 2 2 2 2 2 2
left_child=1 -1 3 6 5 -5 14 -8 -9 10 12 13 -4 -11 -2
right_child=2 -3 9 4 -6 -7 7 8 -10 11 -12 -13 -14 -15 -16
leaf_value=2.637524170347967e-05 0 0 0 0 0 0.0003417567735199224 -8.0672950206095721e-05 1.5887290900272692e-06 -2.4996069806341391e-05 0 0.00011859474384740073 0 -8.7802405913495578e-07 -1.4835163149417519e-06 3.2525353048771136e-08
leaf_weight=36 93 555 23 24 152 9.9999999999999982 56 154 413 267 95 739 1246 1204 701
leaf_count=36 93 555 23 24 152 10 56 154 413 267 95 739 1246 1204 701
internal_value=0 1.61673e-06 -7.05982e-09 -3.26907e-06 7.17815e-06 0.000117104 -8.17059e-06 -2.35585e-05 -8.98261e-06 5.79107e-08 4.40647e-06 -3.65358e-07 -2.91542e-07 -1.28002e-06 0
internal_weight=5768 591 5177 1603 186 34 1417 623 567 3574 1364 2210 1269 1471 794
internal_count=5768 591 5177 1603 186 34 1417 623 567 3574 1364 2210 1269 1471 794
is_linear=0
shrinkage=0.05


Tree=307
num_leaves=3
num_cat=0
split_feature=10 10
split_gain=2.96746e-07 1.07749e-07
threshold=24.000000000000004 48.000000000000007
decision_type=2 2
left_child=-1 -2
right_child=1 -3
leaf_value=3.100381382467253e-07 -8.0334978850642425e-07 0
leaf_weight=4866 841 61
leaf_count=4866 841 61
internal_value=0 -5.50879e-07
internal_weight=5768 902
internal_count=5768 902
is_linear=0
shrinkage=0.05


Tree=308
num_leaves=11
num_cat=0
split_feature=17 19 17 17 17 17 19 17 17 19
split_gain=5.47875e-07 1.85832e-06 4.32651e-05 2.55512e-05 4.20366e-06 9.67986e-07 0.000101164 8.81595e-05 3.09767e-06 2.94183e-07
threshold=7.115355359154643 0.66167307692307709 7.8479119156778632 8.0529439743463929 8.0529439743463929 7.6673031450585656 0.46442307692307699 7.6831204213495203 7.6419255179732621 0.43079807692307698
decision_type=2 2 2 2 2 2 2 2 2 2
left_child=9 2 5 -3 -4 6 -2 -7 -8 -1
right_child=1 3 4 -5 -6 7 8 -9 -10 -11
leaf_value=0 -9.5316263115299588e-05 3.1110293489429305e-05 -4.6926536059410346e-05 0 0 0.00011761797242797911 1.0634076692020663e-06 0 -1.9186519106878574e-06 2.4048624322608948e-06
leaf_weight=228 27 65 55 89 46 14.999999999999998 2599 977 1304 363
leaf_count=228 27 65 55 89 46 15 2599 977 1304 363
internal_value=0 0 -9.61624e-07 0 -3.32561e-05 0 -6.12525e-07 9.75586e-07 0 1.52107e-06
internal_weight=5768 5177 5023 154 101 4922 3930 992 3903 591
internal_count=5768 5177 5023 154 101 4922 3930 992 3903 591
is_linear=0
shrinkage=0.05


Tree=309
num_leaves=8
num_cat=0
split_feature=19 19 10 19 19 19 19
split_gain=5.11342e-07 5.34265e-06 1.93591e-06 1.20876e-05 9.24926e-06 8.73786e-06 9.11691e-07
threshold=0.47441346153846159 0.52767307692307708 24.000000000000004 0.65192307692307705 0.91180769230769243 0.61517307692307699 0.46442307692307699
decision_type=2 2 2 2 2 2 2
left_child=6 -2 5 -4 -5 -3 -1
right_child=1 2 3 4 -6 -7 -8
leaf_value=0 -2.9149091918323291e-06 0 0 -1.8920899039109382e-05 0 4.9252989490262461e-05 2.5907642722024386e-06
leaf_weight=272 1571 2497 727 148 13.999999999999998 9.9999999999999982 529
leaf_count=272 1571 2497 727 148 14 10 529
internal_value=0 -6.20898e-09 0 0 -1.36159e-05 1.38915e-06 1.26243e-06
internal_weight=5768 4967 3396 889 162 2507 801
internal_count=5768 4967 3396 889 162 2507 801
is_linear=0
shrinkage=0.05


Tree=310
num_leaves=11
num_cat=0
split_feature=17 19 17 17 17 17 19 17 17 19
split_gain=5.35293e-07 1.65391e-06 4.0364e-05 2.44087e-05 2.9498e-06 7.85645e-07 9.17031e-05 8.02262e-05 2.96802e-06 2.86876e-07
threshold=7.115355359154643 0.66167307692307709 7.8479119156778632 8.0529439743463929 8.0529439743463929 7.6673031450585656 0.46442307692307699 7.6831204213495203 7.6419255179732621 0.43079807692307698
decision_type=2 2 2 2 2 2 2 2 2 2
left_child=9 2 5 -3 -4 6 -2 -7 -8 -1
right_child=1 3 4 -5 -6 7 8 -9 -10 -11
leaf_value=0 -9.0720655197011567e-05 3.0406757070908713e-05 -4.4804977842431979e-05 0 0 0.00011217751482035964 1.0710625788376021e-06 0 -1.8439903557371934e-06 2.3762914097860225e-06
leaf_weight=228 27 65 55 89 46 14.999999999999998 2599 977 1304 363
leaf_count=228 27 65 55 89 46 15 2599 977 1304 363
internal_value=0 0 -9.07195e-07 0 -3.20913e-05 0 -5.49942e-07 8.83572e-07 0 1.5035e-06
internal_weight=5768 5177 5023 154 101 4922 3930 992 3903 591
internal_count=5768 5177 5023 154 101 4922 3930 992 3903 591
is_linear=0
shrinkage=0.05


Tree=311
num_leaves=18
num_cat=0
split_feature=19 17 17 17 19 17 17 17 17 17 17 17 17 19 17 17 17
split_gain=5.44071e-07 1.21715e-05 0.000368943 5.13547e-06 5.12815e-06 7.5897e-05 5.40969e-05 4.97981e-05 1.80059e-05 3.60321e-06 2.6579e-06 1.52667e-05 2.66297e-05 0.000186612 1.99227e-06 2.13488e-06 1.45739e-07
threshold=0.47441346153846159 7.200356359288631 7.6318409637684832 7.1783939000347887 0.52767307692307708 7.200356359288631 7.2133000484419894 7.6714616578013848 7.1459464135563868 6.9599592149906035 8.6973007686733208 7.8920499419587129 8.0434510209488543 0.63055769230769243 7.784864722929397 7.2226790386014175 7.2226790386014175
decision_type=2 2 2 2 2 2 2 2 2 2 2 2 2 2 2 2 2
left_child=1 3 -3 -1 5 8 -7 16 9 -2 11 14 13 -13 15 -6 -8
right_child=4 2 -4 -5 10 6 7 -9 -10 -11 -12 12 -14 -15 -16 -17 -18
leaf_value=0 0 0.00025220972516884407 0 -7.9723138657241764e-06 0 -7.6686961478308622e-05 1.5331756233447964e-06 -7.1111677400767794e-05 7.9379345129789978e-06 -6.1137332383898775e-06 -1.0380797080553787e-06 0 0 0.00013233238534832541 -1.7967573640977631e-06 2.5400196272897356e-06 0
leaf_weight=240 80 13.999999999999998 346 201 1227 56 154 24 724 240 22 11.999999999999998 183 32 645 1275 293
leaf_count=240 80 14 346 201 1227 56 154 24 724 240 22 12 183 32 645 1275 293
internal_value=0 1.3023e-06 9.38394e-06 0 0 -2.85577e-06 -1.95545e-05 -2.02033e-06 7.99499e-07 0 0 1.40052e-06 1.40155e-05 4.97463e-05 0 1.07549e-06 0
internal_weight=5768 801 360 441 4967 1571 527 471 1044 320 3396 3374 227 44 3147 2502 447
internal_count=5768 801 360 441 4967 1571 527 471 1044 320 3396 3374 227 44 3147 2502 447
is_linear=0
shrinkage=0.05


Tree=312
num_leaves=11
num_cat=0
split_feature=17 19 17 17 19 17 19 17 17 19
split_gain=5.38202e-07 1.82318e-06 4.21328e-05 2.21277e-05 4.54487e-06 8.97982e-07 2.75861e-06 2.68313e-05 6.25931e-06 2.88565e-07
threshold=7.115355359154643 0.66167307692307709 7.8479119156778632 8.0497542698189957 0.56805769230769243 7.2133000484419894 0.53667307692307709 7.6503990045026331 7.6419255179732621 0.43079807692307698
decision_type=2 2 2 2 2 2 2 2 2 2
left_child=9 2 5 -3 -4 -2 8 -8 -7 -1
right_child=1 3 4 -5 -6 6 7 -9 -10 -11
leaf_value=0 -9.7359946952361265e-07 5.3958653251787544e-05 0 0 -5.1908509961018954e-05 0 4.4766253747700435e-05 0 -5.6685094955402133e-06 2.3829278367114821e-06
leaf_weight=228 2184 18 57 136 44 424 36 1792 486 363
leaf_count=228 2184 18 57 136 44 424 36 1792 486 363
internal_value=0 0 -9.5249e-07 0 -3.28231e-05 0 2.51902e-07 1.96613e-06 0 1.50759e-06
internal_weight=5768 5177 5023 154 101 4922 2738 1828 910 591
internal_count=5768 5177 5023 154 101 4922 2738 1828 910 591
is_linear=0
shrinkage=0.05


Tree=313
num_leaves=18
num_cat=0
split_feature=19 17 17 19 17 17 17 17 17 17 17 17 17 17 19 17 17
split_gain=5.49246e-07 1.15471e-05 0.000334837 4.87978e-06 7.123e-05 4.57456e-05 4.60842e-05 0.000103222 1.65534e-05 4.57807e-06 3.31553e-06 2.36614e-06 1.3846e-05 2.3946e-05 0.000176499 1.69617e-06 1.82883e-06
threshold=0.47441346153846159 7.200356359288631 7.6318409637684832 0.52767307692307708 7.200356359288631 7.2133000484419894 7.2226790386014175 7.5545473360280555 7.1459464135563868 7.1783939000347887 6.9599592149906035 8.6973007686733208 7.8920499419587129 8.0434510209488543 0.63055769230769243 7.784864722929397 7.2226790386014175
decision_type=2 2 2 2 2 2 2 2 2 2 2 2 2 2 2 2 2
left_child=1 9 -3 4 8 -6 -7 -8 10 -1 -2 12 15 14 -14 16 -5
right_child=3 2 -4 11 5 6 7 -9 -10 -11 -12 -13 13 -15 -16 -17 -18
leaf_value=0 0 0.00024046267413844666 0 0 -7.2872051805780643e-05 1.4570106361662171e-06 -9.3323762940112929e-05 0 7.5901848296153141e-06 -7.5272359599423871e-06 -5.8645985564564762e-06 -9.88424270990819e-07 0 0 0.00012811225020524226 -1.6533831370873344e-06 2.349971105774491e-06
leaf_weight=240 80 13.999999999999998 346 1227 56 154 42 275 724 201 240 22 11.999999999999998 183 32 645 1275
leaf_count=240 80 14 346 1227 56 154 42 275 724 201 240 22 12 183 32 645 1275
internal_value=0 1.30848e-06 9.15258e-06 0 -2.78576e-06 -1.89642e-05 -1.82072e-06 -1.91359e-05 6.06573e-07 0 0 0 1.32138e-06 1.33292e-05 4.72282e-05 0 9.94283e-07
internal_weight=5768 801 360 4967 1571 527 471 317 1044 441 320 3396 3374 227 44 3147 2502
internal_count=5768 801 360 4967 1571 527 471 317 1044 441 320 3396 3374 227 44 3147 2502
is_linear=0
shrinkage=0.05


Tree=314
num_leaves=11
num_cat=0
split_feature=17 19 17 17 19 17 19 17 17 19
split_gain=5.38737e-07 1.79496e-06 4.42163e-05 2.03722e-05 5.76733e-06 9.20682e-07 9.15515e-05 7.40157e-05 3.03691e-06 2.88876e-07
threshold=7.115355359154643 0.66167307692307709 7.8479119156778632 8.0529439743463929 0.56805769230769243 7.6673031450585656 0.46442307692307699 7.6831204213495203 7.6419255179732621 0.43079807692307698
decision_type=2 2 2 2 2 2 2 2 2 2
left_child=9 2 5 -3 -4 6 -2 -7 -8 -1
right_child=1 3 4 -5 -6 7 8 -9 -10 -11
leaf_value=0 -9.0676507180822741e-05 2.7779050005571633e-05 0 0 -5.3633824644041143e-05 0.00010781855846289544 1.0485414628279754e-06 0 -1.9045675323269832e-06 2.3841458280183175e-06
leaf_weight=228 27 65 57 89 44 14.999999999999998 2599 977 1304 363
leaf_count=228 27 65 57 89 44 15 2599 977 1304 363
internal_value=0 0 -9.45089e-07 0 -3.35816e-05 0 -5.84634e-07 9.82271e-07 0 1.50833e-06
internal_weight=5768 5177 5023 154 101 4922 3930 992 3903 591
internal_count=5768 5177 5023 154 101 4922 3930 992 3903 591
is_linear=0
shrinkage=0.05


Tree=315
num_leaves=19
num_cat=0
split_feature=19 17 17 19 17 17 17 17 17 17 17 17 17 17 19 17 17 17
split_gain=5.61608e-07 1.10813e-05 0.000307752 4.76357e-06 6.63738e-05 3.90029e-05 4.64809e-05 3.50461e-05 1.48129e-05 4.14168e-06 3.09488e-06 2.1009e-06 1.21678e-05 2.21816e-05 0.000167355 1.51053e-06 1.81848e-06 1.34102e-06
threshold=0.47441346153846159 7.200356359288631 7.6318409637684832 0.52767307692307708 7.200356359288631 7.2133000484419894 7.6419255179732621 7.6673031450585656 7.1459464135563868 7.1783939000347887 6.9599592149906035 8.6973007686733208 7.8920499419587129 8.0434510209488543 0.63055769230769243 7.784864722929397 7.2226790386014175 7.5545473360280555
decision_type=2 2 2 2 2 2 2 2 2 2 2 2 2 2 2 2 2 2
left_child=1 9 -3 4 8 -6 17 -8 10 -1 -2 12 15 14 -14 16 -5 -7
right_child=3 2 -4 11 5 6 7 -9 -10 -11 -12 -13 13 -15 -16 -17 -18 -19
leaf_value=0 0 0.00023072092359264693 0 0 -6.9343875113286473e-05 0 -6.7488307547238139e-05 0 7.1588743959778341e-06 -7.1594947119160439e-06 -5.6660864734056079e-06 -9.4115825840675737e-07 0 0 0.00012425445739857176 -1.5542052121077527e-06 2.3020476528529522e-06 4.0638635825053801e-06
leaf_weight=240 80 13.999999999999998 346 1227 56 196 44 29 724 201 240 22 11.999999999999998 183 32 645 1275 202
leaf_count=240 80 14 346 1227 56 196 44 29 724 201 240 22 12 183 32 645 1275 202
internal_value=0 1.32107e-06 8.97874e-06 -2.96088e-08 -2.75289e-06 -1.83466e-05 -1.55597e-06 -3.98214e-05 3.43994e-07 0 0 0 1.24507e-06 1.25046e-05 4.49951e-05 0 9.40895e-07 0
internal_weight=5768 801 360 4967 1571 527 471 73 1044 441 320 3396 3374 227 44 3147 2502 398
internal_count=5768 801 360 4967 1571 527 471 73 1044 441 320 3396 3374 227 44 3147 2502 398
is_linear=0
shrinkage=0.05


Tree=316
num_leaves=8
num_cat=0
split_feature=19 19 10 19 19 19 19
split_gain=4.78051e-07 4.51639e-06 1.48453e-06 1.34611e-05 9.7735e-06 8.63814e-06 8.70067e-07
threshold=0.47441346153846159 0.52767307692307708 24.000000000000004 0.65192307692307705 0.91180769230769243 0.61517307692307699 0.46442307692307699
decision_type=2 2 2 2 2 2 2
left_child=6 -2 5 -4 -5 -3 -1
right_child=1 2 3 4 -6 -7 -8
leaf_value=0 -2.6826480950516796e-06 0 0 -1.9744430464925244e-05 0 4.7964628002690978e-05 2.5134445212008251e-06
leaf_weight=272 1571 2497 727 148 13.999999999999998 9.9999999999999982 529
leaf_count=272 1571 2497 727 148 14 10 529
internal_value=0 -6.66521e-08 0 0 -1.43687e-05 1.21647e-06 1.20941e-06
internal_weight=5768 4967 3396 889 162 2507 801
internal_count=5768 4967 3396 889 162 2507 801
is_linear=0
shrinkage=0.05


Tree=317
num_leaves=11
num_cat=0
split_feature=17 19 17 17 19 17 17 19 19 19
split_gain=5.74983e-07 1.83488e-06 4.62721e-05 1.93778e-05 7.04541e-06 9.37736e-07 2.91706e-06 1.59596e-05 6.41553e-06 3.09935e-07
threshold=7.115355359154643 0.66167307692307709 7.8479119156778632 8.0529439743463929 0.56805769230769243 7.2133000484419894 7.6419255179732621 0.46442307692307699 0.52767307692307708 0.43079807692307698
decision_type=2 2 2 2 2 2 2 2 2 2
left_child=9 2 5 -3 -4 -2 7 -7 -8 -1
right_child=1 3 4 -5 -6 6 8 -9 -10 -11
leaf_value=0 -9.7756982872633414e-07 2.7092557231133636e-05 0 0 -5.5353601417866433e-05 0 -6.099773153462075e-06 1.0654184550635124e-05 7.6773482840017531e-07 2.4652732971155047e-06
leaf_weight=228 2184 65 57 89 44 24 400 417 1897 363
leaf_count=228 2184 65 57 89 44 24 400 417 1897 363
internal_value=0 -3.33775e-09 -9.55546e-07 0 -3.43379e-05 0 3.05875e-07 4.13267e-06 0 1.55822e-06
internal_weight=5768 5177 5023 154 101 4922 2738 441 2297 591
internal_count=5768 5177 5023 154 101 4922 2738 441 2297 591
is_linear=0
shrinkage=0.05


Tree=318
num_leaves=11
num_cat=0
split_feature=17 19 17 17 19 17 19 17 19 19
split_gain=5.20722e-07 1.79241e-06 4.30272e-05 1.755e-05 5.07168e-06 8.53217e-07 8.68502e-05 6.76854e-05 2.83125e-06 2.78312e-07
threshold=7.115355359154643 0.66167307692307709 7.8479119156778632 8.0497542698189957 0.56805769230769243 7.6673031450585656 0.46442307692307699 7.6831204213495203 0.47441346153846159 0.43079807692307698
decision_type=2 2 2 2 2 2 2 2 2 2
left_child=9 2 5 -3 -4 6 -2 -7 -8 -1
right_child=1 3 4 -5 -6 7 8 -9 -10 -11
leaf_value=0 -8.8324671544666802e-05 4.8054180255061688e-05 0 0 -5.2647430540269444e-05 0.00010308890952728687 3.6804938435572257e-06 0 -4.4649422907034737e-07 2.3423399805643969e-06
leaf_weight=228 27 18 57 136 44 14.999999999999998 471 977 3432 363
leaf_count=228 27 18 57 136 44 15 471 977 3432 363
internal_value=0 -9.59434e-09 -9.44468e-07 0 -3.3144e-05 0 -5.77134e-07 9.10768e-07 0 1.48263e-06
internal_weight=5768 5177 5023 154 101 4922 3930 992 3903 591
internal_count=5768 5177 5023 154 101 4922 3930 992 3903 591
is_linear=0
shrinkage=0.05


Tree=319
num_leaves=19
num_cat=0
split_feature=19 17 17 19 17 17 17 17 17 17 17 17 17 19 17 17 17 17
split_gain=5.11011e-07 1.0603e-05 0.000282443 4.53141e-06 6.43353e-05 3.02146e-05 4.6086e-05 1.41991e-05 3.97737e-06 2.78207e-06 1.99261e-06 1.21116e-05 2.2037e-05 0.000163385 1.4173e-06 2.51037e-05 4.23016e-07 5.69866e-08
threshold=0.47441346153846159 7.200356359288631 7.6318409637684832 0.52767307692307708 7.200356359288631 7.2133000484419894 7.6714616578013848 7.1459464135563868 7.1783939000347887 6.9599592149906035 8.6973007686733208 7.8920499419587129 8.0434510209488543 0.63055769230769243 7.6666386962426545 7.2226790386014175 7.784864722929397 7.2226790386014175
decision_type=2 2 2 2 2 2 2 2 2 2 2 2 2 2 2 2 2 2
left_child=1 8 -3 4 7 -6 17 9 -1 -2 11 14 13 -13 15 -5 -16 -7
right_child=3 2 -4 10 5 6 -8 -9 -10 -11 -12 12 -14 -15 16 -17 -18 -19
leaf_value=0 0 0.0002211919631808996 0 0 -6.5735774604897755e-05 9.5871753329711417e-07 -6.8270121887326223e-05 7.0064583022532784e-06 -7.016048443937064e-06 -5.3721183671372549e-06 -3.7690548671640374e-08 0 0 0.00012294558652987082 0 2.5428573740189714e-05 -1.475019582284862e-06 0
leaf_weight=240 80 13.999999999999998 346 1227 56 154 24 724 201 240 22 11.999999999999998 183 32 1174 101 645 293
leaf_count=240 80 14 346 1227 56 154 24 724 201 240 22 12 183 32 1174 101 645 293
internal_value=0 1.26065e-06 8.77259e-06 -2.43786e-08 -2.68483e-06 -1.80528e-05 -1.663e-06 2.97912e-07 0 0 0 1.21491e-06 1.24359e-05 4.4809e-05 0 1.55057e-06 -4.37244e-07 0
internal_weight=5768 801 360 4967 1571 527 471 1044 441 320 3396 3374 227 44 3147 1328 1819 447
internal_count=5768 801 360 4967 1571 527 471 1044 441 320 3396 3374 227 44 3147 1328 1819 447
is_linear=0
shrinkage=0.05


Tree=320
num_leaves=8
num_cat=0
split_feature=19 19 10 19 19 19 19
split_gain=4.37063e-07 4.37592e-06 1.39906e-06 1.30078e-05 9.60282e-06 8.70093e-06 7.61502e-07
threshold=0.47441346153846159 0.52767307692307708 24.000000000000004 0.65192307692307705 0.91180769230769243 0.61517307692307699 0.46442307692307699
decision_type=2 2 2 2 2 2 2
left_child=6 -2 5 -4 -5 -3 -1
right_child=1 2 3 4 -6 -7 -8
leaf_value=0 -2.6406492436719103e-06 0 0 -1.9477497530013522e-05 0 4.7910889631814553e-05 2.3690627363152397e-06
leaf_weight=272 1571 2497 727 148 13.999999999999998 9.9999999999999982 529
leaf_count=272 1571 2497 727 148 14 10 529
internal_value=0 -6.62577e-08 0 0 -1.41247e-05 1.18093e-06 1.15552e-06
internal_weight=5768 4967 3396 889 162 2507 801
internal_count=5768 4967 3396 889 162 2507 801
is_linear=0
shrinkage=0.05


Tree=321
num_leaves=8
num_cat=0
split_feature=17 17 17 10 17 17 17
split_gain=5.53957e-07 7.14399e-07 2.50965e-06 2.2715e-06 1.22131e-06 6.26791e-05 1.74714e-06
threshold=7.115355359154643 7.2133000484419894 7.6419255179732621 24.000000000000004 7.6673031450585656 7.6831204213495203 7.8920499419587129
decision_type=2 2 2 2 2 2 2
left_child=-1 -2 3 -3 -4 -6 -7
right_child=1 2 4 -5 5 6 -8
leaf_value=1.5292951740923088e-06 -9.0418621850811637e-07 5.3283832748829791e-06 -1.5290157500779963e-06 0 9.8962687770836043e-05 -2.1068616468078175e-06 0
leaf_weight=591 2184 420 1305 21 14.999999999999998 983 249
leaf_count=591 2184 420 1305 21 15 983 249
internal_value=0 -8.28163e-09 0 3.76761e-06 0 0 0
internal_weight=5768 5177 2993 441 2552 1247 1232
internal_count=5768 5177 2993 441 2552 1247 1232
is_linear=0
shrinkage=0.05


Tree=322
num_leaves=8
num_cat=0
split_feature=17 17 17 10 17 17 17
split_gain=4.99898e-07 6.44894e-07 2.18373e-06 2.13236e-06 1.10232e-06 5.69406e-05 1.57697e-06
threshold=7.115355359154643 7.2133000484419894 7.6419255179732621 24.000000000000004 7.6673031450585656 7.6831204213495203 7.8920499419587129
decision_type=2 2 2 2 2 2 2
left_child=-1 -2 3 -3 -4 -6 -7
right_child=1 2 4 -5 5 6 -8
leaf_value=1.4529465548745259e-06 -8.5899099873834931e-07 5.0626102889691104e-06 -1.452623289413636e-06 0 9.4323784578591573e-05 -2.0016291912214929e-06 0
leaf_weight=591 2184 420 1305 21 14.999999999999998 983 249
leaf_count=591 2184 420 1305 21 15 983 249
internal_value=0 0 0 3.51446e-06 0 0 0
internal_weight=5768 5177 2993 441 2552 1247 1232
internal_count=5768 5177 2993 441 2552 1247 1232
is_linear=0
shrinkage=0.05


Tree=323
num_leaves=11
num_cat=0
split_feature=17 19 17 17 19 17 19 17 17 19
split_gain=4.51239e-07 1.67477e-06 4.51921e-05 1.75374e-05 6.3162e-06 8.7538e-07 8.32385e-05 5.13175e-05 2.56475e-06 2.98715e-07
threshold=7.115355359154643 0.66167307692307709 7.8479119156778632 8.0529439743463929 0.56805769230769243 7.6673031450585656 0.46442307692307699 7.6831204213495203 7.6419255179732621 0.43079807692307698
decision_type=2 2 2 2 2 2 2 2 2 2
left_child=9 2 5 -3 -4 6 -2 -7 -8 -1
right_child=1 3 4 -5 -6 7 8 -9 -10 -11
leaf_value=0 -8.6449729611298866e-05 2.5773902448373986e-05 0 0 -5.4356382500069839e-05 8.9902362669818094e-05 9.7865051469013376e-07 0 -1.7335347222856519e-06 2.2695330047569293e-06
leaf_weight=228 27 65 57 89 44 14.999999999999998 2599 977 1304 363
leaf_count=228 27 65 57 89 44 15 2599 977 1304 363
internal_value=0 0 -9.12899e-07 0 -3.38925e-05 0 -5.43975e-07 1.0161e-06 0 1.38042e-06
internal_weight=5768 5177 5023 154 101 4922 3930 992 3903 591
internal_count=5768 5177 5023 154 101 4922 3930 992 3903 591
is_linear=0
shrinkage=0.05


Tree=324
num_leaves=18
num_cat=0
split_feature=19 17 17 19 17 17 17 17 17 17 17 17 17 17 19 17 17
split_gain=4.28755e-07 9.92437e-06 0.000259333 4.67803e-06 6.3996e-05 2.07404e-05 4.51163e-05 9.17414e-05 1.34984e-05 3.62859e-06 2.52774e-06 2.26534e-06 1.11029e-05 1.89817e-05 0.000155863 1.25299e-06 1.72311e-06
threshold=0.47441346153846159 7.200356359288631 7.6318409637684832 0.52767307692307708 7.200356359288631 7.2133000484419894 7.2226790386014175 7.5545473360280555 7.1459464135563868 7.1783939000347887 6.9599592149906035 8.6973007686733208 7.8920499419587129 8.0434510209488543 0.63055769230769243 7.784864722929397 7.2226790386014175
decision_type=2 2 2 2 2 2 2 2 2 2 2 2 2 2 2 2 2
left_child=1 9 -3 4 8 -6 -7 -8 10 -1 -2 12 15 14 -14 16 -5
right_child=3 2 -4 11 5 6 7 -9 -10 -11 -12 -13 13 -15 -16 -17 -18
leaf_value=0 0 0.00021200873143970966 0 0 -6.2338394815461667e-05 4.7745899627766121e-07 -8.9454041025059856e-05 0 6.8276816690019501e-06 -6.7013646890916439e-06 -5.1206818499691248e-06 0 0 0 0.0001194090957781582 -1.1733431519000519e-06 2.2658132562059093e-06
leaf_weight=240 80 13.999999999999998 346 1227 56 154 42 275 724 201 240 22 11.999999999999998 183 32 645 1275
leaf_count=240 80 14 346 1227 56 154 42 275 724 201 240 22 12 183 32 645 1275
internal_value=0 1.15608e-06 8.46744e-06 0 -2.72757e-06 -1.80295e-05 -2.04725e-06 -1.89947e-05 2.21872e-07 0 0 0 1.29539e-06 1.21071e-05 4.23936e-05 0 9.4666e-07
internal_weight=5768 801 360 4967 1571 527 471 317 1044 441 320 3396 3374 227 44 3147 2502
internal_count=5768 801 360 4967 1571 527 471 317 1044 441 320 3396 3374 227 44 3147 2502
is_linear=0
shrinkage=0.05


Tree=325
num_leaves=11
num_cat=0
split_feature=17 19 17 17 19 17 19 17 17 19
split_gain=4.47887e-07 1.73168e-06 4.67535e-05 1.56195e-05 7.30762e-06 8.10497e-07 7.88635e-05 4.66209e-05 2.54673e-06 2.96555e-07
threshold=7.115355359154643 0.66167307692307709 7.8479119156778632 8.0529439743463929 0.56805769230769243 7.6673031450585656 0.46442307692307699 7.6831204213495203 7.6419255179732621 0.43079807692307698
decision_type=2 2 2 2 2 2 2 2 2 2
left_child=9 2 5 -3 -4 6 -2 -7 -8 -1
right_child=1 3 4 -5 -6 7 8 -9 -10 -11
leaf_value=0 -8.4150643420538731e-05 2.4323791925174492e-05 0 0 -5.5674047978957073e-05 8.5681125638075161e-05 9.6981526227094795e-07 0 -1.7334671701764924e-06 2.2611780486141252e-06
leaf_weight=228 27 65 57 89 44 14.999999999999998 2599 977 1304 363
leaf_count=228 27 65 57 89 44 15 2599 977 1304 363
internal_value=0 0 -9.28279e-07 0 -3.44726e-05 0 -5.3342e-07 9.561e-07 0 1.37529e-06
internal_weight=5768 5177 5023 154 101 4922 3930 992 3903 591
internal_count=5768 5177 5023 154 101 4922 3930 992 3903 591
is_linear=0
shrinkage=0.05


Tree=326
num_leaves=18
num_cat=0
split_feature=19 17 17 19 17 17 17 17 17 17 17 17 17 19 17 17 17
split_gain=4.4629e-07 9.59432e-06 0.000238405 4.55801e-06 5.97487e-05 1.65195e-05 4.41791e-05 1.20211e-05 3.28279e-06 2.36578e-06 2.02309e-06 9.85172e-06 1.77494e-05 0.000148229 1.11245e-06 1.70601e-06 1.01978e-08
threshold=0.47441346153846159 7.200356359288631 7.6318409637684832 0.52767307692307708 7.200356359288631 7.2133000484419894 7.6714616578013848 7.1459464135563868 7.1783939000347887 6.9599592149906035 8.6973007686733208 7.8920499419587129 8.0434510209488543 0.63055769230769243 7.784864722929397 7.2226790386014175 7.2226790386014175
decision_type=2 2 2 2 2 2 2 2 2 2 2 2 2 2 2 2 2
left_child=1 8 -3 4 7 -6 16 9 -1 -2 11 14 13 -13 15 -5 -7
right_child=3 2 -4 10 5 6 -8 -9 -10 -11 -12 12 -14 -15 -16 -17 -18
leaf_value=0 0 0.000203488415107131 0 0 -5.9323798407588084e-05 4.0556209522389417e-07 -6.6907061450183377e-05 6.4383156437041435e-06 -6.3740552891746603e-06 -4.9539149209424165e-06 0 0 0 0.00011607650469875697 -1.0976426291853279e-06 2.2163241084403763e-06 0
leaf_weight=240 80 13.999999999999998 346 1227 56 154 24 724 201 240 22 11.999999999999998 183 32 645 1275 293
leaf_count=240 80 14 346 1227 56 154 24 724 201 240 22 12 183 32 645 1275 293
internal_value=0 1.17876e-06 8.33844e-06 -1.6588e-08 -2.69251e-06 -1.74495e-05 -1.76246e-06 0 0 0 0 1.22417e-06 1.14108e-05 4.05683e-05 0 8.94519e-07 0
internal_weight=5768 801 360 4967 1571 527 471 1044 441 320 3396 3374 227 44 3147 2502 447
internal_count=5768 801 360 4967 1571 527 471 1044 441 320 3396 3374 227 44 3147 2502 447
is_linear=0
shrinkage=0.05


Tree=327
num_leaves=8
num_cat=0
split_feature=17 17 17 10 17 17 10
split_gain=4.48076e-07 7.92125e-07 2.4429e-06 2.0173e-06 9.82663e-07 4.33334e-05 1.41588e-06
threshold=7.115355359154643 7.2133000484419894 7.6419255179732621 24.000000000000004 7.6673031450585656 7.6831204213495203 24.000000000000004
decision_type=2 2 2 2 2 2 2
left_child=-1 -2 3 -3 -4 -6 -7
right_child=1 2 4 -5 5 6 -8
leaf_value=1.368303026882475e-06 -9.5484507839180503e-07 5.1464329984131979e-06 -1.3715155424648584e-06 0 8.2285145181231189e-05 0 -2.0044502822608788e-06
leaf_weight=591 2184 420 1305 21 14.999999999999998 352 880
leaf_count=591 2184 420 1305 21 15 352 880
internal_value=0 -4.777e-08 0 3.71717e-06 0 0 0
internal_weight=5768 5177 2993 441 2552 1247 1232
internal_count=5768 5177 2993 441 2552 1247 1232
is_linear=0
shrinkage=0.05


Tree=328
num_leaves=3
num_cat=0
split_feature=10 10
split_gain=1.99304e-07 2.02543e-07
threshold=24.000000000000004 48.000000000000007
decision_type=2 2
left_child=-1 -2
right_child=1 -3
leaf_value=2.2732332608563421e-07 -9.4574345209394641e-07 0
leaf_weight=4866 841 61
leaf_count=4866 841 61
internal_value=0 -5.22741e-07
internal_weight=5768 902
internal_count=5768 902
is_linear=0
shrinkage=0.05


Tree=329
num_leaves=12
num_cat=0
split_feature=17 19 17 17 19 17 19 17 19 19 19
split_gain=3.94841e-07 1.79219e-06 4.77537e-05 1.40759e-05 8.33611e-06 8.92065e-07 7.50277e-05 3.89561e-05 2.46547e-06 2.92541e-07 6.12881e-10
threshold=7.115355359154643 0.66167307692307709 7.8479119156778632 8.0529439743463929 0.56805769230769243 7.6673031450585656 0.46442307692307699 7.6831204213495203 0.47441346153846159 0.43079807692307698 0.48742307692307701
decision_type=2 2 2 2 2 2 2 2 2 2 2
left_child=9 2 5 -3 -4 6 -2 -7 -8 -1 -11
right_child=1 3 4 -5 -6 7 8 -9 -10 10 -12
leaf_value=0 -8.2113140794847696e-05 2.3090633524892229e-05 0 0 -5.6707617775019669e-05 7.8421032521873703e-05 3.4148110026469983e-06 0 -4.3836927635255004e-07 1.0695740367130669e-05 0
leaf_weight=228 27 65 57 89 44 14.999999999999998 471 977 3432 13.999999999999998 349
leaf_count=228 27 65 57 89 44 15 471 977 3432 14 349
internal_value=0 -2.78104e-08 -9.44781e-07 0 -3.48482e-05 0 -5.57695e-07 1.00729e-06 0 1.28866e-06 2.17026e-06
internal_weight=5768 5177 5023 154 101 4922 3930 992 3903 591 363
internal_count=5768 5177 5023 154 101 4922 3930 992 3903 591 363
is_linear=0
shrinkage=0.05


Tree=330
num_leaves=11
num_cat=0
split_feature=17 19 17 17 19 17 19 17 17 19
split_gain=3.85733e-07 1.66628e-06 4.4464e-05 1.28478e-05 6.23174e-06 8.29742e-07 2.78729e-06 2.15992e-05 5.63387e-06 2.87284e-07
threshold=7.115355359154643 0.66167307692307709 7.8479119156778632 8.0497542698189957 0.56805769230769243 7.2133000484419894 0.53667307692307709 7.6503990045026331 7.6419255179732621 0.43079807692307698
decision_type=2 2 2 2 2 2 2 2 2 2
left_child=9 2 5 -3 -4 -2 8 -8 -7 -1
right_child=1 3 4 -5 -6 6 7 -9 -10 -11
leaf_value=0 -9.1102107660312129e-07 4.1115631006265931e-05 0 0 -5.3935245610773559e-05 0 4.0679064632796146e-05 0 -5.3778523129534868e-06 2.1496919821851862e-06
leaf_weight=228 2184 18 57 136 44 424 36 1792 486 363
leaf_count=228 2184 18 57 136 44 424 36 1792 486 363
internal_value=0 -9.16927e-09 -9.10631e-07 0 -3.36251e-05 0 3.08628e-07 1.98809e-06 0 1.27601e-06
internal_weight=5768 5177 5023 154 101 4922 2738 1828 910 591
internal_count=5768 5177 5023 154 101 4922 2738 1828 910 591
is_linear=0
shrinkage=0.05


Tree=331
num_leaves=8
num_cat=0
split_feature=17 17 17 10 17 17 17
split_gain=3.46759e-07 6.54672e-07 2.32791e-06 2.03274e-06 8.75131e-07 3.59811e-05 1.04944e-06
threshold=7.115355359154643 7.2133000484419894 7.6419255179732621 24.000000000000004 7.6673031450585656 7.6831204213495203 7.8920499419587129
decision_type=2 2 2 2 2 2 2
left_child=-1 -2 3 -3 -4 -6 -7
right_child=1 2 4 -5 5 6 -8
leaf_value=1.2101047072851417e-06 -8.6547818260791635e-07 5.0886703703238351e-06 -1.2943001487096242e-06 0 7.4980336939916008e-05 -1.6328692845121162e-06 0
leaf_weight=591 2184 420 1305 21 14.999999999999998 983 249
leaf_count=591 2184 420 1305 21 15 983 249
internal_value=0 0 0 3.62862e-06 0 0 0
internal_weight=5768 5177 2993 441 2552 1247 1232
internal_count=5768 5177 2993 441 2552 1247 1232
is_linear=0
shrinkage=0.05


Tree=332
num_leaves=21
num_cat=0
split_feature=19 17 17 19 17 17 17 17 17 17 17 17 17 17 17 19 17 17 17 17
split_gain=4.23816e-07 9.31421e-06 0.000218582 4.81848e-06 5.95933e-05 1.13781e-05 1.08369e-05 5.034e-05 7.21794e-05 4.38207e-05 2.78814e-05 2.96718e-06 2.27022e-06 9.17952e-06 1.92791e-05 0.000145108 2.22969e-06 1.13782e-06 2.1422e-05 1.40023e-07
threshold=0.47441346153846159 7.200356359288631 7.6318409637684832 0.52767307692307708 7.200356359288631 7.1459464135563868 7.5545473360280555 7.2226790386014175 7.2133000484419894 7.6419255179732621 7.6673031450585656 7.1783939000347887 8.6973007686733208 7.8920499419587129 8.0434510209488543 0.63055769230769243 6.9599592149906035 7.6666386962426545 7.2226790386014175 7.784864722929397
decision_type=2 2 2 2 2 2 2 2 2 2 2 2 2 2 2 2 2 2 2 2
left_child=1 11 -3 4 5 16 7 8 -6 -8 -11 -1 13 17 15 -15 -2 18 -5 -19
right_child=3 2 -4 12 6 -7 9 -9 -10 10 -12 -13 -14 14 -16 -17 -18 19 -20 -21
leaf_value=0 0 0.00019507272976140183 0 0 -5.6265116538525667e-05 6.2637741195744475e-06 2.5059776885315693e-06 -8.5449797144636163e-05 0 -6.288975539306799e-05 0 -6.0599105026904889e-06 0 0 0 0.00011541661467741836 -4.8093157878369707e-06 0 2.3512953713161905e-05 -7.4435651140869925e-07
leaf_weight=240 80 13.999999999999998 346 1227 56 724 202 42 154 44 29 201 22 11.999999999999998 183 32 240 1174 101 645
leaf_count=240 80 14 346 1227 56 724 202 42 154 44 29 201 22 12 183 32 240 1174 101 645
internal_value=0 1.1494e-06 8.21205e-06 0 -2.76821e-06 0 -1.74637e-05 -2.72684e-05 0 0 -3.82518e-05 0 0 1.29678e-06 1.12047e-05 4.13178e-05 0 0 1.46098e-06 -6.57519e-08
internal_weight=5768 801 360 4967 1571 1044 527 252 210 275 73 441 3396 3374 227 44 320 3147 1328 1819
internal_count=5768 801 360 4967 1571 1044 527 252 210 275 73 441 3396 3374 227 44 320 3147 1328 1819
is_linear=0
shrinkage=0.05


Tree=333
num_leaves=21
num_cat=0
split_feature=19 17 17 19 17 17 17 17 17 17 17 17 17 17 17 19 17 17 17 17
split_gain=3.57112e-07 8.50448e-06 0.000198646 4.21632e-06 5.40615e-05 1.02702e-05 9.79915e-06 4.55445e-05 6.52622e-05 4.19824e-05 2.67926e-06 2.01317e-06 1.98953e-06 7.86473e-06 1.50737e-05 0.000134272 1.00215e-06 1.93782e-05 4.60445e-07 1.27267e-07
threshold=0.47441346153846159 7.200356359288631 7.6318409637684832 0.52767307692307708 7.200356359288631 7.1459464135563868 7.5545473360280555 7.2226790386014175 7.2133000484419894 7.6714616578013848 7.1783939000347887 6.9599592149906035 8.6973007686733208 7.8920499419587129 8.0434510209488543 0.63055769230769243 7.6666386962426545 7.2226790386014175 7.6419255179732621 7.784864722929397
decision_type=2 2 2 2 2 2 2 2 2 2 2 2 2 2 2 2 2 2 2 2
left_child=1 10 -3 4 5 11 7 8 -6 18 -1 -2 13 16 15 -15 17 -5 -8 -18
right_child=3 2 -4 12 6 -7 9 -9 -10 -11 -12 -13 -14 14 -16 -17 19 -19 -20 -21
leaf_value=0 0 0.00018596931236485639 0 0 -5.3501208884674201e-05 5.9509983767980129e-06 2.3812834595518146e-06 -8.127668038617039e-05 0 -6.4793842099606993e-05 -5.7584003517680818e-06 -4.569847635244679e-06 0 0 0 0.00010982065997792012 0 2.234883054031753e-05 0 -7.0733009569416065e-07
leaf_weight=240 80 13.999999999999998 346 1227 56 724 202 42 154 24 201 240 22 11.999999999999998 183 32 1174 101 49 645
leaf_count=240 80 14 346 1227 56 724 202 42 154 24 201 240 22 12 183 32 1174 101 49 645
internal_value=0 1.05508e-06 7.8338e-06 0 -2.58947e-06 0 -1.66113e-05 -2.59364e-05 0 0 0 0 0 1.21397e-06 1.03948e-05 3.72141e-05 0 1.37163e-06 0 -5.26096e-08
internal_weight=5768 801 360 4967 1571 1044 527 252 210 275 441 320 3396 3374 227 44 3147 1328 251 1819
internal_count=5768 801 360 4967 1571 1044 527 252 210 275 441 320 3396 3374 227 44 3147 1328 251 1819
is_linear=0
shrinkage=0.05


Tree=334
num_leaves=11
num_cat=0
split_feature=17 19 17 17 19 17 17 17 17 19
split_gain=3.80572e-07 1.57602e-06 5.06128e-05 1.16997e-05 1.00294e-05 9.02902e-07 3.27243e-05 4.61949e-07 3.05405e-06 3.07659e-07
threshold=7.115355359154643 0.66167307692307709 7.8479119156778632 8.0529439743463929 0.56805769230769243 7.6673031450585656 7.6831204213495203 7.6419255179732621 7.2133000484419894 0.43079807692307698
decision_type=2 2 2 2 2 2 2 2 2 2
left_child=9 2 5 -3 -4 7 -7 8 -2 -1
right_child=1 3 4 -5 -6 6 -8 -9 -10 -11
leaf_value=0 -8.7107101442543808e-07 2.1051643416285514e-05 0 0 -5.8792615671538635e-05 7.2073062183335412e-05 0 -1.2711803332113077e-06 3.6773808211998429e-06 2.1741349621231989e-06
leaf_weight=228 2184 65 57 89 44 14.999999999999998 977 1305 441 363
leaf_count=228 2184 65 57 89 44 15 977 1305 441 363
internal_value=0 0 -8.85576e-07 0 -3.5765e-05 0 1.14496e-06 -4.93017e-07 0 1.26773e-06
internal_weight=5768 5177 5023 154 101 4922 992 3930 2625 591
internal_count=5768 5177 5023 154 101 4922 992 3930 2625 591
is_linear=0
shrinkage=0.05


Tree=335
num_leaves=11
num_cat=0
split_feature=17 19 17 17 19 17 17 17 17 19
split_gain=3.41601e-07 1.45635e-06 4.70973e-05 1.05759e-05 7.72975e-06 8.1728e-07 2.97289e-05 4.16982e-07 2.75685e-06 2.79702e-07
threshold=7.115355359154643 0.66167307692307709 7.8479119156778632 8.0529439743463929 0.56805769230769243 7.6673031450585656 7.6831204213495203 7.6419255179732621 7.2133000484419894 0.43079807692307698
decision_type=2 2 2 2 2 2 2 2 2 2
left_child=9 2 5 -3 -4 7 -7 8 -2 -1
right_child=1 3 4 -5 -6 6 -8 -9 -10 -11
leaf_value=0 -8.2755155192189407e-07 2.0015006602713551e-05 0 0 -5.591830882864693e-05 6.8694645888172078e-05 0 -1.2076611051305267e-06 3.4939344657365888e-06 2.065718630207241e-06
leaf_weight=228 2184 65 57 89 44 14.999999999999998 977 1305 441 363
leaf_count=228 2184 65 57 89 44 15 977 1305 441 363
internal_value=0 0 -8.51291e-07 0 -3.4497e-05 0 1.09053e-06 -4.68351e-07 0 1.20107e-06
internal_weight=5768 5177 5023 154 101 4922 992 3930 2625 591
internal_count=5768 5177 5023 154 101 4922 992 3930 2625 591
is_linear=0
shrinkage=0.05


Tree=336
num_leaves=3
num_cat=0
split_feature=10 10
split_gain=2.36893e-07 1.94319e-07
threshold=24.000000000000004 48.000000000000007
decision_type=2 2
left_child=-1 -2
right_child=1 -3
leaf_value=2.7582925834177738e-07 -9.1681246797282059e-07 0
leaf_weight=4866 841 61
leaf_count=4866 841 61
internal_value=0 -4.95765e-07
internal_weight=5768 902
internal_count=5768 902
is_linear=0
shrinkage=0.05


Tree=337
num_leaves=12
num_cat=0
split_feature=17 19 17 17 19 17 17 17 17 19 19
split_gain=2.99154e-07 1.36324e-06 4.37505e-05 9.89038e-06 5.74048e-06 7.79422e-07 2.69796e-05 3.73888e-07 2.49486e-06 2.53901e-07 3.401e-08
threshold=7.115355359154643 0.66167307692307709 7.8479119156778632 8.0497542698189957 0.56805769230769243 7.6673031450585656 7.6831204213495203 7.6419255179732621 7.2133000484419894 0.43079807692307698 0.48742307692307701
decision_type=2 2 2 2 2 2 2 2 2 2 2
left_child=9 2 5 -3 -4 7 -7 8 -2 -1 -11
right_child=1 3 4 -5 -6 6 -8 -9 -10 10 -12
leaf_value=0 -7.9998988082773065e-07 3.6074440730245478e-05 0 0 -5.3152954309350912e-05 6.5465375082567325e-05 0 -1.1611099506102238e-06 3.3087002000733527e-06 9.8916236505222639e-06 0
leaf_weight=228 2184 18 57 136 44 14.999999999999998 977 1305 441 13.999999999999998 349
leaf_count=228 2184 18 57 136 44 15 977 1305 441 14 349
internal_value=0 0 -8.23628e-07 0 -3.32525e-05 0 1.06324e-06 -4.58393e-07 0 1.12397e-06 1.94896e-06
internal_weight=5768 5177 5023 154 101 4922 992 3930 2625 591 363
internal_count=5768 5177 5023 154 101 4922 992 3930 2625 591 363
is_linear=0
shrinkage=0.05


Tree=338
num_leaves=8
num_cat=0
split_feature=19 19 10 19 19 19 19
split_gain=2.82713e-07 4.28084e-06 1.81219e-06 1.52915e-05 1.09755e-05 1.04653e-05 1.00336e-06
threshold=0.47441346153846159 0.52767307692307708 24.000000000000004 0.65192307692307705 0.61517307692307699 0.91180769230769243 0.46442307692307699
decision_type=2 2 2 2 2 2 2
left_child=6 -2 4 -4 -3 -5 -1
right_child=1 2 3 5 -6 -7 -8
leaf_value=0 -2.6092036689365632e-06 0 0 -2.0788486487538423e-05 5.3910125173966967e-05 0 2.4630066450385436e-06
leaf_weight=272 1571 2497 727 148 9.9999999999999982 13.999999999999998 529
leaf_count=272 1571 2497 727 148 10 14 529
internal_value=0 0 0 0 1.34403e-06 -1.53144e-05 9.38762e-07
internal_weight=5768 4967 3396 889 2507 162 801
internal_count=5768 4967 3396 889 2507 162 801
is_linear=0
shrinkage=0.05


Tree=339
num_leaves=18
num_cat=0
split_feature=17 7 7 19 17 19 17 17 17 17 17 17 17 17 17 19 17
split_gain=3.20033e-07 8.27616e-06 5.57589e-06 2.31024e-05 0.000129549 0.000279347 6.48942e-05 1.88969e-05 0.000143725 3.72593e-05 7.44237e-06 0.000419618 6.91839e-07 1.14839e-07 2.16055e-08 6.36802e-09 4.21838e-11
threshold=7.115355359154643 10.500000000000002 10.500000000000002 0.63055769230769243 8.0434510209488543 0.63680769230769241 7.200356359288631 7.5545473360280555 7.2226790386014175 7.6714616578013848 7.6455694296173329 7.2226790386014175 7.6893425732886129 8.2106037135369139 7.6666386962426545 0.53667307692307709 7.8479119156778632
decision_type=2 2 2 2 2 2 2 2 2 2 2 2 2 2 2 2 2
left_child=1 -1 3 6 5 -5 -2 8 -8 -9 11 15 14 -6 -12 -4 -14
right_child=2 -3 10 4 13 -7 7 9 -10 -11 12 -13 16 -15 -16 -17 -18
leaf_value=2.4100283217440175e-05 0 0 0 0 -1.6776999965419639e-06 0.00030492634808813982 0 0 -0.00011546299268957227 -3.1149551935717077e-05 0 0.00018558314558298839 1.2035863499596826e-08 0 -1.2166247180775599e-06 -1.1997609811870333e-07 0
leaf_weight=36 794 555 229 24 101 9.9999999999999982 210 271 47 95 267 30 727 51 1204 1105 11.999999999999998
leaf_count=36 794 555 229 24 101 10 210 271 47 95 267 30 727 51 1204 1105 12
internal_value=0 1.16254e-06 0 -2.94553e-06 1.70279e-06 9.62755e-05 -7.08255e-06 -1.93387e-05 -3.29792e-05 0 8.0527e-08 3.69428e-06 0 0 -1.08397e-06 0 0
internal_weight=5768 591 5177 1603 186 34 1417 623 257 366 3574 1364 2210 152 1471 1334 739
internal_count=5768 591 5177 1603 186 34 1417 623 257 366 3574 1364 2210 152 1471 1334 739
is_linear=0
shrinkage=0.05


Tree=340
num_leaves=11
num_cat=0
split_feature=17 19 17 17 19 17 17 17 17 19
split_gain=2.80956e-07 1.13913e-06 3.8636e-05 9.64046e-06 6.05027e-06 7.36832e-07 2.52221e-05 4.87872e-07 2.45378e-06 2.87126e-07
threshold=7.115355359154643 0.66167307692307709 7.8479119156778632 8.0529439743463929 0.56805769230769243 7.6673031450585656 7.6831204213495203 7.6419255179732621 7.2133000484419894 0.43079807692307698
decision_type=2 2 2 2 2 2 2 2 2 2
left_child=9 2 5 -3 -4 7 -7 8 -2 -1
right_child=1 3 4 -5 -6 6 -8 -9 -10 -11
leaf_value=0 -7.1657415227943203e-07 1.9109392323474763e-05 0 0 -5.0456476268461998e-05 6.3341776258312148e-05 0 -1.2131323856957668e-06 3.3675614592716162e-06 1.9752628157640655e-06
leaf_weight=228 2184 65 57 89 44 14.999999999999998 977 1305 441 363
leaf_count=228 2184 65 57 89 44 15 977 1305 441 363
internal_value=0 0 -7.5289e-07 0 -3.12231e-05 0 1.07134e-06 -4.22692e-07 0 1.08925e-06
internal_weight=5768 5177 5023 154 101 4922 992 3930 2625 591
internal_count=5768 5177 5023 154 101 4922 992 3930 2625 591
is_linear=0
shrinkage=0.05


Tree=341
num_leaves=11
num_cat=0
split_feature=17 19 17 17 19 17 17 17 17 19
split_gain=2.50586e-07 1.05249e-06 3.59982e-05 8.71441e-06 4.40349e-06 6.69601e-07 2.2911e-05 4.40395e-07 2.21497e-06 2.6226e-07
threshold=7.115355359154643 0.66167307692307709 7.8479119156778632 8.0529439743463929 0.56805769230769243 7.6673031450585656 7.6831204213495203 7.6419255179732621 7.2133000484419894 0.43079807692307698
decision_type=2 2 2 2 2 2 2 2 2 2
left_child=9 2 5 -3 -4 7 -7 8 -2 -1
right_child=1 3 4 -5 -6 6 -8 -9 -10 -11
leaf_value=0 -6.8074751547292654e-07 1.8168416890231042e-05 0 0 -4.7989711398258801e-05 6.0372673324309276e-05 0 -1.1525229467731539e-06 3.1995662911826678e-06 1.8767781699892475e-06
leaf_weight=228 2184 65 57 89 44 14.999999999999998 977 1305 441 363
leaf_count=228 2184 65 57 89 44 15 977 1305 441 363
internal_value=0 0 -7.23693e-07 0 -3.01348e-05 0 1.0235e-06 -4.01531e-07 0 1.0287e-06
internal_weight=5768 5177 5023 154 101 4922 992 3930 2625 591
internal_count=5768 5177 5023 154 101 4922 992 3930 2625 591
is_linear=0
shrinkage=0.05


Tree=342
num_leaves=8
num_cat=0
split_feature=19 19 10 19 19 19 19
split_gain=2.23005e-07 3.62625e-06 1.79984e-06 1.41603e-05 1.05883e-05 1.00566e-05 1.00044e-06
threshold=0.47441346153846159 0.52767307692307708 24.000000000000004 0.65192307692307705 0.61517307692307699 0.91180769230769243 0.46442307692307699
decision_type=2 2 2 2 2 2 2
left_child=6 -2 4 -4 -3 -5 -1
right_child=1 2 3 5 -6 -7 -8
leaf_value=0 -2.401445967352768e-06 0 0 -2.0157471592163029e-05 5.3061252163553763e-05 0 2.4022860279557167e-06
leaf_weight=272 1571 2497 727 148 9.9999999999999982 13.999999999999998 529
leaf_count=272 1571 2497 727 148 10 14 529
internal_value=0 0 0 0 1.33944e-06 -1.47371e-05 8.33759e-07
internal_weight=5768 4967 3396 889 2507 162 801
internal_count=5768 4967 3396 889 2507 162 801
is_linear=0
shrinkage=0.05


Tree=343
num_leaves=18
num_cat=0
split_feature=17 7 7 19 17 19 17 17 17 17 17 17 17 17 17 19 17
split_gain=2.45109e-07 7.49616e-06 4.61229e-06 2.15804e-05 0.000126052 0.000243808 6.28582e-05 1.71695e-05 0.000126419 3.42532e-05 6.85481e-06 0.000379647 5.47631e-07 1.26059e-07 1.10721e-08 8.6301e-10 3.36718e-11
threshold=7.115355359154643 10.500000000000002 10.500000000000002 0.63055769230769243 8.0434510209488543 0.63680769230769241 7.200356359288631 7.5545473360280555 7.2226790386014175 7.6714616578013848 7.6455694296173329 7.2226790386014175 7.6893425732886129 8.2106037135369139 7.6666386962426545 0.53667307692307709 7.8479119156778632
decision_type=2 2 2 2 2 2 2 2 2 2 2 2 2 2 2 2 2
left_child=1 -1 3 6 5 -5 -2 8 -8 -9 11 15 14 -6 -12 -4 -14
right_child=2 -3 10 4 13 -7 7 9 -10 -11 12 -13 16 -15 -16 -17 -18
leaf_value=2.2870474943349988e-05 0 0 0 0 -1.7577515088715658e-06 0.00029000596778297965 0 0 -0.00011002658682021623 -2.9866550012229709e-05 0 0.00017655155075068076 1.0753200123352284e-08 0 -1.0766315603502192e-06 -4.4167240505623531e-08 0
leaf_weight=36 794 555 229 24 101 9.9999999999999982 210 271 47 95 267 30 727 51 1204 1105 11.999999999999998
leaf_count=36 794 555 229 24 101 10 210 271 47 95 267 30 727 51 1204 1105 12
internal_value=0 1.01739e-06 0 -2.67785e-06 1.61801e-06 9.49615e-05 -6.76857e-06 -1.88665e-05 -3.20509e-05 0 8.95494e-08 3.54621e-06 0 0 -9.64407e-07 0 0
internal_weight=5768 591 5177 1603 186 34 1417 623 257 366 3574 1364 2210 152 1471 1334 739
internal_count=5768 591 5177 1603 186 34 1417 623 257 366 3574 1364 2210 152 1471 1334 739
is_linear=0
shrinkage=0.05


Tree=344
num_leaves=11
num_cat=0
split_feature=17 19 17 17 19 17 17 17 17 19
split_gain=2.1275e-07 8.79458e-07 3.16985e-05 8.36447e-06 4.7839e-06 6.41361e-07 2.14393e-05 5.3787e-07 2.19209e-06 2.71571e-07
threshold=7.115355359154643 0.66167307692307709 7.8479119156778632 8.0529439743463929 0.56805769230769243 7.6673031450585656 7.6831204213495203 7.6419255179732621 7.2133000484419894 0.43079807692307698
decision_type=2 2 2 2 2 2 2 2 2 2
left_child=9 2 5 -3 -4 7 -7 8 -2 -1
right_child=1 3 4 -5 -6 6 -8 -9 -10 -11
leaf_value=0 -6.0906483167334866e-07 1.7799892282875421e-05 0 0 -4.5559385041188856e-05 5.8446092880330965e-05 0 -1.2033647992384331e-06 3.2503645613208001e-06 1.8238368132158052e-06
leaf_weight=228 2184 65 57 89 44 14.999999999999998 977 1305 441 363
leaf_count=228 2184 65 57 89 44 15 977 1305 441 363
internal_value=0 0 -6.61535e-07 0 -2.82574e-05 0 1.03166e-06 -3.72867e-07 0 9.47859e-07
internal_weight=5768 5177 5023 154 101 4922 992 3930 2625 591
internal_count=5768 5177 5023 154 101 4922 992 3930 2625 591
is_linear=0
shrinkage=0.05


Tree=345
num_leaves=12
num_cat=0
split_feature=10 17 19 19 17 17 19 19 17 17 17
split_gain=2.10486e-07 1.43857e-05 5.37874e-05 1.27277e-05 5.75386e-05 5.21454e-06 5.91053e-05 2.74802e-06 7.26777e-05 3.32379e-06 4.23996e-06
threshold=24.000000000000004 7.6893425732886129 0.53667307692307709 0.65192307692307705 8.2106037135369139 7.6714616578013848 0.51805769230769239 0.46442307692307699 7.1783939000347887 7.0395900374172458 7.6419255179732621
decision_type=2 2 2 2 2 2 2 2 2 2 2
left_child=1 5 -3 -2 -5 7 -7 8 -1 -9 -11
right_child=3 2 -4 4 -6 6 -8 9 -10 10 -12
leaf_value=0 0 0 4.1766956374904482e-05 -3.9603598987533978e-05 0 0 -2.9775532257089713e-05 0 -8.0554818601480548e-05 3.1792227808504893e-06 0
leaf_weight=239 740 26 97 111 51 58 180 348 27 2582 1309
leaf_count=239 740 26 97 111 51 58 180 348 27 2582 1309
internal_value=0 3.28815e-07 1.71545e-05 0 -1.39718e-05 0 -7.29195e-06 2.69852e-07 0 1.30295e-06 1.99612e-06
internal_weight=5768 4866 123 902 162 4743 238 4505 266 4239 3891
internal_count=5768 4866 123 902 162 4743 238 4505 266 4239 3891
is_linear=0
shrinkage=0.05


Tree=346
num_leaves=20
num_cat=0
split_feature=19 17 17 19 17 17 17 17 17 17 17 17 17 19 17 17 17 17 19
split_gain=2.19839e-07 7.96177e-06 0.000184827 3.28826e-06 4.91624e-05 1.02891e-05 6.03123e-06 3.80567e-05 2.49308e-05 2.55008e-06 2.43984e-06 1.34754e-05 2.06202e-05 0.000143514 1.86076e-06 6.12437e-07 1.11462e-06 1.4371e-07 8.525e-09
threshold=0.47441346153846159 7.200356359288631 7.6318409637684832 0.52767307692307708 7.200356359288631 7.1459464135563868 7.2133000484419894 7.6419255179732621 7.6673031450585656 7.1783939000347887 8.6973007686733208 7.8920499419587129 8.0434510209488543 0.63055769230769243 6.9599592149906035 7.784864722929397 7.2226790386014175 7.5545473360280555 0.53667307692307709
decision_type=2 2 2 2 2 2 2 2 2 2 2 2 2 2 2 2 2 2 2
left_child=1 9 -3 4 5 14 -6 17 -9 -1 11 15 13 -13 -2 16 -5 -8 -17
right_child=3 2 -4 10 6 -7 7 8 -10 -11 -12 12 -14 -15 -16 18 -18 -19 -20
leaf_value=0 0 0.00017935457515219847 0 0 -5.0575365884262215e-05 5.9564895670989457e-06 0 -5.9231229799075252e-05 0 -5.6178617005300982e-06 0 0 0 0.00011679079383611678 -4.3934576514783722e-06 0 1.8043428338110902e-06 1.3303470664790685e-06 -5.743717109518387e-07
leaf_weight=240 80 13.999999999999998 346 1227 56 724 196 44 29 201 22 11.999999999999998 183 32 240 86 1275 202 559
leaf_count=240 80 14 346 1227 56 724 196 44 29 201 22 12 183 32 240 86 1275 202 559
internal_value=0 8.27819e-07 7.52724e-06 0 -2.28679e-06 0 -1.5759e-05 -9.27875e-07 -3.59332e-05 0 0 1.34436e-06 1.32102e-05 4.50527e-05 0 0 7.39194e-07 0 -5.02984e-07
internal_weight=5768 801 360 4967 1571 1044 527 471 73 441 3396 3374 227 44 320 3147 2502 398 645
internal_count=5768 801 360 4967 1571 1044 527 471 73 441 3396 3374 227 44 320 3147 2502 398 645
is_linear=0
shrinkage=0.05


Tree=347
num_leaves=11
num_cat=0
split_feature=17 19 17 17 19 17 17 17 17 19
split_gain=2.11988e-07 1.08171e-06 3.33308e-05 9.10716e-06 5.76778e-06 7.8552e-07 1.9597e-05 3.16312e-07 2.08571e-06 2.70867e-07
threshold=7.115355359154643 0.66167307692307709 7.8479119156778632 8.0529439743463929 0.56805769230769243 7.6673031450585656 7.6831204213495203 7.6419255179732621 7.2133000484419894 0.43079807692307698
decision_type=2 2 2 2 2 2 2 2 2 2
left_child=9 2 5 -3 -4 7 -7 8 -2 -1
right_child=1 3 4 -5 -6 6 -8 -9 -10 -11
leaf_value=0 -7.6131545352478854e-07 1.8573321109270731e-05 0 0 -4.7246546381049679e-05 5.5979950702749178e-05 0 -1.109250561600896e-06 2.9886086132009699e-06 1.8210752974622518e-06
leaf_weight=228 2184 65 57 89 44 14.999999999999998 977 1305 441 363
leaf_count=228 2184 65 57 89 44 15 977 1305 441 363
internal_value=0 0 -7.33671e-07 0 -2.90421e-05 0 1.07504e-06 -4.55658e-07 0 9.46161e-07
internal_weight=5768 5177 5023 154 101 4922 992 3930 2625 591
internal_count=5768 5177 5023 154 101 4922 992 3930 2625 591
is_linear=0
shrinkage=0.05


Tree=348
num_leaves=11
num_cat=0
split_feature=17 19 17 17 19 17 17 17 17 19
split_gain=1.87707e-07 9.94536e-07 3.10453e-05 8.23234e-06 4.30767e-06 7.18244e-07 1.77962e-05 2.85567e-07 1.88266e-06 2.48195e-07
threshold=7.115355359154643 0.66167307692307709 7.8479119156778632 8.0529439743463929 0.56805769230769243 7.6673031450585656 7.6831204213495203 7.6419255179732621 7.2133000484419894 0.43079807692307698
decision_type=2 2 2 2 2 2 2 2 2 2
left_child=9 2 5 -3 -4 7 -7 8 -2 -1
right_child=1 3 4 -5 -6 6 -8 -9 -10 -11
leaf_value=0 -7.2322904880348268e-07 1.7658738616966837e-05 0 0 -4.4936716996340289e-05 5.3355879499576974e-05 0 -1.053832615374489e-06 2.8395121441722095e-06 1.730268959763234e-06
leaf_weight=228 2184 65 57 89 44 14.999999999999998 977 1305 441 363
leaf_count=228 2184 65 57 89 44 15 977 1305 441 363
internal_value=0 0 -7.03486e-07 0 -2.8023e-05 0 1.03276e-06 -4.32841e-07 0 8.90327e-07
internal_weight=5768 5177 5023 154 101 4922 992 3930 2625 591
internal_count=5768 5177 5023 154 101 4922 992 3930 2625 591
is_linear=0
shrinkage=0.05


Tree=349
num_leaves=7
num_cat=0
split_feature=19 19 19 19 19 19
split_gain=1.77348e-07 3.3533e-06 9.18296e-07 2.8331e-07 6.73738e-06 5.25963e-07
threshold=0.47441346153846159 0.52767307692307708 0.46442307692307699 0.78680769230769243 0.66167307692307709 0.61517307692307699
decision_type=2 2 2 2 2 2
left_child=2 -2 -1 4 5 -3
right_child=1 3 -4 -5 -6 -7
leaf_value=0 -2.3092979979196282e-06 1.2319440317907205e-07 2.2733524811145502e-06 0 1.2518456673465802e-05 -4.9832015407874256e-06
leaf_weight=272 1571 3192 529 43 111 50
leaf_count=272 1571 3192 529 43 111 50
internal_value=0 0 7.43525e-07 0 4.59536e-07 0
internal_weight=5768 4967 801 3396 3353 3242
internal_count=5768 4967 801 3396 3353 3242
is_linear=0
shrinkage=0.05


Tree=350
num_leaves=7
num_cat=0
split_feature=17 17 17 17 17 17
split_gain=1.83579e-07 3.74862e-07 1.39176e-06 5.48715e-07 1.65891e-05 5.21806e-07
threshold=7.115355359154643 7.2133000484419894 7.6419255179732621 7.6673031450585656 7.6831204213495203 7.8920499419587129
decision_type=2 2 2 2 2 2
left_child=-1 -2 -3 -4 -5 -6
right_child=1 2 3 4 5 -7
leaf_value=8.8048326786618473e-07 -6.5490716079450293e-07 2.8056958817368016e-06 -1.0248768868678565e-06 5.0912156002596003e-05 -1.1514017054044718e-06 0
leaf_weight=591 2184 441 1305 14.999999999999998 983 249
leaf_count=591 2184 441 1305 15 983 249
internal_value=0 0 0 0 0 0
internal_weight=5768 5177 2993 2552 1247 1232
internal_count=5768 5177 2993 2552 1247 1232
is_linear=0
shrinkage=0.05


Tree=351
num_leaves=8
num_cat=0
split_feature=10 19 10 19 19 19 19
split_gain=1.82356e-07 1.21604e-05 1.56522e-05 1.11384e-05 1.40265e-07 1.38723e-06 8.89192e-07
threshold=24.000000000000004 0.65192307692307705 48.000000000000007 0.61517307692307699 0.47441346153846159 0.53667307692307709 0.46442307692307699
decision_type=2 2 2 2 2 2 2
left_child=3 -2 -3 4 6 -6 -1
right_child=1 2 -4 -5 5 -7 -8
leaf_value=0 0 -2.6109033565530001e-05 0 5.0723820882426048e-05 -1.49149303177788e-06 0 2.2036174773090329e-06
leaf_weight=272 740 101 61 9.9999999999999982 1558 2497 529
leaf_count=272 740 101 61 10 1558 2497 529
internal_value=0 0 -1.36568e-05 3.06055e-07 0 0 6.61238e-07
internal_weight=5768 902 162 4866 4856 4055 801
internal_count=5768 902 162 4866 4856 4055 801
is_linear=0
shrinkage=0.05


Tree=352
num_leaves=8
num_cat=0
split_feature=10 19 10 19 19 19 19
split_gain=1.9041e-07 1.07625e-05 1.43643e-05 1.01246e-05 1.11132e-07 1.25207e-06 8.18156e-07
threshold=24.000000000000004 0.65192307692307705 48.000000000000007 0.61517307692307699 0.47441346153846159 0.53667307692307709 0.46442307692307699
decision_type=2 2 2 2 2 2 2
left_child=3 -2 -3 4 6 -6 -1
right_child=1 2 -4 -5 5 -7 -8
leaf_value=0 0 -2.4816375693726333e-05 0 4.8418195325542554e-05 -1.4169740693464771e-06 0 2.0936650938172117e-06
leaf_weight=272 740 101 61 9.9999999999999982 1558 2497 529
leaf_count=272 740 101 61 10 1558 2497 529
internal_value=0 0 -1.28479e-05 3.12741e-07 0 0 5.88576e-07
internal_weight=5768 902 162 4866 4856 4055 801
internal_count=5768 902 162 4866 4856 4055 801
is_linear=0
shrinkage=0.05


Tree=353
num_leaves=13
num_cat=0
split_feature=17 17 17 19 17 19 19 19 17 19 17 17
split_gain=2.48218e-07 1.5784e-05 1.9351e-05 0.00014089 1.31559e-06 5.28793e-06 3.10621e-05 2.23016e-06 6.92089e-05 3.25863e-06 4.21018e-05 1.00743e-06
threshold=8.6973007686733208 7.8920499419587129 8.0434510209488543 0.63055769230769243 7.6714616578013848 0.51805769230769239 0.52767307692307708 0.46442307692307699 7.1783939000347887 0.47441346153846159 7.6455694296173329 7.4662786483507304
decision_type=2 2 2 2 2 2 2 2 2 2 2 2
left_child=1 4 3 -3 7 -6 -7 8 -1 10 -9 -11
right_child=-2 2 -4 -5 5 6 -8 9 -10 11 -12 -13
leaf_value=0 0 0 0 0.00011555967288035335 0 -6.1342070996761309e-05 0 2.3811670552406993e-05 -7.8608923192535131e-05 0 0 1.4082351451974332e-06
leaf_weight=239 22 11.999999999999998 183 32 63 24 906 209 27 2519 263 1269
leaf_count=239 22 12 183 32 63 24 906 209 27 2519 263 1269
internal_value=0 3.28599e-07 1.32587e-05 4.43367e-05 0 -1.79319e-06 -4.19913e-06 1.43123e-07 0 1.15336e-06 5.40431e-06 0
internal_weight=5768 5746 227 44 5519 993 930 4526 266 4260 472 3788
internal_count=5768 5746 227 44 5519 993 930 4526 266 4260 472 3788
is_linear=0
shrinkage=0.05


Tree=354
num_leaves=11
num_cat=0
split_feature=17 19 17 17 19 17 17 17 17 19
split_gain=1.87752e-07 9.59749e-07 3.28578e-05 8.81981e-06 5.38772e-06 7.11752e-07 1.50088e-05 3.33664e-07 1.97307e-06 2.62228e-07
threshold=7.115355359154643 0.66167307692307709 7.8479119156778632 8.0529439743463929 0.56805769230769243 7.6673031450585656 7.6831204213495203 7.6419255179732621 7.2133000484419894 0.43079807692307698
decision_type=2 2 2 2 2 2 2 2 2 2
left_child=9 2 5 -3 -4 7 -7 8 -2 -1
right_child=1 3 4 -5 -6 6 -8 -9 -10 -11
leaf_value=0 -6.9312175024019493e-07 1.8277953830406515e-05 0 0 -4.6669832379039789e-05 4.9151415005326258e-05 0 -1.0651585035907476e-06 2.9639431465194846e-06 1.7579868062467123e-06
leaf_weight=228 2184 65 57 89 44 14.999999999999998 977 1305 441 363
leaf_count=228 2184 65 57 89 44 15 977 1305 441 363
internal_value=0 0 -6.91073e-07 0 -2.879e-05 0 1.0676e-06 -4.05878e-07 0 8.90432e-07
internal_weight=5768 5177 5023 154 101 4922 992 3930 2625 591
internal_count=5768 5177 5023 154 101 4922 992 3930 2625 591
is_linear=0
shrinkage=0.05


Tree=355
num_leaves=12
num_cat=0
split_feature=17 17 17 19 17 19 19 19 17 17 17
split_gain=1.78054e-07 1.4293e-05 1.76775e-05 0.0001335 1.21415e-06 5.12697e-06 2.81251e-05 1.98248e-06 6.29018e-05 2.83698e-06 3.14837e-06
threshold=8.6973007686733208 7.8920499419587129 8.0434510209488543 0.63055769230769243 7.6714616578013848 0.51805769230769239 0.52767307692307708 0.46442307692307699 7.1783939000347887 7.0395900374172458 7.6419255179732621
decision_type=2 2 2 2 2 2 2 2 2 2 2
left_child=1 4 3 -3 7 -6 -7 8 -1 -9 -11
right_child=-2 2 -4 -5 5 6 -8 9 -10 10 -12
leaf_value=0 0 0 0 0.00011202275597800812 0 -5.869256444275378e-05 0 0 -7.4941494635173247e-05 2.7689158016489961e-06 0
leaf_weight=239 22 11.999999999999998 183 32 63 24 906 348 27 2603 1309
leaf_count=239 22 12 183 32 63 24 906 348 27 2603 1309
internal_value=0 2.78307e-07 1.25966e-05 4.22615e-05 0 -1.73447e-06 -4.1206e-06 9.97307e-08 0 1.08338e-06 1.75802e-06
internal_weight=5768 5746 227 44 5519 993 930 4526 266 4260 3912
internal_count=5768 5746 227 44 5519 993 930 4526 266 4260 3912
is_linear=0
shrinkage=0.05


Tree=356
num_leaves=11
num_cat=0
split_feature=17 19 17 17 19 17 17 19 17 17
split_gain=1.6534e-07 1.07973e-06 3.426e-05 7.8176e-06 6.34385e-06 8.02198e-07 1.3896e-05 2.40144e-07 2.29699e-07 2.00748e-06
threshold=7.115355359154643 0.66167307692307709 7.8479119156778632 8.0529439743463929 0.56805769230769243 7.6673031450585656 7.6831204213495203 0.43079807692307698 7.2133000484419894 7.6419255179732621
decision_type=2 2 2 2 2 2 2 2 2 2
left_child=7 2 5 -3 -4 8 -7 -1 -2 -10
right_child=1 3 4 -5 -6 6 -8 -9 9 -11
leaf_value=0 -7.9331670416779047e-07 1.7208175073998666e-05 0 0 -4.8122283097149589e-05 4.7397717135027035e-05 0 1.6688066890500326e-06 2.8889314442050189e-06 -1.0090727815625597e-06
leaf_weight=228 2184 65 57 89 44 14.999999999999998 977 363 441 1305
leaf_count=228 2184 65 57 89 44 15 977 363 441 1305
internal_value=0 0 -7.32997e-07 0 -2.94308e-05 0 1.10141e-06 8.35599e-07 -4.51371e-07 0
internal_weight=5768 5177 5023 154 101 4922 992 591 3930 1746
internal_count=5768 5177 5023 154 101 4922 992 591 3930 1746
is_linear=0
shrinkage=0.05


Tree=357
num_leaves=11
num_cat=0
split_feature=17 19 17 17 19 17 17 19 17 17
split_gain=1.45711e-07 9.8845e-07 3.19026e-05 7.06664e-06 4.81644e-06 7.4013e-07 1.26105e-05 2.20342e-07 2.0734e-07 1.81211e-06
threshold=7.115355359154643 0.66167307692307709 7.8479119156778632 8.0529439743463929 0.56805769230769243 7.6673031450585656 7.6831204213495203 0.43079807692307698 7.2133000484419894 7.6419255179732621
decision_type=2 2 2 2 2 2 2 2 2 2
left_child=7 2 5 -3 -4 8 -7 -1 -2 -10
right_child=1 3 4 -5 -6 6 -8 -9 9 -11
leaf_value=0 -7.5366359962751437e-07 1.636080161640138e-05 0 0 -4.5769642107188697e-05 4.5175942359492171e-05 0 1.5855913859143446e-06 2.7448059769101831e-06 -9.5866364132752684e-07
leaf_weight=228 2184 65 57 89 44 14.999999999999998 977 363 441 1305
leaf_count=228 2184 65 57 89 44 15 977 363 441 1305
internal_value=0 0 -7.0133e-07 0 -2.83928e-05 0 1.06561e-06 7.84432e-07 -4.28788e-07 0
internal_weight=5768 5177 5023 154 101 4922 992 591 3930 1746
internal_count=5768 5177 5023 154 101 4922 992 591 3930 1746
is_linear=0
shrinkage=0.05


Tree=358
num_leaves=9
num_cat=0
split_feature=10 17 17 10 17 17 17 17
split_gain=1.44107e-07 1.37743e-05 6.78333e-06 6.62158e-06 4.41926e-06 8.48263e-07 1.92754e-06 5.76271e-07
threshold=24.000000000000004 7.6893425732886129 7.8479119156778632 48.000000000000007 7.6714616578013848 7.2133000484419894 7.6419255179732621 7.115355359154643
decision_type=2 2 2 2 2 2 2 2
left_child=1 4 -2 -4 5 7 -7 -1
right_child=2 -3 3 -5 -6 6 -8 -9
leaf_value=7.3582292807750941e-07 0 1.6751512171580425e-05 -1.3607010645380253e-05 0 -6.7483414561564689e-06 4.1076882719947131e-06 0 -7.1599838394219854e-07
leaf_weight=591 661 123 180 61 238 420 1310 2184
leaf_count=591 661 123 180 61 238 420 1310 2184
internal_value=0 2.72071e-07 0 -8.37112e-06 0 1.9082e-07 1.14887e-06 0
internal_weight=5768 4866 902 241 4743 4505 1730 2775
internal_count=5768 4866 902 241 4743 4505 1730 2775
is_linear=0
shrinkage=0.05


Tree=359
num_leaves=8
num_cat=0
split_feature=11 19 11 19 19 19 19
split_gain=1.329e-07 1.04288e-05 1.40525e-05 1.00161e-05 6.52209e-08 1.47142e-06 4.91376e-07
threshold=4.5000000000000009 0.65192307692307705 5.5000000000000009 0.61517307692307699 0.47441346153846159 0.53667307692307709 0.46442307692307699
decision_type=2 2 2 2 2 2 2
left_child=3 -2 -3 4 6 -6 -1
right_child=1 2 -4 -5 5 -7 -8
leaf_value=0 0 -2.449554020274138e-05 0 4.8026962586763205e-05 -1.5360832185718346e-06 0 1.6203260605628729e-06
leaf_weight=272 740 101 61 9.9999999999999982 1558 2497 529
leaf_count=272 740 101 61 10 1558 2497 529
internal_value=0 0 -1.26472e-05 2.61277e-07 0 0 4.50896e-07
internal_weight=5768 902 162 4866 4856 4055 801
internal_count=5768 902 162 4866 4856 4055 801
is_linear=0
shrinkage=0.05


Tree=360
num_leaves=12
num_cat=0
split_feature=17 17 17 19 17 19 19 19 17 17 17
split_gain=1.81052e-07 1.52825e-05 1.66934e-05 0.000131661 1.15772e-06 5.00457e-06 2.63604e-05 1.82296e-06 5.76328e-05 2.80198e-06 2.84266e-06
threshold=8.6973007686733208 7.8920499419587129 8.0434510209488543 0.63055769230769243 7.6714616578013848 0.51805769230769239 0.52767307692307708 0.46442307692307699 7.1783939000347887 7.0395900374172458 7.6419255179732621
decision_type=2 2 2 2 2 2 2 2 2 2 2
left_child=1 4 3 -3 7 -6 -7 8 -1 -9 -11
right_child=-2 2 -4 -5 5 6 -8 9 -10 10 -12
leaf_value=0 0 0 0 0.00011140231522872592 0 -5.7020116783678518e-05 0 0 -7.1734144418899502e-05 2.6793210982940001e-06 0
leaf_weight=239 22 11.999999999999998 183 32 63 24 906 348 27 2603 1309
leaf_count=239 22 12 183 32 63 24 906 348 27 2603 1309
internal_value=0 2.80641e-07 1.30214e-05 4.22669e-05 0 -1.69916e-06 -4.06463e-06 7.35445e-08 0 1.03697e-06 1.72079e-06
internal_weight=5768 5746 227 44 5519 993 930 4526 266 4260 3912
internal_count=5768 5746 227 44 5519 993 930 4526 266 4260 3912
is_linear=0
shrinkage=0.05


Tree=361
num_leaves=8
num_cat=0
split_feature=10 19 10 19 19 19 19
split_gain=1.05444e-07 9.53534e-06 1.32087e-05 8.73783e-06 7.49798e-08 1.44744e-06 3.93708e-07
threshold=24.000000000000004 0.65192307692307705 48.000000000000007 0.61517307692307699 0.47441346153846159 0.53667307692307709 0.46442307692307699
decision_type=2 2 2 2 2 2 2
left_child=3 -2 -3 4 6 -6 -1
right_child=1 2 -4 -5 5 -7 -8
leaf_value=0 0 -2.3610413111015861e-05 0 4.4831192671236643e-05 -1.5235176934434112e-06 0 1.4868735420607677e-06
leaf_weight=272 740 101 61 9.9999999999999982 1558 2497 529
leaf_count=272 740 101 61 10 1558 2497 529
internal_value=0 0 -1.20933e-05 2.32729e-07 0 0 4.83454e-07
internal_weight=5768 902 162 4866 4856 4055 801
internal_count=5768 902 162 4866 4856 4055 801
is_linear=0
shrinkage=0.05


Tree=362
num_leaves=13
num_cat=0
split_feature=17 17 19 19 17 19 19 19 17 19 17 17
split_gain=1.41097e-07 1.44022e-05 1.44659e-05 6.11082e-06 1.05613e-06 4.85733e-06 2.34761e-05 1.61566e-06 5.22093e-05 2.64867e-06 3.76552e-05 8.69829e-07
threshold=8.6973007686733208 7.8920499419587129 0.78680769230769243 0.65192307692307705 7.6714616578013848 0.51805769230769239 0.52767307692307708 0.46442307692307699 7.1783939000347887 0.47441346153846159 7.6455694296173329 7.4662786483507304
decision_type=2 2 2 2 2 2 2 2 2 2 2 2
left_child=1 4 3 -3 7 -6 -7 8 -1 10 -9 -11
right_child=-2 2 -4 -5 5 6 -8 9 -10 11 -12 -13
leaf_value=0 0 0 0 2.7631119303607744e-05 0 -5.421001203358173e-05 0 2.2339881974316779e-05 -6.8275531687374621e-05 0 0 1.3085339927869869e-06
leaf_weight=239 22 87 26 114 63 24 906 209 27 2519 263 1269
leaf_count=239 22 87 26 114 63 24 906 209 27 2519 263 1269
internal_value=0 2.47747e-07 1.2628e-05 1.89479e-05 0 -1.62799e-06 -3.9841e-06 3.59721e-08 0 9.74326e-07 4.74881e-06 0
internal_weight=5768 5746 227 201 5519 993 930 4526 266 4260 472 3788
internal_count=5768 5746 227 201 5519 993 930 4526 266 4260 472 3788
is_linear=0
shrinkage=0.05


Tree=363
num_leaves=8
num_cat=0
split_feature=10 19 10 19 19 19 19
split_gain=8.70158e-08 9.8819e-06 1.2776e-05 7.87627e-06 2.13945e-08 1.25072e-06 1.78973e-07
threshold=24.000000000000004 0.65192307692307705 48.000000000000007 0.61517307692307699 0.47441346153846159 0.53667307692307709 0.46442307692307699
decision_type=2 2 2 2 2 2 2
left_child=3 -2 -3 4 6 -6 -1
right_child=1 2 -4 -5 5 -7 -8
leaf_value=0 0 -2.3565681893195882e-05 0 4.2542193338952257e-05 -1.4162097876373859e-06 0 9.7217799249744295e-07
leaf_weight=272 740 101 61 9.9999999999999982 1558 2497 529
leaf_count=272 740 101 61 10 1558 2497 529
internal_value=0 0 -1.23111e-05 2.11416e-07 0 0 2.58246e-07
internal_weight=5768 902 162 4866 4856 4055 801
internal_count=5768 902 162 4866 4856 4055 801
is_linear=0
shrinkage=0.05


Tree=364
num_leaves=3
num_cat=0
split_feature=10 10
split_gain=9.80578e-08 6.3e-09
threshold=24.000000000000004 48.000000000000007
decision_type=2 2
left_child=-1 -2
right_child=1 -3
leaf_value=2.2442977872684511e-07 -1.3676788832111841e-07 0
leaf_weight=4866 841 61
leaf_count=4866 841 61
internal_value=0 0
internal_weight=5768 902
internal_count=5768 902
is_linear=0
shrinkage=0.05


Tree=365
num_leaves=7
num_cat=0
split_feature=17 17 17 17 17 17
split_gain=1.40876e-07 6.37628e-07 1.39807e-06 5.24803e-07 1.26013e-05 2.66293e-07
threshold=7.115355359154643 7.2133000484419894 7.6419255179732621 7.6673031450585656 7.6831204213495203 7.8920499419587129
decision_type=2 2 2 2 2 2
left_child=-1 -2 -3 -4 -5 -6
right_child=1 2 3 4 5 -7
leaf_value=7.7130848129289318e-07 -8.5413776917779455e-07 2.8120536167923633e-06 -1.0022972114983184e-06 4.4372956035658701e-05 -8.2253095433401062e-07 0
leaf_weight=591 2184 441 1305 14.999999999999998 983 249
leaf_count=591 2184 441 1305 15 983 249
internal_value=0 0 0 0 0 0
internal_weight=5768 5177 2993 2552 1247 1232
internal_count=5768 5177 2993 2552 1247 1232
is_linear=0
shrinkage=0.05


Tree=366
num_leaves=11
num_cat=0
split_feature=17 19 17 17 19 17 17 17 17 19
split_gain=1.27161e-07 1.04618e-06 3.28012e-05 8.43192e-06 6.76954e-06 8.74363e-07 1.09162e-05 2.32586e-07 1.73572e-06 2.25301e-07
threshold=7.115355359154643 0.66167307692307709 7.8479119156778632 8.0529439743463929 0.56805769230769243 7.6673031450585656 7.6831204213495203 7.2133000484419894 7.6419255179732621 0.43079807692307698
decision_type=2 2 2 2 2 2 2 2 2 2
left_child=9 2 5 -3 -4 7 -7 -2 -9 -1
right_child=1 3 4 -5 -6 6 -8 8 -10 -11
leaf_value=0 -8.1144143492665376e-07 1.7871512399958159e-05 0 0 -4.7502602657510173e-05 4.2292975122109044e-05 0 2.6717578481416091e-06 -9.5222182267033132e-07 1.555878136039629e-06
leaf_weight=228 2184 65 57 89 44 14.999999999999998 977 441 1305 363
leaf_count=228 2184 65 57 89 44 15 977 441 1305 363
internal_value=0 0 -7.21519e-07 0 -2.88027e-05 0 1.15674e-06 -4.66976e-07 0 7.32802e-07
internal_weight=5768 5177 5023 154 101 4922 992 3930 1746 591
internal_count=5768 5177 5023 154 101 4922 992 3930 1746 591
is_linear=0
shrinkage=0.05


Tree=367
num_leaves=12
num_cat=0
split_feature=17 17 19 19 17 19 19 19 17 17 17
split_gain=1.35705e-07 1.41056e-05 1.41184e-05 4.42977e-06 9.58082e-07 4.63021e-06 2.149e-05 1.50549e-06 4.7641e-05 2.59337e-06 2.54872e-06
threshold=8.6973007686733208 7.8920499419587129 0.78680769230769243 0.65192307692307705 7.6714616578013848 0.51805769230769239 0.52767307692307708 0.46442307692307699 7.1783939000347887 7.0395900374172458 7.6419255179732621
decision_type=2 2 2 2 2 2 2 2 2 2 2
left_child=1 4 3 -3 7 -6 -7 8 -1 -9 -11
right_child=-2 2 -4 -5 5 6 -8 9 -10 10 -12
leaf_value=0 0 0 0 2.6698598688792275e-05 0 -5.2036167308688152e-05 0 0 -6.5220073530716552e-05 2.5264145234637623e-06 0
leaf_weight=239 22 87 26 114 63 24 906 348 27 2603 1309
leaf_count=239 22 87 26 114 63 24 906 348 27 2603 1309
internal_value=0 2.42967e-07 1.24962e-05 1.87346e-05 0 -1.55173e-06 -3.87353e-06 1.97973e-08 0 9.40059e-07 1.61839e-06
internal_weight=5768 5746 227 201 5519 993 930 4526 266 4260 3912
internal_count=5768 5746 227 201 5519 993 930 4526 266 4260 3912
is_linear=0
shrinkage=0.05


Tree=368
num_leaves=11
num_cat=0
split_feature=17 19 17 17 19 17 17 17 17 19
split_gain=1.1087e-07 1.05849e-06 3.0602e-05 6.4881e-06 5.37221e-06 9.60892e-07 1.00925e-05 2.98041e-07 1.617e-06 2.06725e-07
threshold=7.115355359154643 0.66167307692307709 7.8479119156778632 8.0529439743463929 0.56805769230769243 7.6673031450585656 7.6831204213495203 7.2133000484419894 7.6419255179732621 0.43079807692307698
decision_type=2 2 2 2 2 2 2 2 2 2
left_child=9 2 5 -3 -4 7 -7 -2 -9 -1
right_child=1 3 4 -5 -6 6 -8 8 -10 -11
leaf_value=0 -8.9407264142035059e-07 1.5676780727296838e-05 0 0 -4.535823501646518e-05 4.0798324625939118e-05 0 2.5963612328540547e-06 -9.0215727312498885e-07 1.4769171232998539e-06
leaf_weight=228 2184 65 57 89 44 14.999999999999998 977 441 1305 363
leaf_count=228 2184 65 57 89 44 15 977 441 1305 363
internal_value=0 0 -7.25753e-07 0 -2.78566e-05 0 1.18768e-06 -5.04751e-07 0 6.84251e-07
internal_weight=5768 5177 5023 154 101 4922 992 3930 1746 591
internal_count=5768 5177 5023 154 101 4922 992 3930 1746 591
is_linear=0
shrinkage=0.05


Tree=369
num_leaves=11
num_cat=0
split_feature=17 19 17 17 19 17 17 17 17 19
split_gain=9.66821e-08 9.62951e-07 2.85127e-05 5.86486e-06 4.02451e-06 8.93119e-07 9.14593e-06 2.69029e-07 1.45963e-06 1.90031e-07
threshold=7.115355359154643 0.66167307692307709 7.8479119156778632 8.0529439743463929 0.56805769230769243 7.6673031450585656 7.6831204213495203 7.2133000484419894 7.6419255179732621 0.43079807692307698
decision_type=2 2 2 2 2 2 2 2 2 2
left_child=9 2 5 -3 -4 7 -7 -2 -9 -1
right_child=1 3 4 -5 -6 6 -8 8 -10 -11
leaf_value=0 -8.493896170990281e-07 1.4904820056857932e-05 0 0 -4.3140721041709179e-05 3.8885885733179731e-05 0 2.4668412150449549e-06 -8.5708148113222255e-07 1.4032771742767085e-06
leaf_weight=228 2184 65 57 89 44 14.999999999999998 977 441 1305 363
leaf_count=228 2184 65 57 89 44 15 977 441 1305 363
internal_value=0 0 -6.92225e-07 0 -2.68783e-05 0 1.15687e-06 -4.79502e-07 0 6.38973e-07
internal_weight=5768 5177 5023 154 101 4922 992 3930 1746 591
internal_count=5768 5177 5023 154 101 4922 992 3930 1746 591
is_linear=0
shrinkage=0.05


Tree=370
num_leaves=12
num_cat=0
split_feature=17 17 17 19 17 19 19 19 17 17 17
split_gain=1.07458e-07 1.33981e-05 1.99399e-05 0.000130799 9.07997e-07 4.48239e-06 1.96261e-05 1.35942e-06 4.34469e-05 2.54818e-06 2.25506e-06
threshold=8.6973007686733208 7.8920499419587129 8.0434510209488543 0.63055769230769243 7.6714616578013848 0.51805769230769239 0.52767307692307708 0.46442307692307699 7.1783939000347887 7.0395900374172458 7.6419255179732621
decision_type=2 2 2 2 2 2 2 2 2 2 2
left_child=1 4 3 -3 7 -6 -7 8 -1 -9 -11
right_child=-2 2 -4 -5 5 6 -8 9 -10 10 -12
leaf_value=0 0 0 0 0.00011154716763871185 0 -5.001653470098972e-05 0 0 -6.2283156107046763e-05 2.4323917024815564e-06 0
leaf_weight=239 22 11.999999999999998 183 32 63 24 906 348 27 2603 1309
leaf_count=239 22 12 183 32 63 24 906 348 27 2603 1309
internal_value=0 2.16207e-07 1.21691e-05 4.31054e-05 0 -1.51119e-06 -3.80457e-06 0 0 8.93083e-07 1.58005e-06
internal_weight=5768 5746 227 44 5519 993 930 4526 266 4260 3912
internal_count=5768 5746 227 44 5519 993 930 4526 266 4260 3912
is_linear=0
shrinkage=0.05


Tree=371
num_leaves=11
num_cat=0
split_feature=17 19 17 17 19 17 17 17 17 19
split_gain=8.38679e-08 1.06477e-06 2.99885e-05 5.17577e-06 4.99262e-06 9.76807e-07 8.45486e-06 3.32391e-07 1.36111e-06 1.74444e-07
threshold=7.115355359154643 0.66167307692307709 7.8479119156778632 8.0529439743463929 0.56805769230769243 7.6673031450585656 7.6831204213495203 7.2133000484419894 7.6419255179732621 0.43079807692307698
decision_type=2 2 2 2 2 2 2 2 2 2
left_child=9 2 5 -3 -4 7 -7 -2 -9 -1
right_child=1 3 4 -5 -6 6 -8 8 -10 -11
leaf_value=0 -9.255263724234337e-07 1.4001859341409391e-05 0 0 -4.4749859151326947e-05 3.7532039568759489e-05 0 2.3981237691712278e-06 -8.1187429515021636e-07 1.3319620995969085e-06
leaf_weight=228 2184 65 57 89 44 14.999999999999998 977 441 1305 363
leaf_count=228 2184 65 57 89 44 15 977 441 1305 363
internal_value=0 0 -7.27903e-07 0 -2.75882e-05 0 1.18794e-06 -5.14529e-07 0 5.95123e-07
internal_weight=5768 5177 5023 154 101 4922 992 3930 1746 591
internal_count=5768 5177 5023 154 101 4922 992 3930 1746 591
is_linear=0
shrinkage=0.05


Tree=372
num_leaves=12
num_cat=0
split_feature=10 17 19 19 17 17 19 19 17 17 17
split_gain=8.26731e-08 1.54407e-05 4.40899e-05 1.16215e-05 5.55485e-05 4.27495e-06 5.29207e-05 1.61765e-06 3.94887e-05 2.79052e-06 2.46188e-06
threshold=24.000000000000004 7.6893425732886129 0.53667307692307709 0.65192307692307705 8.2106037135369139 7.6714616578013848 0.51805769230769239 0.46442307692307699 7.1783939000347887 7.0395900374172458 7.6419255179732621
decision_type=2 2 2 2 2 2 2 2 2 2 2
left_child=1 5 -3 -2 -5 7 -7 8 -1 -9 -11
right_child=3 2 -4 4 -6 6 -8 9 -10 10 -12
leaf_value=0 0 0 3.8996756145711607e-05 -3.8721189349806604e-05 0 0 -2.8103271824724518e-05 0 -5.9378246244575288e-05 2.581352496153177e-06 0
leaf_weight=239 740 26 97 111 51 58 180 348 27 2582 1309
leaf_count=239 740 26 97 111 51 58 180 348 27 2582 1309
internal_value=0 2.06073e-07 1.7691e-05 0 -1.33508e-05 0 -6.67569e-06 8.98289e-08 0 9.8101e-07 1.6855e-06
internal_weight=5768 4866 123 902 162 4743 238 4505 266 4239 3891
internal_count=5768 4866 123 902 162 4743 238 4505 266 4239 3891
is_linear=0
shrinkage=0.05


Tree=373
num_leaves=7
num_cat=0
split_feature=19 19 19 19 19 19
split_gain=6.56224e-08 3.80887e-06 2.61729e-07 5.76089e-06 6.67904e-07 1.30734e-07
threshold=0.47441346153846159 0.52767307692307708 0.78680769230769243 0.66167307692307709 0.61517307692307699 0.46442307692307699
decision_type=2 2 2 2 2 2
left_child=5 -2 3 4 -3 -1
right_child=1 2 -4 -5 -6 -7
leaf_value=0 -2.4611711648408956e-06 1.4675075643184866e-07 0 1.1594542426921958e-05 -5.6028624941759201e-06 9.6239884805981952e-07
leaf_weight=272 1571 3192 43 111 50 529
leaf_count=272 1571 3192 43 111 50 529
internal_value=0 0 0 4.41687e-07 0 4.52281e-07
internal_weight=5768 4967 3396 3353 3242 801
internal_count=5768 4967 3396 3353 3242 801
is_linear=0
shrinkage=0.05


Tree=374
num_leaves=12
num_cat=0
split_feature=17 17 17 19 17 19 19 19 17 17 17
split_gain=8.65184e-08 1.3389e-05 1.68496e-05 0.000125309 7.46778e-07 4.18546e-06 1.76818e-05 1.07263e-06 3.57727e-05 2.31153e-06 1.91841e-06
threshold=8.6973007686733208 7.8920499419587129 8.0434510209488543 0.63055769230769243 7.6714616578013848 0.51805769230769239 0.52767307692307708 0.46442307692307699 7.1783939000347887 7.0395900374172458 7.6419255179732621
decision_type=2 2 2 2 2 2 2 2 2 2 2
left_child=1 4 3 -3 7 -6 -7 8 -1 -9 -11
right_child=-2 2 -4 -5 5 6 -8 9 -10 10 -12
leaf_value=0 0 0 0 0.00010858385865999894 0 -4.7554184868931767e-05 0 0 -5.6515377280967566e-05 2.2562784373700496e-06 0
leaf_weight=239 22 11.999999999999998 183 32 63 24 906 348 27 2603 1309
leaf_count=239 22 12 183 32 63 24 906 348 27 2603 1309
internal_value=0 1.94001e-07 1.21556e-05 4.10454e-05 0 -1.37048e-06 -3.6393e-06 0 0 7.93304e-07 1.47042e-06
internal_weight=5768 5746 227 44 5519 993 930 4526 266 4260 3912
internal_count=5768 5746 227 44 5519 993 930 4526 266 4260 3912
is_linear=0
shrinkage=0.05


Tree=375
num_leaves=7
num_cat=0
split_feature=19 19 19 19 19 19
split_gain=7.5903e-08 3.60115e-06 1.46192e-07 5.19904e-06 1.50042e-06 1.1444e-07
threshold=0.47441346153846159 0.52767307692307708 0.78680769230769243 0.66167307692307709 0.61517307692307699 0.43079807692307698
decision_type=2 2 2 2 2 2
left_child=5 -2 3 4 -3 -1
right_child=1 2 -4 -5 -6 -7
leaf_value=0 -2.3931202579940771e-06 1.0000054574556375e-07 0 1.0923056667836914e-05 -8.539553576459482e-06 9.1050650150910977e-07
leaf_weight=228 1571 3192 43 111 50 573
leaf_count=228 1571 3192 43 111 50 573
internal_value=0 0 0 3.30103e-07 0 4.86421e-07
internal_weight=5768 4967 3396 3353 3242 801
internal_count=5768 4967 3396 3353 3242 801
is_linear=0
shrinkage=0.05


Tree=376
num_leaves=10
num_cat=0
split_feature=17 19 17 19 17 17 17 17 19
split_gain=9.79027e-08 1.09087e-06 3.08401e-05 5.37474e-06 5.04804e-06 1.22496e-06 9.0376e-07 9.93828e-07 1.91489e-07
threshold=7.115355359154643 0.66167307692307709 7.8479119156778632 0.56805769230769243 8.0529439743463929 7.2133000484419894 7.6419255179732621 7.6673031450585656 0.43079807692307698
decision_type=2 2 2 2 2 2 2 2 2
left_child=8 2 5 -4 -3 -2 -7 -8 -1
right_child=1 4 3 -5 -6 6 7 -9 -10
leaf_value=0 -1.0338744054840412e-06 1.3828008492110351e-05 0 -4.5525179761979311e-05 0 2.5992738859326577e-06 -7.8701084376466809e-07 1.2990241951880315e-06 1.4098164111991139e-06
leaf_weight=228 2184 65 57 44 89 441 1305 992 363
leaf_count=228 2184 65 57 44 89 441 1305 992 363
internal_value=0 0 -7.3677e-07 -2.79754e-05 0 0 5.15142e-07 0 6.42993e-07
internal_weight=5768 5177 5023 101 154 4922 2738 2297 591
internal_count=5768 5177 5023 101 154 4922 2738 2297 591
is_linear=0
shrinkage=0.05


Tree=377
num_leaves=3
num_cat=0
split_feature=10 10
split_gain=8.66299e-08 5.35022e-08
threshold=24.000000000000004 48.000000000000007
decision_type=2 2
left_child=-1 -2
right_child=1 -3
leaf_value=2.1094698444319203e-07 -3.98565481102753e-07 0
leaf_weight=4866 841 61
leaf_count=4866 841 61
internal_value=0 0
internal_weight=5768 902
internal_count=5768 902
is_linear=0
shrinkage=0.05


Tree=378
num_leaves=3
num_cat=0
split_feature=10 10
split_gain=7.81878e-08 4.83071e-08
threshold=24.000000000000004 48.000000000000007
decision_type=2 2
left_child=-1 -2
right_child=1 -3
leaf_value=2.0040517087184035e-07 -3.7872091332791152e-07 0
leaf_weight=4866 841 61
leaf_count=4866 841 61
internal_value=0 0
internal_weight=5768 902
internal_count=5768 902
is_linear=0
shrinkage=0.05


Tree=379
num_leaves=10
num_cat=0
split_feature=17 19 17 17 19 17 17 17 19
split_gain=7.94512e-08 1.04197e-06 2.86175e-05 4.58847e-06 4.0491e-06 1.13468e-06 8.07062e-07 9.30831e-07 1.73863e-07
threshold=7.115355359154643 0.66167307692307709 7.8479119156778632 8.0529439743463929 0.56805769230769243 7.2133000484419894 7.6419255179732621 7.6673031450585656 0.43079807692307698
decision_type=2 2 2 2 2 2 2 2 2
left_child=8 2 5 -3 -4 -2 -7 -8 -1
right_child=1 3 4 -5 -6 6 7 -9 -10
leaf_value=0 -1.0027707462759531e-06 1.3183537239180591e-05 0 0 -4.3274711455321976e-05 2.4519095985362155e-06 -7.682374613837352e-07 1.2519033479616596e-06 1.3190139833278691e-06
leaf_weight=228 2184 65 57 89 44 441 1305 992 363
leaf_count=228 2184 65 57 89 44 441 1305 992 363
internal_value=0 0 -7.20066e-07 0 -2.6962e-05 0 4.8323e-07 0 5.79241e-07
internal_weight=5768 5177 5023 154 101 4922 2738 2297 591
internal_count=5768 5177 5023 154 101 4922 2738 2297 591
is_linear=0
shrinkage=0.05


Tree=380
num_leaves=12
num_cat=0
split_feature=10 17 19 19 17 17 19 19 17 17 17
split_gain=8.36912e-08 1.38168e-05 4.05707e-05 1.13042e-05 5.43977e-05 3.18328e-06 4.89105e-05 1.44353e-06 3.27326e-05 2.65933e-06 2.19942e-06
threshold=24.000000000000004 7.6893425732886129 0.53667307692307709 0.65192307692307705 8.2106037135369139 7.6714616578013848 0.51805769230769239 0.46442307692307699 7.1783939000347887 7.0395900374172458 7.6419255179732621
decision_type=2 2 2 2 2 2 2 2 2 2 2
left_child=1 5 -3 -2 -5 7 -7 8 -1 -9 -11
right_child=3 2 -4 4 -6 6 -8 9 -10 10 -12
leaf_value=0 0 0 3.7276925749563589e-05 -3.8295672379068233e-05 0 0 -2.6821800261910859e-05 0 -5.40606803925974e-05 2.4714459936169492e-06 0
leaf_weight=239 740 26 97 111 51 58 180 348 27 2582 1309
leaf_count=239 740 26 97 111 51 58 180 348 27 2582 1309
internal_value=0 2.07338e-07 1.67407e-05 0 -1.31673e-05 0 -5.76267e-06 6.89184e-08 0 9.25303e-07 1.6251e-06
internal_weight=5768 4866 123 902 162 4743 238 4505 266 4239 3891
internal_count=5768 4866 123 902 162 4743 238 4505 266 4239 3891
is_linear=0
shrinkage=0.05


Tree=381
num_leaves=17
num_cat=0
split_feature=19 17 17 17 19 17 17 17 17 17 17 19 17 17 17 19
split_gain=8.81068e-08 1.02833e-05 0.000179408 5.52637e-06 3.67488e-06 5.24912e-05 1.05856e-05 7.05806e-06 2.2661e-06 1.18186e-05 1.64508e-05 0.000123139 1.7074e-06 4.86055e-07 1.80128e-06 1.97173e-09
threshold=0.47441346153846159 7.200356359288631 7.6318409637684832 7.1783939000347887 0.52767307692307708 7.200356359288631 7.1459464135563868 7.6673031450585656 8.6973007686733208 7.8920499419587129 8.0434510209488543 0.63055769230769243 6.9599592149906035 7.784864722929397 7.2226790386014175 0.53667307692307709
decision_type=2 2 2 2 2 2 2 2 2 2 2 2 2 2 2 2
left_child=1 3 -3 -1 5 6 12 -7 9 13 11 -11 -2 14 -6 -15
right_child=4 2 -4 -5 8 7 -8 -9 -10 10 -12 -13 -14 15 -16 -17
leaf_value=0 0 0.00017784811432162918 0 -8.2701646566095907e-06 0 -1.7797583182209839e-05 6.0416876627453446e-06 0 0 0 0 0.00010789801437181956 -4.208516986476434e-06 0 2.1084824968005315e-06 -3.0047207006386298e-07
leaf_weight=240 80 13.999999999999998 346 201 1227 498 724 29 22 11.999999999999998 183 32 240 86 1275 559
leaf_count=240 80 14 346 201 1227 498 724 29 22 12 183 32 240 86 1275 559
internal_value=0 5.24068e-07 8.4749e-06 0 0 -2.41749e-06 0 -1.63076e-05 0 1.2956e-06 1.24273e-05 4.11876e-05 0 0 6.83551e-07 -2.6577e-07
internal_weight=5768 801 360 441 4967 1571 1044 527 3396 3374 227 44 320 3147 2502 645
internal_count=5768 801 360 441 4967 1571 1044 527 3396 3374 227 44 320 3147 2502 645
is_linear=0
shrinkage=0.05


Tree=382
num_leaves=10
num_cat=0
split_feature=17 17 17 19 19 17 17 17 19
split_gain=8.26888e-08 1.12102e-06 1.61469e-06 7.78166e-06 4.24751e-06 2.8373e-05 2.68219e-06 9.73849e-06 1.77977e-07
threshold=7.115355359154643 7.2133000484419894 7.6419255179732621 0.46442307692307699 0.52767307692307708 7.6455694296173329 8.6973007686733208 7.8920499419587129 0.43079807692307698
decision_type=2 2 2 2 2 2 2 2 2
left_child=8 -2 3 -3 5 -4 7 -6 -1
right_child=1 2 4 -5 6 -7 -8 -9 -10
leaf_value=0 -1.1325344726767229e-06 0 -4.2105246811052381e-05 7.4965483119096335e-06 0 0 0 1.1670118368336964e-05 1.3380163659598763e-06
leaf_weight=228 2184 24 45 417 1903 355 22 227 363
leaf_count=228 2184 24 45 417 1903 355 22 227 363
internal_value=0 0 0 3.02206e-06 0 -5.14594e-06 0 1.77387e-06 5.90925e-07
internal_weight=5768 5177 2993 441 2552 400 2152 2130 591
internal_count=5768 5177 2993 441 2552 400 2152 2130 591
is_linear=0
shrinkage=0.05


Tree=383
num_leaves=9
num_cat=0
split_feature=11 17 17 11 17 17 17 17
split_gain=7.28486e-08 1.11901e-05 7.40962e-06 6.17497e-06 2.23544e-06 1.16683e-06 1.81917e-06 1.08338e-06
threshold=4.5000000000000009 7.6893425732886129 7.8479119156778632 5.5000000000000009 7.6714616578013848 7.2133000484419894 7.6419255179732621 7.115355359154643
decision_type=2 2 2 2 2 2 2 2
left_child=1 4 -2 -4 5 7 -7 -1
right_child=2 -3 3 -5 -6 6 -8 -9
leaf_value=5.4990660459765919e-07 0 1.5068874730082649e-05 -1.3698010830188077e-05 0 -4.8307176916465497e-06 4.2140919314487221e-06 0 -1.0759359752030477e-06
leaf_weight=591 661 123 180 61 238 420 1310 2184
leaf_count=591 661 123 180 61 238 420 1310 2184
internal_value=0 1.93156e-07 -2.44057e-08 -8.74917e-06 0 5.01754e-08 1.30067e-06 0
internal_weight=5768 4866 902 241 4743 4505 1730 2775
internal_count=5768 4866 902 241 4743 4505 1730 2775
is_linear=0
shrinkage=0.05


Tree=384
num_leaves=9
num_cat=0
split_feature=10 17 17 10 17 17 17 17
split_gain=6.91988e-08 1.0104e-05 6.57207e-06 5.69535e-06 2.01934e-06 1.07604e-06 1.61855e-06 9.77854e-07
threshold=24.000000000000004 7.6893425732886129 7.8479119156778632 48.000000000000007 7.6714616578013848 7.2133000484419894 7.6419255179732621 7.115355359154643
decision_type=2 2 2 2 2 2 2 2
left_child=1 4 -2 -4 5 7 -7 -1
right_child=2 -3 3 -5 -6 6 -8 -9
leaf_value=5.2245378478924152e-07 0 1.4321508924401694e-05 -1.3016893307148421e-05 0 -4.5901913414492505e-06 4.0038951846545297e-06 0 -1.0221896424582675e-06
leaf_weight=591 661 123 180 61 238 420 1310 2184
leaf_count=591 661 123 180 61 238 420 1310 2184
internal_value=0 1.88533e-07 0 -8.23974e-06 0 5.29918e-08 1.24955e-06 0
internal_weight=5768 4866 902 241 4743 4505 1730 2775
internal_count=5768 4866 902 241 4743 4505 1730 2775
is_linear=0
shrinkage=0.05


Tree=385
num_leaves=8
num_cat=0
split_feature=17 17 17 17 17 17 17
split_gain=7.28281e-08 1.30898e-05 1.19325e-05 7.57989e-07 5.02935e-07 8.82514e-07 4.14517e-07
threshold=8.6973007686733208 7.8920499419587129 8.0434510209488543 7.6714616578013848 7.2133000484419894 7.115355359154643 7.6419255179732621
decision_type=2 2 2 2 2 2 2
left_child=1 3 -3 4 5 -1 -6
right_child=-2 2 -4 -5 6 -7 -8
leaf_value=4.9636655898506686e-07 0 3.7338637798610659e-05 0 -1.3807282965180323e-06 2.2779826154643708e-06 -9.7107563862572806e-07 0
leaf_weight=591 22 44 183 993 441 2184 1310
leaf_count=591 22 44 183 993 441 2184 1310
internal_value=0 1.77991e-07 1.20136e-05 0 0 0 8.47147e-07
internal_weight=5768 5746 227 5519 4526 2775 1751
internal_count=5768 5746 227 5519 4526 2775 1751
is_linear=0
shrinkage=0.05


Tree=386
num_leaves=17
num_cat=0
split_feature=19 17 17 17 19 17 17 17 17 17 19 19 17 17 17 19
split_gain=8.59133e-08 9.54662e-06 0.000162447 4.7282e-06 3.4151e-06 5.05926e-05 1.02661e-05 6.47254e-06 2.19036e-06 1.01947e-05 1.2732e-05 4.2722e-06 1.54973e-06 5.02486e-07 1.50205e-06 1.71069e-09
threshold=0.47441346153846159 7.200356359288631 7.6318409637684832 7.1783939000347887 0.52767307692307708 7.200356359288631 7.1459464135563868 7.6673031450585656 8.6973007686733208 7.8920499419587129 0.78680769230769243 0.65192307692307705 6.9599592149906035 7.784864722929397 7.2226790386014175 0.53667307692307709
decision_type=2 2 2 2 2 2 2 2 2 2 2 2 2 2 2 2
left_child=1 3 -3 -1 5 6 12 -7 9 13 11 -11 -2 14 -6 -15
right_child=4 2 -4 -5 8 7 -8 -9 -10 10 -12 -13 -14 15 -16 -17
leaf_value=0 0 0.00016935171124835807 0 -7.6496592344771514e-06 0 -1.7407103656289093e-05 5.9498145534046767e-06 0 0 0 0 2.527640650615744e-05 -4.0094993421150921e-06 0 1.9776127473133697e-06 -2.1227698640099547e-07
leaf_weight=240 80 13.999999999999998 346 201 1227 498 724 29 22 87 26 114 240 86 1275 559
leaf_count=240 80 14 346 201 1227 498 724 29 22 87 26 114 240 86 1275 559
internal_value=0 5.17503e-07 8.16745e-06 0 0 -2.33048e-06 0 -1.59912e-05 0 1.27377e-06 1.16534e-05 1.76311e-05 0 0 7.02503e-07 -1.80117e-07
internal_weight=5768 801 360 441 4967 1571 1044 527 3396 3374 227 201 320 3147 2502 645
internal_count=5768 801 360 441 4967 1571 1044 527 3396 3374 227 201 320 3147 2502 645
is_linear=0
shrinkage=0.05


Tree=387
num_leaves=13
num_cat=0
split_feature=10 19 17 17 19 19 17 17 17 17 17 17
split_gain=8.66895e-08 1.0455e-05 5.1999e-05 8.82738e-06 3.48918e-05 2.32963e-06 4.51747e-05 1.90748e-05 0.000135612 4.26941e-06 1.68056e-06 2.77446e-05
threshold=24.000000000000004 0.65192307692307705 8.2106037135369139 7.6893425732886129 0.53667307692307709 0.47441346153846159 7.6714616578013848 7.200356359288631 7.6318409637684832 7.1783939000347887 7.5545473360280555 7.200356359288631
decision_type=2 2 2 2 2 2 2 2 2 2 2 2
left_child=3 -2 -3 5 -5 7 10 9 -9 -1 11 -7
right_child=1 2 -4 4 -6 6 -8 8 -10 -11 -12 -13
leaf_value=0 0 -3.7337130914758226e-05 0 0 3.3428987395493499e-05 0 -2.5150809592685729e-05 0.00016144863205651443 0 -7.2690595107355908e-06 1.8301368733902303e-06 -1.5033022848493344e-05
leaf_weight=240 740 111 51 26 97 2213 180 13.999999999999998 341 201 1248 306
leaf_count=240 740 111 51 26 97 2213 180 14 341 201 1248 306
internal_value=0 0 -1.2663e-05 2.11019e-07 1.34059e-05 0 -6.28019e-07 2.31382e-06 1.20805e-05 0 0 -8.45096e-08
internal_weight=5768 902 162 4866 123 4743 3947 796 355 441 3767 2519
internal_count=5768 902 162 4866 123 4743 3947 796 355 441 3767 2519
is_linear=0
shrinkage=0.05


Tree=388
num_leaves=8
num_cat=0
split_feature=17 17 17 17 17 17 17
split_gain=1.28358e-07 1.2591e-05 9.44638e-06 6.1084e-07 6.08632e-07 9.47746e-07 8.29629e-07
threshold=8.6973007686733208 7.8920499419587129 8.0434510209488543 7.6714616578013848 7.2133000484419894 7.6419255179732621 7.115355359154643
decision_type=2 2 2 2 2 2 2
left_child=1 3 -3 4 6 -6 -1
right_child=-2 2 -4 -5 5 -7 -8
leaf_value=5.2207601018725046e-07 0 3.5091707353583638e-05 0 -1.2394829211419635e-06 2.9669920740042267e-06 0 -9.3561968738447602e-07
leaf_weight=591 22 44 183 993 441 1310 2184
leaf_count=591 22 44 183 993 441 1310 2184
internal_value=0 2.36299e-07 1.18096e-05 0 0 9.31924e-07 0
internal_weight=5768 5746 227 5519 4526 1751 2775
internal_count=5768 5746 227 5519 4526 1751 2775
is_linear=0
shrinkage=0.05


Tree=389
num_leaves=8
num_cat=0
split_feature=10 19 10 19 19 19 19
split_gain=1.16788e-07 8.55507e-06 1.08463e-05 5.674e-06 5.66123e-08 1.10247e-06 1.4054e-07
threshold=24.000000000000004 0.65192307692307705 48.000000000000007 0.61517307692307699 0.47441346153846159 0.53667307692307709 0.46442307692307699
decision_type=2 2 2 2 2 2 2
left_child=3 -2 -3 4 6 -6 -1
right_child=1 2 -4 -5 5 -7 -8
leaf_value=0 0 -2.1806481230419636e-05 0 3.6277938845821376e-05 -1.3296292723853062e-06 0 9.6434654898195757e-07
leaf_weight=272 740 101 61 9.9999999999999982 1558 2497 529
leaf_count=272 740 101 61 10 1558 2497 529
internal_value=0 0 -1.14548e-05 2.44928e-07 0 0 4.20086e-07
internal_weight=5768 902 162 4866 4856 4055 801
internal_count=5768 902 162 4866 4856 4055 801
is_linear=0
shrinkage=0.05


Tree=390
num_leaves=13
num_cat=0
split_feature=17 17 19 19 17 17 19 19 19 17 17 17
split_gain=1.63038e-07 1.26239e-05 1.2554e-05 6.31955e-06 1.14453e-05 5.48226e-07 3.86896e-06 1.67201e-05 1.28641e-06 3.56221e-05 2.50191e-06 2.27993e-06
threshold=8.6973007686733208 7.8920499419587129 0.78680769230769243 0.65192307692307705 8.0497542698189957 7.6714616578013848 0.51805769230769239 0.52767307692307708 0.46442307692307699 7.1783939000347887 7.0395900374172458 7.6419255179732621
decision_type=2 2 2 2 2 2 2 2 2 2 2 2
left_child=1 5 3 -3 -5 8 -7 -8 9 -1 -10 -12
right_child=-2 2 -4 4 -6 6 7 -9 10 -11 11 -13
leaf_value=0 0 0 0 6.565502583980559e-05 0 0 -4.5975354686379428e-05 0 0 -5.6396325983639266e-05 2.4136899674605272e-06 0
leaf_weight=239 22 87 26 24 90 63 24 906 348 27 2603 1309
leaf_count=239 22 87 26 24 90 63 24 906 348 27 2603 1309
internal_value=0 2.66314e-07 1.18409e-05 1.77095e-05 2.62349e-05 0 -1.17424e-06 -3.44404e-06 0 0 8.68769e-07 1.55575e-06
internal_weight=5768 5746 227 201 114 5519 993 930 4526 266 4260 3912
internal_count=5768 5746 227 201 114 5519 993 930 4526 266 4260 3912
is_linear=0
shrinkage=0.05


Tree=391
num_leaves=13
num_cat=0
split_feature=17 17 19 19 17 17 19 19 19 17 17 17
split_gain=1.12068e-07 1.19395e-05 1.21855e-05 5.7915e-06 9.03842e-06 4.97624e-07 3.76886e-06 1.48904e-05 1.07736e-06 3.22699e-05 2.33011e-06 2.06941e-06
threshold=8.6973007686733208 7.8920499419587129 0.78680769230769243 0.65192307692307705 8.0497542698189957 7.6714616578013848 0.51805769230769239 0.52767307692307708 0.46442307692307699 7.1783939000347887 7.0395900374172458 7.6419255179732621
decision_type=2 2 2 2 2 2 2 2 2 2 2 2
left_child=1 5 3 -3 -5 8 -7 -8 9 -1 -10 -12
right_child=-2 2 -4 4 -6 6 7 -9 10 -11 11 -13
leaf_value=0 0 0 0 6.2503588572144508e-05 0 0 -4.3768530897796148e-05 0 0 -5.3677206659423442e-05 2.2930622255022264e-06 0
leaf_weight=239 22 87 26 24 90 63 24 906 348 27 2603 1309
leaf_count=239 22 87 26 24 90 63 24 906 348 27 2603 1309
internal_value=0 2.20796e-07 1.14954e-05 1.73195e-05 2.55499e-05 0 -1.11874e-06 -3.38478e-06 0 0 7.9505e-07 1.47547e-06
internal_weight=5768 5746 227 201 114 5519 993 930 4526 266 4260 3912
internal_count=5768 5746 227 201 114 5519 993 930 4526 266 4260 3912
is_linear=0
shrinkage=0.05


Tree=392
num_leaves=17
num_cat=0
split_feature=19 17 17 17 19 17 17 17 17 17 19 19 17 17 17 19
split_gain=8.42744e-08 8.83304e-06 0.000136223 4.05674e-06 2.85137e-06 4.40632e-05 8.87118e-06 7.33552e-06 1.85567e-06 9.51597e-06 1.18373e-05 5.30607e-06 1.41625e-06 3.49044e-07 1.4686e-06 1.10191e-09
threshold=0.47441346153846159 7.200356359288631 7.6318409637684832 7.1783939000347887 0.52767307692307708 7.200356359288631 7.1459464135563868 7.6673031450585656 8.6973007686733208 7.8920499419587129 0.78680769230769243 0.65192307692307705 6.9599592149906035 7.784864722929397 7.2226790386014175 0.53667307692307709
decision_type=2 2 2 2 2 2 2 2 2 2 2 2 2 2 2 2
left_child=1 3 -3 -1 5 6 12 -7 9 13 11 -11 -2 14 -6 -15
right_child=4 2 -4 -5 8 7 -8 -9 -10 10 -12 -13 -14 15 -16 -17
leaf_value=0 0 0.00015553137784202892 0 -7.0857063009597275e-06 0 -1.6486174753589001e-05 5.5308467772757188e-06 0 0 0 0 2.4897639639675619e-05 -3.8329377785881515e-06 0 1.885887014569764e-06 -1.2452028957860759e-07
leaf_weight=240 80 13.999999999999998 346 201 1227 498 724 29 22 87 26 114 240 86 1275 559
leaf_count=240 80 14 346 201 1227 498 724 29 22 87 26 114 240 86 1275 559
internal_value=0 5.12543e-07 7.85839e-06 0 0 -2.12946e-06 0 -1.49041e-05 0 1.17242e-06 1.11664e-05 1.69482e-05 0 0 5.88436e-07 -9.57954e-08
internal_weight=5768 801 360 441 4967 1571 1044 527 3396 3374 227 201 320 3147 2502 645
internal_count=5768 801 360 441 4967 1571 1044 527 3396 3374 227 201 320 3147 2502 645
is_linear=0
shrinkage=0.05


Tree=393
num_leaves=10
num_cat=0
split_feature=17 17 17 19 19 17 17 17 19
split_gain=7.64727e-08 1.15938e-06 2.25199e-06 8.68652e-06 3.19749e-06 2.38343e-05 2.13613e-06 8.00309e-06 1.95475e-07
threshold=7.115355359154643 7.2133000484419894 7.6419255179732621 0.46442307692307699 0.52767307692307708 7.6455694296173329 8.6973007686733208 7.8920499419587129 0.43079807692307698
decision_type=2 2 2 2 2 2 2 2 2
left_child=8 -2 3 -3 5 -4 7 -6 -1
right_child=1 2 4 -5 6 -7 -8 -9 -10
leaf_value=0 -1.1517477266541608e-06 0 -3.8329060999271659e-05 8.0883702203078841e-06 0 0 0 1.0543984594334146e-05 1.3666652771612305e-06
leaf_weight=228 2184 24 45 417 1903 355 22 227 363
leaf_count=228 2184 24 45 417 1903 355 22 227 363
internal_value=0 0 0 3.56896e-06 0 -4.4648e-06 0 1.58304e-06 5.6828e-07
internal_weight=5768 5177 2993 441 2552 400 2152 2130 591
internal_count=5768 5177 2993 441 2552 400 2152 2130 591
is_linear=0
shrinkage=0.05


Tree=394
num_leaves=8
num_cat=0
split_feature=11 19 11 19 19 19 19
split_gain=8.149e-08 1.09267e-05 1.18116e-05 4.64035e-06 7.41819e-08 9.74594e-07 1.34102e-07
threshold=4.5000000000000009 0.65192307692307705 5.5000000000000009 0.61517307692307699 0.47441346153846159 0.53667307692307709 0.43079807692307698
decision_type=2 2 2 2 2 2 2
left_child=3 -2 -3 4 6 -6 -1
right_child=1 2 -4 -5 5 -7 -8
leaf_value=0 0 -2.3607538565628081e-05 0 3.2758265522054627e-05 -1.2501407123599117e-06 0 9.5244902235911903e-07
leaf_weight=228 740 101 61 9.9999999999999982 1558 2497 573
leaf_count=228 740 101 61 10 1558 2497 573
internal_value=0 -2.24447e-08 -1.29456e-05 2.04365e-07 0 0 4.80874e-07
internal_weight=5768 902 162 4866 4856 4055 801
internal_count=5768 902 162 4866 4856 4055 801
is_linear=0
shrinkage=0.05


Tree=395
num_leaves=9
num_cat=0
split_feature=10 17 17 10 17 17 17 17
split_gain=9.03291e-08 7.34812e-06 7.22621e-06 5.38377e-06 1.10974e-06 1.27806e-06 2.60701e-06 1.07925e-06
threshold=24.000000000000004 7.6893425732886129 7.8479119156778632 48.000000000000007 7.6714616578013848 7.2133000484419894 7.6419255179732621 7.115355359154643
decision_type=2 2 2 2 2 2 2 2
left_child=1 4 -2 -4 5 7 -7 -1
right_child=2 -3 3 -5 -6 6 -8 -9
leaf_value=5.4959315339392764e-07 0 1.2246170165693207e-05 -1.3197382818135686e-05 0 -3.391247194953979e-06 4.8095256018545252e-06 0 -1.0737812794421029e-06
leaf_weight=591 661 123 180 61 238 420 1310 2184
leaf_count=591 661 123 180 61 238 420 1310 2184
internal_value=0 2.15404e-07 0 -8.64007e-06 0 7.55333e-08 1.36407e-06 0
internal_weight=5768 4866 902 241 4743 4505 1730 2775
internal_count=5768 4866 902 241 4743 4505 1730 2775
is_linear=0
shrinkage=0.05


Tree=396
num_leaves=8
num_cat=0
split_feature=17 17 17 17 17 17 17
split_gain=8.87589e-08 1.07399e-05 6.85286e-06 4.89026e-07 6.34492e-07 9.74094e-07 9.67912e-07
threshold=8.6973007686733208 7.8920499419587129 8.0434510209488543 7.6714616578013848 7.2133000484419894 7.115355359154643 7.6419255179732621
decision_type=2 2 2 2 2 2 2
left_child=1 3 -3 4 5 -1 -6
right_child=-2 2 -4 -5 6 -7 -8
leaf_value=5.2217949347765564e-07 0 3.1341783831723856e-05 0 -1.1090290298883885e-06 3.0105428648238148e-06 -1.0201208915740455e-06 0
leaf_weight=591 22 44 183 993 441 2184 1310
leaf_count=591 22 44 183 993 441 2184 1310
internal_value=0 1.96497e-07 1.08966e-05 0 0 0 9.51516e-07
internal_weight=5768 5746 227 5519 4526 2775 1751
internal_count=5768 5746 227 5519 4526 2775 1751
is_linear=0
shrinkage=0.05


Tree=397
num_leaves=8
num_cat=0
split_feature=17 17 17 17 17 17 17
split_gain=9.12246e-08 1.03455e-05 7.54396e-06 9.18298e-07 8.44786e-06 4.31877e-07 4.47298e-07
threshold=8.6973007686733208 7.9919350267718441 7.8479119156778632 7.6673031450585656 7.6831204213495203 7.115355359154643 7.2133000484419894
decision_type=2 2 2 2 2 2 2
left_child=1 2 3 5 -5 -1 -7
right_child=-2 -3 -4 4 -6 6 -8
leaf_value=4.9609572621144151e-07 0 1.1812203652773271e-05 -1.9822068352368657e-05 3.8255229010246678e-05 0 -9.6914416191847971e-07 0
leaf_weight=591 22 186 47 14.999999999999998 977 2184 1746
leaf_count=591 22 186 47 15 977 2184 1746
internal_value=0 1.99207e-07 0 0 1.5205e-06 0 -4.8744e-07
internal_weight=5768 5746 5560 5513 992 4521 3930
internal_count=5768 5746 5560 5513 992 4521 3930
is_linear=0
shrinkage=0.05


Tree=398
num_leaves=13
num_cat=0
split_feature=10 19 17 17 19 19 17 17 17 17 17 17
split_gain=1.0314e-07 9.83075e-06 4.98794e-05 6.58305e-06 2.93128e-05 2.15734e-06 4.00671e-05 1.79045e-05 0.000111993 3.48868e-06 1.47957e-06 2.50188e-05
threshold=24.000000000000004 0.65192307692307705 8.2106037135369139 7.6893425732886129 0.53667307692307709 0.47441346153846159 7.6714616578013848 7.200356359288631 7.6318409637684832 7.1783939000347887 7.5545473360280555 7.200356359288631
decision_type=2 2 2 2 2 2 2 2 2 2 2 2
left_child=3 -2 -3 5 -5 7 10 9 -9 -1 11 -7
right_child=1 2 -4 4 -6 6 -8 8 -10 -11 -12 -13
leaf_value=0 0 -3.6507764878998776e-05 0 0 3.0304130561155623e-05 0 -2.3662216906070462e-05 0.0001480907934407393 0 -6.5708958479289943e-06 1.7208694523234692e-06 -1.4273631375082784e-05
leaf_weight=240 740 111 51 26 97 2213 180 13.999999999999998 341 201 1248 306
leaf_count=240 740 111 51 26 97 2213 180 14 341 201 1248 306
internal_value=0 0 -1.22792e-05 2.30172e-07 1.16104e-05 0 -5.45385e-07 2.3008e-06 1.17297e-05 0 0 -7.81186e-09
internal_weight=5768 902 162 4866 123 4743 3947 796 355 441 3767 2519
internal_count=5768 902 162 4866 123 4743 3947 796 355 441 3767 2519
is_linear=0
shrinkage=0.05


Tree=399
num_leaves=8
num_cat=0
split_feature=17 17 17 17 17 17 17
split_gain=1.53705e-07 1.10173e-05 5.58721e-06 3.77945e-07 5.61986e-07 1.04388e-06 7.2477e-07
threshold=8.6973007686733208 7.8920499419587129 8.0434510209488543 7.6714616578013848 7.2133000484419894 7.6419255179732621 7.115355359154643
decision_type=2 2 2 2 2 2 2
left_child=1 3 -3 4 6 -6 -1
right_child=-2 2 -4 -5 5 -7 -8
leaf_value=4.7134713526788389e-07 0 3.0512469536107445e-05 0 -9.74969454118013e-07 3.0137931799507646e-06 0 -8.76961981353416e-07
leaf_weight=591 22 44 183 993 441 1310 2184
leaf_count=591 22 44 183 993 441 1310 2184
internal_value=0 2.58579e-07 1.10675e-05 0 0 8.955e-07 0
internal_weight=5768 5746 227 5519 4526 1751 2775
internal_count=5768 5746 227 5519 4526 1751 2775
is_linear=0
shrinkage=0.05


Tree=400
num_leaves=10
num_cat=0
split_feature=17 17 19 17 17 17 17 19 19
split_gain=1.53032e-07 1.09107e-05 1.35269e-05 7.77123e-06 1.04992e-06 7.56208e-06 4.0675e-07 2.15046e-05 2.0552e-06
threshold=8.6973007686733208 7.9919350267718441 0.78680769230769243 7.8479119156778632 7.6673031450585656 7.6831204213495203 7.6419255179732621 0.53667307692307709 0.46442307692307699
decision_type=2 2 2 2 2 2 2 2 2
left_child=1 3 -3 4 6 -6 8 -8 -1
right_child=-2 2 -4 -5 5 -7 7 -9 -10
leaf_value=0 0 1.9540802043463503e-05 0 -2.0115599400014614e-05 3.668744058813898e-05 0 -1.3314505527022033e-05 0 1.319286404499345e-06
leaf_weight=265 22 160 26 47 14.999999999999998 977 308 997 2951
leaf_count=265 22 160 26 47 15 977 308 997 2951
internal_value=0 2.58012e-07 1.21619e-05 0 3.15695e-08 1.62752e-06 0 -8.82394e-07 0
internal_weight=5768 5746 186 5560 5513 992 4521 1305 3216
internal_count=5768 5746 186 5560 5513 992 4521 1305 3216
is_linear=0
shrinkage=0.05


Tree=401
num_leaves=13
num_cat=0
split_feature=11 19 17 17 19 19 17 17 17 17 17 17
split_gain=1.32768e-07 8.87154e-06 4.75881e-05 5.21829e-06 2.70341e-05 2.29907e-06 3.61552e-05 1.8249e-05 9.92827e-05 3.17173e-06 1.30462e-06 2.30685e-05
threshold=4.5000000000000009 0.65192307692307705 8.2106037135369139 7.6893425732886129 0.53667307692307709 0.47441346153846159 7.6714616578013848 7.200356359288631 7.6318409637684832 7.1783939000347887 7.5545473360280555 7.200356359288631
decision_type=2 2 2 2 2 2 2 2 2 2 2 2
left_child=3 -2 -3 5 -5 7 10 9 -9 -1 11 -7
right_child=1 2 -4 4 -6 6 -8 8 -10 -11 -12 -13
leaf_value=0 0 -3.5500144741880444e-05 0 0 2.874283829219259e-05 0 -2.2467567761639617e-05 0.00014109040175875026 0 -6.2653049365571216e-06 1.6159603776361006e-06 -1.3705978818664005e-05
leaf_weight=240 740 111 51 26 97 2213 180 13.999999999999998 341 201 1248 306
leaf_count=240 740 111 51 26 97 2213 180 14 341 201 1248 306
internal_value=0 0 -1.16648e-05 2.61148e-07 1.03867e-05 0 -4.98071e-07 2.44597e-06 1.18974e-05 0 0 0
internal_weight=5768 902 162 4866 123 4743 3947 796 355 441 3767 2519
internal_count=5768 902 162 4866 123 4743 3947 796 355 441 3767 2519
is_linear=0
shrinkage=0.05


Tree=402
num_leaves=9
num_cat=0
split_feature=17 17 19 17 17 17 17 17
split_gain=1.98655e-07 1.10472e-05 1.34143e-05 7.00436e-06 1.11785e-06 6.78378e-06 3.25862e-07 1.53885e-06
threshold=8.6973007686733208 7.9919350267718441 0.78680769230769243 7.8479119156778632 7.6673031450585656 7.6831204213495203 7.6419255179732621 7.2133000484419894
decision_type=2 2 2 2 2 2 2 2
left_child=1 3 -3 4 6 -6 7 -1
right_child=-2 2 -4 -5 5 -7 -8 -9
leaf_value=0 0 1.9568365106289711e-05 0 -1.9090327356631553e-05 3.5153080825693889e-05 0 -7.8979721908802707e-07 2.9502404985129745e-06
leaf_weight=2775 22 160 26 47 14.999999999999998 977 1305 441
leaf_count=2775 22 160 26 47 15 977 1305 441
internal_value=0 2.93967e-07 1.22615e-05 0 5.6739e-08 1.68291e-06 0 0
internal_weight=5768 5746 186 5560 5513 992 4521 3216
internal_count=5768 5746 186 5560 5513 992 4521 3216
is_linear=0
shrinkage=0.05


Tree=403
num_leaves=13
num_cat=0
split_feature=17 17 19 19 17 17 19 19 19 17 17 17
split_gain=1.64609e-07 9.91065e-06 1.08925e-05 7.84178e-06 7.26159e-06 2.95995e-07 3.25321e-06 1.4416e-05 1.28782e-06 3.45156e-05 2.55287e-06 2.17167e-06
threshold=8.6973007686733208 7.8920499419587129 0.78680769230769243 0.65192307692307705 8.0497542698189957 7.6714616578013848 0.51805769230769239 0.52767307692307708 0.46442307692307699 7.1783939000347887 7.0395900374172458 7.6419255179732621
decision_type=2 2 2 2 2 2 2 2 2 2 2 2
left_child=1 5 3 -3 -5 8 -7 -8 9 -1 -10 -12
right_child=-2 2 -4 4 -6 6 7 -9 10 -11 11 -13
leaf_value=0 0 0 0 6.0059276595711703e-05 0 0 -4.238538648933171e-05 0 0 -5.5513543608997547e-05 2.4025478453848216e-06 0
leaf_weight=239 22 87 26 24 90 63 24 906 348 27 2603 1309
leaf_count=239 22 87 26 24 90 63 24 906 348 27 2603 1309
internal_value=0 2.67594e-07 1.05107e-05 1.61091e-05 2.50259e-05 0 -8.62818e-07 -3.08717e-06 0 0 8.69244e-07 1.56646e-06
internal_weight=5768 5746 227 201 114 5519 993 930 4526 266 4260 3912
internal_count=5768 5746 227 201 114 5519 993 930 4526 266 4260 3912
is_linear=0
shrinkage=0.05


Tree=404
num_leaves=16
num_cat=0
split_feature=19 17 17 17 19 17 17 17 17 17 19 19 17 17 17
split_gain=1.17892e-07 8.12563e-06 0.000101578 2.95209e-06 2.41859e-06 4.03929e-05 8.41098e-06 6.95702e-06 1.78035e-06 7.69801e-06 1.05709e-05 7.33544e-06 1.32046e-06 3.64514e-07 1.31701e-06
threshold=0.47441346153846159 7.200356359288631 7.6318409637684832 7.1783939000347887 0.52767307692307708 7.200356359288631 7.1459464135563868 7.6673031450585656 8.6973007686733208 7.8920499419587129 0.78680769230769243 0.65192307692307705 6.9599592149906035 7.784864722929397 7.2226790386014175
decision_type=2 2 2 2 2 2 2 2 2 2 2 2 2 2 2
left_child=1 3 -3 -1 5 6 12 -7 9 13 11 -11 -2 14 -6
right_child=4 2 -4 -5 8 7 -8 -9 -10 10 -12 -13 -14 -15 -16
leaf_value=0 0 0.00013529049418866635 0 -6.0444828215064373e-06 0 -1.5790536934379228e-05 5.3854793021134262e-06 0 0 0 0 2.4399183093286725e-05 -3.7010471409967326e-06 0 1.8150827836108079e-06
leaf_weight=240 80 13.999999999999998 346 201 1227 498 724 29 22 87 26 114 240 645 1275
leaf_count=240 80 14 346 201 1227 498 724 29 22 87 26 114 240 645 1275
internal_value=0 6.06214e-07 7.55567e-06 0 0 -1.96121e-06 0 -1.42375e-05 0 1.14838e-06 1.01946e-05 1.57523e-05 0 0 6.03388e-07
internal_weight=5768 801 360 441 4967 1571 1044 527 3396 3374 227 201 320 3147 2502
internal_count=5768 801 360 441 4967 1571 1044 527 3396 3374 227 201 320 3147 2502
is_linear=0
shrinkage=0.05


Tree=405
num_leaves=8
num_cat=0
split_feature=10 19 10 19 19 19 19
split_gain=1.32593e-07 9.82769e-06 9.8871e-06 2.87228e-06 1.02004e-07 7.05314e-07 1.85586e-07
threshold=24.000000000000004 0.65192307692307705 48.000000000000007 0.61517307692307699 0.47441346153846159 0.53667307692307709 0.46442307692307699
decision_type=2 2 2 2 2 2 2
left_child=3 -2 -3 4 6 -6 -1
right_child=1 2 -4 -5 5 -7 -8
leaf_value=0 0 -2.1981939207762478e-05 0 2.613282825967125e-05 -1.0635017068386661e-06 0 1.164712859651942e-06
leaf_weight=272 740 101 61 9.9999999999999982 1558 2497 529
leaf_count=272 740 101 61 10 1558 2497 529
internal_value=0 0 -1.22773e-05 2.60975e-07 0 0 5.63885e-07
internal_weight=5768 902 162 4866 4856 4055 801
internal_count=5768 902 162 4866 4856 4055 801
is_linear=0
shrinkage=0.05


Tree=406
num_leaves=13
num_cat=0
split_feature=17 17 19 19 17 17 19 19 19 17 17 17
split_gain=1.3246e-07 8.95187e-06 1.02046e-05 7.1196e-06 5.93107e-06 2.75963e-07 3.19258e-06 1.27722e-05 1.21335e-06 3.26875e-05 2.44423e-06 2.20304e-06
threshold=8.6973007686733208 7.8920499419587129 0.78680769230769243 0.65192307692307705 8.0497542698189957 7.6714616578013848 0.51805769230769239 0.52767307692307708 0.46442307692307699 7.1783939000347887 7.0395900374172458 7.6419255179732621
decision_type=2 2 2 2 2 2 2 2 2 2 2 2
left_child=1 5 3 -3 -5 8 -7 -8 9 -1 -10 -12
right_child=-2 2 -4 4 -6 6 7 -9 10 -11 11 -13
leaf_value=0 0 0 0 5.6867952644824973e-05 0 0 -4.0299833938479417e-05 0 0 -5.4023355977343652e-05 2.3720369257557545e-06 0
leaf_weight=239 22 87 26 24 90 63 24 906 348 27 2603 1309
leaf_count=239 22 87 26 24 90 63 24 906 348 27 2603 1309
internal_value=0 2.40044e-07 9.98043e-06 1.54507e-05 2.39604e-05 0 -8.3311e-07 -3.05189e-06 0 0 8.43737e-07 1.52866e-06
internal_weight=5768 5746 227 201 114 5519 993 930 4526 266 4260 3912
internal_count=5768 5746 227 201 114 5519 993 930 4526 266 4260 3912
is_linear=0
shrinkage=0.05


Tree=407
num_leaves=8
num_cat=0
split_feature=10 17 17 10 17 17 17
split_gain=1.02822e-07 7.52799e-06 5.14317e-06 4.93826e-06 3.33302e-07 4.41635e-06 1.16899e-06
threshold=24.000000000000004 7.8479119156778632 7.6673031450585656 48.000000000000007 7.6419255179732621 7.2133000484419894 7.115355359154643
decision_type=2 2 2 2 2 2 2
left_child=2 -2 4 -3 5 6 -1
right_child=1 3 -4 -5 -6 -7 -8
leaf_value=4.7402610967716005e-07 0 -1.3121955562382935e-05 5.9779303880683264e-06 0 -7.9876214596884993e-07 5.1210715126847922e-06 -1.1298829525521608e-06
leaf_weight=591 661 180 366 61 1305 420 2184
leaf_count=591 661 180 366 61 1305 420 2184
internal_value=0 0 2.29817e-07 -8.81864e-06 0 0 0
internal_weight=5768 902 4866 241 4500 3195 2775
internal_count=5768 902 4866 241 4500 3195 2775
is_linear=0
shrinkage=0.05


Tree=408
num_leaves=3
num_cat=0
split_feature=10 10
split_gain=9.28877e-08 7.23043e-11
threshold=24.000000000000004 48.000000000000007
decision_type=2 2
left_child=-1 -2
right_child=1 -3
leaf_value=2.184330543194438e-07 -1.4651969496620548e-08 0
leaf_weight=4866 841 61
leaf_count=4866 841 61
internal_value=0 0
internal_weight=5768 902
internal_count=5768 902
is_linear=0
shrinkage=0.05


Tree=409
num_leaves=16
num_cat=0
split_feature=19 17 17 17 19 17 17 17 17 17 19 19 17 17 17
split_gain=1.01924e-07 7.74823e-06 9.30325e-05 2.76127e-06 2.19734e-06 3.71877e-05 7.53332e-06 7.0777e-06 1.5508e-06 7.85864e-06 1.02913e-05 6.43364e-06 1.19021e-06 2.51055e-07 1.19033e-06
threshold=0.47441346153846159 7.200356359288631 7.6318409637684832 7.1783939000347887 0.52767307692307708 7.200356359288631 7.1459464135563868 7.6673031450585656 8.6973007686733208 7.8920499419587129 0.78680769230769243 0.65192307692307705 6.9599592149906035 7.784864722929397 7.2226790386014175
decision_type=2 2 2 2 2 2 2 2 2 2 2 2 2 2 2
left_child=1 3 -3 -1 5 6 12 -7 9 13 11 -11 -2 14 -6
right_child=4 2 -4 -5 8 7 -8 -9 -10 10 -12 -13 -14 -15 -16
leaf_value=0 0 0.0001296679228544235 0 -5.8458646814716909e-06 0 -1.5257100653060093e-05 5.0967608257357419e-06 0 0 0 0 2.3835645193922453e-05 -3.5137645475164474e-06 0 1.6804851995208838e-06
leaf_weight=240 80 13.999999999999998 346 201 1227 498 724 29 22 87 26 114 240 645 1275
leaf_count=240 80 14 346 201 1227 498 724 29 22 87 26 114 240 645 1275
internal_value=0 5.63665e-07 7.37319e-06 0 0 -1.86936e-06 0 -1.36558e-05 0 1.07179e-06 1.01574e-05 1.56148e-05 0 0 5.00753e-07
internal_weight=5768 801 360 441 4967 1571 1044 527 3396 3374 227 201 320 3147 2502
internal_count=5768 801 360 441 4967 1571 1044 527 3396 3374 227 201 320 3147 2502
is_linear=0
shrinkage=0.05


Tree=410
num_leaves=8
num_cat=0
split_feature=10 17 10 17 17 17 17
split_gain=9.88736e-08 7.63597e-06 4.62838e-06 4.5096e-06 3.42388e-07 4.98747e-06 1.18284e-06
threshold=24.000000000000004 7.8479119156778632 48.000000000000007 7.6673031450585656 7.6419255179732621 7.2133000484419894 7.115355359154643
decision_type=2 2 2 2 2 2 2
left_child=3 -2 -3 4 5 6 -1
right_child=1 2 -4 -5 -6 -7 -8
leaf_value=4.8367384511653311e-07 0 -1.3015261627424982e-05 0 5.6029350110588207e-06 -8.0820857633688229e-07 5.4427613424039902e-06 -1.1357713940402055e-06
leaf_weight=591 661 180 61 366 1305 420 2184
leaf_count=591 661 180 61 366 1305 420 2184
internal_value=0 0 -8.88166e-06 2.25361e-07 0 3.00616e-08 0
internal_weight=5768 902 241 4866 4500 3195 2775
internal_count=5768 902 241 4866 4500 3195 2775
is_linear=0
shrinkage=0.05


Tree=411
num_leaves=14
num_cat=0
split_feature=17 17 19 19 17 17 19 19 19 17 19 17 17
split_gain=9.24913e-08 9.09123e-06 1.00809e-05 5.32187e-06 4.67904e-06 4.03924e-07 3.40613e-06 1.13468e-05 1.16009e-06 3.14701e-05 2.51494e-06 3.20773e-05 6.74322e-07
threshold=8.6973007686733208 7.8920499419587129 0.78680769230769243 0.65192307692307705 8.0497542698189957 7.6714616578013848 0.51805769230769239 0.52767307692307708 0.46442307692307699 7.1783939000347887 0.47441346153846159 7.6455694296173329 7.4662786483507304
decision_type=2 2 2 2 2 2 2 2 2 2 2 2 2
left_child=1 5 3 -3 -5 8 -7 -8 9 -1 11 -10 -12
right_child=-2 2 -4 4 -6 6 7 -9 10 -11 12 -13 -14
leaf_value=0 0 0 0 5.4097649827599514e-05 0 0 -3.8931801170110692e-05 0 2.0630619666051297e-05 -5.3007838515830883e-05 -1.2816029791590753e-08 0 1.1519897182831378e-06
leaf_weight=239 22 87 26 24 90 63 24 906 209 27 2519 263 1269
leaf_count=239 22 87 26 24 90 63 24 906 209 27 2519 263 1269
internal_value=0 2.00586e-07 1.00349e-05 1.5441e-05 2.3119e-05 0 -1.00792e-06 -3.1986e-06 0 0 8.25011e-07 4.40727e-06 0
internal_weight=5768 5746 227 201 114 5519 993 930 4526 266 4260 472 3788
internal_count=5768 5746 227 201 114 5519 993 930 4526 266 4260 472 3788
is_linear=0
shrinkage=0.05


Tree=412
num_leaves=13
num_cat=0
split_feature=17 17 19 19 17 17 19 19 19 17 17 17
split_gain=5.87923e-08 8.61118e-06 9.80111e-06 4.92943e-06 3.12297e-06 3.67132e-07 3.32431e-06 1.00453e-05 9.78367e-07 2.85087e-05 2.23912e-06 2.00041e-06
threshold=8.6973007686733208 7.8920499419587129 0.78680769230769243 0.65192307692307705 8.0497542698189957 7.6714616578013848 0.51805769230769239 0.52767307692307708 0.46442307692307699 7.1783939000347887 7.0395900374172458 7.6419255179732621
decision_type=2 2 2 2 2 2 2 2 2 2 2 2
left_child=1 5 3 -3 -5 8 -7 -8 9 -1 -10 -12
right_child=-2 2 -4 4 -6 6 7 -9 10 -11 11 -13
leaf_value=0 0 0 0 5.1500954851508135e-05 0 0 -3.7063094973564136e-05 0 0 -5.0452133041939564e-05 2.2381921815830775e-06 0
leaf_weight=239 22 87 26 24 90 63 24 906 348 27 2603 1309
leaf_count=239 22 87 26 24 90 63 24 906 348 27 2603 1309
internal_value=0 1.59923e-07 9.75015e-06 1.51196e-05 2.25545e-05 0 -9.60921e-07 -3.14842e-06 0 0 7.57644e-07 1.43375e-06
internal_weight=5768 5746 227 201 114 5519 993 930 4526 266 4260 3912
internal_count=5768 5746 227 201 114 5519 993 930 4526 266 4260 3912
is_linear=0
shrinkage=0.05


Tree=413
num_leaves=10
num_cat=0
split_feature=17 17 17 19 19 17 17 17 19
split_gain=4.95428e-08 1.43801e-06 2.46271e-06 8.38356e-06 1.82845e-06 1.95486e-05 1.59472e-06 6.5999e-06 1.91645e-07
threshold=7.115355359154643 7.2133000484419894 7.6419255179732621 0.46442307692307699 0.52767307692307708 7.6455694296173329 8.6973007686733208 7.8920499419587129 0.43079807692307698
decision_type=2 2 2 2 2 2 2 2 2
left_child=8 -2 3 -3 5 -4 7 -6 -1
right_child=1 2 4 -5 6 -7 -8 -9 -10
leaf_value=0 -1.2826994647542589e-06 0 -3.4085127282077852e-05 8.0541966731702401e-06 0 0 0 9.4790951213023298e-06 1.2870535039717765e-06
leaf_weight=228 2184 24 45 417 1903 355 22 227 363
leaf_count=228 2184 24 45 417 1903 355 22 227 363
internal_value=0 0 0 3.73221e-06 0 -3.37628e-06 0 1.36779e-06 4.57403e-07
internal_weight=5768 5177 2993 441 2552 400 2152 2130 591
internal_count=5768 5177 2993 441 2552 400 2152 2130 591
is_linear=0
shrinkage=0.05


Tree=414
num_leaves=15
num_cat=0
split_feature=19 17 17 17 19 17 17 17 17 17 19 17 17 17
split_gain=5.30878e-08 7.89145e-06 9.14746e-05 3.42425e-06 2.10737e-06 3.49575e-05 7.79084e-06 6.82695e-06 1.17454e-06 6.23807e-06 1.07664e-05 7.8492e-06 1.39259e-06 1.10812e-06
threshold=0.47441346153846159 7.200356359288631 7.6455694296173329 7.1783939000347887 0.52767307692307708 7.200356359288631 7.6673031450585656 7.1459464135563868 8.6973007686733208 7.9919350267718441 0.78680769230769243 7.8479119156778632 7.2226790386014175 6.9599592149906035
decision_type=2 2 2 2 2 2 2 2 2 2 2 2 2 2
left_child=1 3 -3 -1 5 7 -7 13 9 11 -11 12 -6 -2
right_child=4 2 -4 -5 8 6 -8 -9 -10 10 -12 -13 -14 -15
leaf_value=0 0 8.4269621010337557e-05 0 -6.5099389412172943e-06 0 -1.4990940279437448e-05 0 4.8519294644738059e-06 0 1.6801278638329519e-05 0 -1.9396086136111985e-05 1.623343704444631e-06 -3.3904301945537442e-06
leaf_weight=240 80 34 326 201 1227 498 29 724 22 160 26 47 1914 240
leaf_count=240 80 34 326 201 1227 498 29 724 22 160 26 47 1914 240
internal_value=0 4.06799e-07 7.41738e-06 0 0 -1.83069e-06 -1.32475e-05 0 0 9.32753e-07 9.95485e-06 0 7.05759e-07 0
internal_weight=5768 801 360 441 4967 1571 527 1044 3396 3374 186 3188 3141 320
internal_count=5768 801 360 441 4967 1571 527 1044 3396 3374 186 3188 3141 320
is_linear=0
shrinkage=0.05


Tree=415
num_leaves=8
num_cat=0
split_feature=10 19 10 19 19 19 19
split_gain=5.87082e-08 1.20309e-05 1.01029e-05 2.24565e-06 3.07792e-08 5.52786e-07 1.07915e-07
threshold=24.000000000000004 0.65192307692307705 48.000000000000007 0.61517307692307699 0.47441346153846159 0.53667307692307709 0.43079807692307698
decision_type=2 2 2 2 2 2 2
left_child=3 -2 -3 4 6 -6 -1
right_child=1 2 -4 -5 5 -7 -8
leaf_value=0 0 -2.3296591186640307e-05 0 2.283673373643645e-05 -9.4151084202731803e-07 0 7.7721974684168033e-07
leaf_weight=228 740 101 61 9.9999999999999982 1558 2497 573
leaf_count=228 740 101 61 10 1558 2497 573
internal_value=0 -1.6375e-07 -1.35894e-05 1.58686e-07 0 0 3.0975e-07
internal_weight=5768 902 162 4866 4856 4055 801
internal_count=5768 902 162 4866 4856 4055 801
is_linear=0
shrinkage=0.05


Tree=416
num_leaves=13
num_cat=0
split_feature=10 19 17 17 19 19 17 17 17 17 17 17
split_gain=5.45894e-08 1.07951e-05 5.00452e-05 4.44839e-06 2.21923e-05 1.89081e-06 3.48725e-05 1.64977e-05 7.19578e-05 3.13077e-06 1.37239e-06 1.80611e-05
threshold=24.000000000000004 0.65192307692307705 8.2106037135369139 7.6893425732886129 0.53667307692307709 0.47441346153846159 7.6714616578013848 7.200356359288631 7.6455694296173329 7.1783939000347887 7.5545473360280555 7.200356359288631
decision_type=2 2 2 2 2 2 2 2 2 2 2 2
left_child=3 -2 -3 5 -5 7 10 9 -9 -1 11 -7
right_child=1 2 -4 4 -6 6 -8 8 -10 -11 -12 -13
leaf_value=0 0 -3.685176480108307e-05 0 0 2.6095798583606219e-05 0 -2.208335651856595e-05 8.0138787627220156e-05 0 -6.2247179448604565e-06 1.655435238072307e-06 -1.2128623422380864e-05
leaf_weight=240 740 111 51 26 97 2213 180 34 321 201 1248 306
leaf_count=240 740 111 51 26 97 2213 180 34 321 201 1248 306
internal_value=0 -3.34652e-08 -1.28676e-05 1.66832e-07 9.52774e-06 0 -5.24951e-07 2.13681e-06 1.12284e-05 0 0 -5.67697e-08
internal_weight=5768 902 162 4866 123 4743 3947 796 355 441 3767 2519
internal_count=5768 902 162 4866 123 4743 3947 796 355 441 3767 2519
is_linear=0
shrinkage=0.05


Tree=417
num_leaves=13
num_cat=0
split_feature=17 17 19 19 17 17 19 19 19 17 17 17
split_gain=6.30575e-08 8.72853e-06 9.6832e-06 6.27006e-06 9.1204e-07 3.11194e-07 3.18586e-06 8.82751e-06 1.02617e-06 3.4233e-05 2.26602e-06 2.16513e-06
threshold=8.6973007686733208 7.8920499419587129 0.78680769230769243 0.65192307692307705 8.0497542698189957 7.6714616578013848 0.51805769230769239 0.52767307692307708 0.46442307692307699 7.1783939000347887 7.0395900374172458 7.6419255179732621
decision_type=2 2 2 2 2 2 2 2 2 2 2 2
left_child=1 5 3 -3 -5 8 -7 -8 9 -1 -10 -12
right_child=-2 2 -4 4 -6 6 7 -9 10 -11 11 -13
leaf_value=0 0 0 0 5.0652626156806942e-05 0 0 -3.5106369480490676e-05 0 0 -5.5285800314907516e-05 2.2889648146781435e-06 0
leaf_weight=239 22 87 26 24 90 63 24 906 348 27 2603 1309
leaf_count=239 22 87 26 24 90 63 24 906 348 27 2603 1309
internal_value=0 1.65622e-07 9.8183e-06 1.51211e-05 2.31933e-05 0 -8.84693e-07 -3.06441e-06 0 0 7.75931e-07 1.4503e-06
internal_weight=5768 5746 227 201 114 5519 993 930 4526 266 4260 3912
internal_count=5768 5746 227 201 114 5519 993 930 4526 266 4260 3912
is_linear=0
shrinkage=0.05


Tree=418
num_leaves=10
num_cat=0
split_feature=17 17 17 19 19 17 17 17 19
split_gain=5.39381e-08 1.48963e-06 2.6165e-06 9.43828e-06 1.47876e-06 1.7192e-05 1.46863e-06 6.85201e-06 1.99506e-07
threshold=7.115355359154643 7.2133000484419894 7.6419255179732621 0.46442307692307699 0.52767307692307708 7.6455694296173329 8.6973007686733208 7.8920499419587129 0.43079807692307698
decision_type=2 2 2 2 2 2 2 2 2
left_child=8 -2 3 -3 5 -4 7 -6 -1
right_child=1 2 4 -5 6 -7 -8 -9 -10
leaf_value=0 -1.3055194305677982e-06 0 -3.1854559100516457e-05 8.4910527958966901e-06 0 0 0 9.551707850748738e-06 1.3193510420643462e-06
leaf_weight=228 2184 24 45 417 1903 355 22 227 363
leaf_count=228 2184 24 45 417 1903 355 22 227 363
internal_value=0 0 0 3.84697e-06 0 -3.03632e-06 0 1.31261e-06 4.77262e-07
internal_weight=5768 5177 2993 441 2552 400 2152 2130 591
internal_count=5768 5177 2993 441 2552 400 2152 2130 591
is_linear=0
shrinkage=0.05


Tree=419
num_leaves=8
num_cat=0
split_feature=10 19 10 19 19 19 19
split_gain=4.32473e-08 9.95897e-06 8.78082e-06 1.66744e-06 2.345e-08 5.17714e-07 9.63011e-08
threshold=24.000000000000004 0.65192307692307705 48.000000000000007 0.61517307692307699 0.47441346153846159 0.53667307692307709 0.43079807692307698
decision_type=2 2 2 2 2 2 2
left_child=3 -2 -3 4 6 -6 -1
right_child=1 2 -4 -5 5 -7 -8
leaf_value=0 0 -2.1431487990661943e-05 0 1.9717810633168956e-05 -9.1115385411570645e-07 0 7.2219394902270304e-07
leaf_weight=228 740 101 61 9.9999999999999982 1558 2497 573
leaf_count=228 740 101 61 10 1558 2497 573
internal_value=0 0 -1.2359e-05 1.49046e-07 0 0 2.70367e-07
internal_weight=5768 902 162 4866 4856 4055 801
internal_count=5768 902 162 4866 4856 4055 801
is_linear=0
shrinkage=0.05


Tree=420
num_leaves=7
num_cat=0
split_feature=17 17 17 17 17 17
split_gain=4.87428e-08 1.31275e-06 2.14603e-06 3.47055e-07 7.83902e-06 2.78567e-10
threshold=7.115355359154643 7.2133000484419894 7.6419255179732621 7.6673031450585656 7.6831204213495203 7.8920499419587129
decision_type=2 2 2 2 2 2
left_child=-1 -2 -3 -4 -5 -6
right_child=1 2 3 4 5 -7
leaf_value=4.5369561785018674e-07 -1.225559873127078e-06 3.4839905329876705e-06 -8.1507473820171506e-07 3.4997806069441125e-05 -2.6603428693298668e-08 0
leaf_weight=591 2184 441 1305 14.999999999999998 983 249
leaf_count=591 2184 441 1305 15 983 249
internal_value=0 0 0 0 0 0
internal_weight=5768 5177 2993 2552 1247 1232
internal_count=5768 5177 2993 2552 1247 1232
is_linear=0
shrinkage=0.05


Tree=421
num_leaves=8
num_cat=0
split_feature=10 17 17 10 17 17 17
split_gain=5.82998e-08 7.11845e-06 4.61726e-06 4.03704e-06 3.1324e-07 4.07577e-06 1.2288e-06
threshold=24.000000000000004 7.8479119156778632 7.6673031450585656 48.000000000000007 7.6419255179732621 7.2133000484419894 7.115355359154643
decision_type=2 2 2 2 2 2 2
left_child=2 -2 4 -3 5 6 -1
right_child=1 3 -4 -5 -6 -7 -8
leaf_value=4.3106249560534321e-07 0 -1.2412948063729094e-05 5.6435668107698862e-06 0 -7.7434972373042732e-07 4.9196432211608874e-06 -1.1643068460018739e-06
leaf_weight=591 661 180 366 61 1305 420 2184
leaf_count=591 661 180 366 61 1305 420 2184
internal_value=0 0 1.7305e-07 -8.57541e-06 0 0 0
internal_weight=5768 902 4866 241 4500 3195 2775
internal_count=5768 902 4866 241 4500 3195 2775
is_linear=0
shrinkage=0.05


Tree=422
num_leaves=10
num_cat=0
split_feature=17 17 19 17 17 17 17 19 19
split_gain=5.62564e-08 8.95839e-06 1.13441e-05 6.62378e-06 9.22246e-07 6.09406e-06 4.54035e-07 3.0978e-05 1.83043e-07
threshold=8.6973007686733208 7.9919350267718441 0.78680769230769243 7.8479119156778632 7.6673031450585656 7.6831204213495203 7.115355359154643 0.46442307692307699 0.43079807692307698
decision_type=2 2 2 2 2 2 2 2 2
left_child=1 3 -3 4 6 -6 8 -8 -1
right_child=-2 2 -4 -5 5 -7 7 -9 -10
leaf_value=0 0 1.7780030387748747e-05 0 -1.8573865818325428e-05 3.3110399381257578e-05 0 -5.2942311657326549e-05 0 1.2369057851054208e-06
leaf_weight=228 22 160 26 47 14.999999999999998 977 27 3903 363
leaf_count=228 22 160 26 47 15 977 27 3903 363
internal_value=0 1.56436e-07 1.0978e-05 0 0 1.52377e-06 0 -5.13318e-07 4.09533e-07
internal_weight=5768 5746 186 5560 5513 992 4521 3930 591
internal_count=5768 5746 186 5560 5513 992 4521 3930 591
is_linear=0
shrinkage=0.05


Tree=423
num_leaves=8
num_cat=0
split_feature=10 19 10 19 19 19 19
split_gain=5.71605e-08 9.12708e-06 7.74565e-06 1.54445e-06 3.19331e-08 5.49463e-07 1.16052e-07
threshold=24.000000000000004 0.65192307692307705 48.000000000000007 0.61517307692307699 0.47441346153846159 0.53667307692307709 0.43079807692307698
decision_type=2 2 2 2 2 2 2
left_child=3 -2 -3 4 6 -6 -1
right_child=1 2 -4 -5 5 -7 -8
leaf_value=0 0 -2.0335865619035399e-05 0 1.9078821748156415e-05 -9.3867731204234294e-07 0 8.0282823831647693e-07
leaf_weight=228 740 101 61 9.9999999999999982 1558 2497 573
leaf_count=228 740 101 61 10 1558 2497 573
internal_value=0 0 -1.18316e-05 1.71351e-07 0 0 3.15503e-07
internal_weight=5768 902 162 4866 4856 4055 801
internal_count=5768 902 162 4866 4856 4055 801
is_linear=0
shrinkage=0.05


Tree=424
num_leaves=8
num_cat=0
split_feature=17 17 17 17 17 17 17
split_gain=6.47974e-08 8.7763e-06 6.29524e-06 3.66739e-07 7.59105e-07 1.11835e-06 1.07195e-06
threshold=8.6973007686733208 7.8920499419587129 8.0434510209488543 7.6714616578013848 7.2133000484419894 7.6419255179732621 7.115355359154643
decision_type=2 2 2 2 2 2 2
left_child=1 3 -3 4 6 -6 -1
right_child=-2 2 -4 -5 5 -7 -8
leaf_value=3.8895646866876587e-07 0 2.8998410536183247e-05 0 -9.6040741540842918e-07 3.2586975476696108e-06 0 -1.088804892505129e-06
leaf_weight=591 22 44 183 993 441 1310 2184
leaf_count=591 22 44 183 993 441 1310 2184
internal_value=0 1.67891e-07 9.84591e-06 0 0 1.04077e-06 0
internal_weight=5768 5746 227 5519 4526 1751 2775
internal_count=5768 5746 227 5519 4526 1751 2775
is_linear=0
shrinkage=0.05


Tree=425
num_leaves=8
num_cat=0
split_feature=10 19 17 17 17 17 17
split_gain=6.84927e-08 8.25733e-06 4.4871e-05 4.03749e-06 2.86194e-07 3.72479e-06 9.67494e-07
threshold=24.000000000000004 0.65192307692307705 8.2106037135369139 7.6673031450585656 7.6419255179732621 7.2133000484419894 7.115355359154643
decision_type=2 2 2 2 2 2 2
left_child=3 -2 -3 4 5 6 -1
right_child=1 2 -4 -5 -6 -7 -8
leaf_value=3.6956257202758447e-07 0 -3.4436910017185644e-05 0 5.2886556092350255e-06 -7.4016469651811774e-07 4.703052373184886e-06 -1.0343929464999134e-06
leaf_weight=591 740 111 51 366 1305 420 2184
leaf_count=591 740 111 51 366 1305 420 2184
internal_value=0 0 -1.12537e-05 1.87569e-07 0 0 0
internal_weight=5768 902 162 4866 4500 3195 2775
internal_count=5768 902 162 4866 4500 3195 2775
is_linear=0
shrinkage=0.05


Tree=426
num_leaves=8
num_cat=0
split_feature=10 19 19 19 19 19 19
split_gain=6.18652e-08 6.62628e-06 6.63241e-06 1.15838e-06 2.61082e-08 5.50399e-07 1.12033e-07
threshold=24.000000000000004 0.65192307692307705 0.91180769230769243 0.61517307692307699 0.47441346153846159 0.53667307692307709 0.43079807692307698
decision_type=2 2 2 2 2 2 2
left_child=3 -2 -3 4 6 -6 -1
right_child=1 2 -4 -5 5 -7 -8
leaf_value=0 0 -1.4915135160718276e-05 0 1.6653151886368315e-05 -9.3947653188247678e-07 0 7.7566656185973566e-07
leaf_weight=228 740 148 13.999999999999998 9.9999999999999982 1558 2497 573
leaf_count=228 740 148 14 10 1558 2497 573
internal_value=0 0 -1.00812e-05 1.78264e-07 0 0 2.8528e-07
internal_weight=5768 902 162 4866 4856 4055 801
internal_count=5768 902 162 4866 4856 4055 801
is_linear=0
shrinkage=0.05


Tree=427
num_leaves=9
num_cat=0
split_feature=17 17 19 17 17 17 17 17
split_gain=1.11946e-07 1.07489e-05 1.19354e-05 6.59213e-06 8.35639e-07 5.4642e-06 3.45249e-07 5.05328e-07
threshold=8.6973007686733208 7.9919350267718441 0.78680769230769243 7.8479119156778632 7.6673031450585656 7.6831204213495203 7.115355359154643 7.2133000484419894
decision_type=2 2 2 2 2 2 2 2
left_child=1 3 -3 4 6 -6 -1 -8
right_child=-2 2 -4 -5 5 -7 7 -9
leaf_value=3.6847866451009007e-07 0 1.8814311396064502e-05 0 -1.8529437608473619e-05 3.1374358804896461e-05 0 -9.6768420722412307e-07 0
leaf_weight=591 22 160 26 47 14.999999999999998 977 2184 1746
leaf_count=591 22 160 26 47 15 977 2184 1746
internal_value=0 2.20675e-07 1.20498e-05 0 0 1.45046e-06 0 -4.46229e-07
internal_weight=5768 5746 186 5560 5513 992 4521 3930
internal_count=5768 5746 186 5560 5513 992 4521 3930
is_linear=0
shrinkage=0.05


Tree=428
num_leaves=12
num_cat=0
split_feature=17 17 19 19 17 19 19 19 17 17 17
split_gain=1.05728e-07 9.44935e-06 9.59193e-06 8.63382e-06 4.03102e-07 3.2252e-06 8.17903e-06 1.15929e-06 2.88971e-05 2.43645e-06 2.01816e-06
threshold=8.6973007686733208 7.8920499419587129 0.78680769230769243 0.65192307692307705 7.6714616578013848 0.51805769230769239 0.52767307692307708 0.46442307692307699 7.1783939000347887 7.0395900374172458 7.6419255179732621
decision_type=2 2 2 2 2 2 2 2 2 2 2
left_child=1 4 3 -3 7 -6 -7 8 -1 -9 -11
right_child=-2 2 -4 -5 5 6 -8 9 -10 10 -12
leaf_value=0 0 0 0 2.4575008924686064e-05 0 -3.436179757118224e-05 0 0 -5.0794680137187234e-05 2.3215703439146647e-06 0
leaf_weight=239 22 87 26 114 63 24 906 348 27 2603 1309
leaf_count=239 22 87 26 114 63 24 906 348 27 2603 1309
internal_value=0 2.1446e-07 1.02358e-05 1.53938e-05 0 -1.0069e-06 -3.12138e-06 0 0 8.24727e-07 1.51569e-06
internal_weight=5768 5746 227 201 5519 993 930 4526 266 4260 3912
internal_count=5768 5746 227 201 5519 993 930 4526 266 4260 3912
is_linear=0
shrinkage=0.05


Tree=429
num_leaves=12
num_cat=0
split_feature=17 17 19 19 17 19 19 19 17 17 17
split_gain=5.63915e-08 8.38607e-06 9.01834e-06 7.63434e-06 3.70572e-07 3.15549e-06 7.17496e-06 9.68528e-07 2.61778e-05 2.27021e-06 1.82808e-06
threshold=8.6973007686733208 7.8920499419587129 0.78680769230769243 0.65192307692307705 7.6714616578013848 0.51805769230769239 0.52767307692307708 0.46442307692307699 7.1783939000347887 7.0395900374172458 7.6419255179732621
decision_type=2 2 2 2 2 2 2 2 2 2 2
left_child=1 4 3 -3 7 -6 -7 8 -1 -9 -11
right_child=-2 2 -4 -5 5 6 -8 9 -10 10 -12
leaf_value=0 0 0 0 2.3356941088264728e-05 0 -3.2712429016828527e-05 0 0 -4.8345660990370164e-05 2.2055510068601984e-06 0
leaf_weight=239 22 87 26 114 63 24 906 348 27 2603 1309
leaf_count=239 22 87 26 114 63 24 906 348 27 2603 1309
internal_value=0 1.56623e-07 9.62138e-06 1.47003e-05 0 -9.65412e-07 -3.07709e-06 0 0 7.53825e-07 1.43848e-06
internal_weight=5768 5746 227 201 5519 993 930 4526 266 4260 3912
internal_count=5768 5746 227 201 5519 993 930 4526 266 4260 3912
is_linear=0
shrinkage=0.05


Tree=430
num_leaves=15
num_cat=0
split_feature=19 17 17 17 19 17 17 17 17 17 17 17 17 17
split_gain=4.18213e-08 7.16507e-06 8.9094e-05 2.83645e-06 1.93327e-06 3.39138e-05 8.53728e-06 6.66609e-06 1.10342e-06 6.3454e-06 6.67279e-06 9.7511e-07 1.33721e-07 8.83049e-07
threshold=0.47441346153846159 7.200356359288631 7.6455694296173329 7.1783939000347887 0.52767307692307708 7.200356359288631 7.6673031450585656 7.1459464135563868 8.6973007686733208 7.8920499419587129 8.0434510209488543 6.9599592149906035 7.784864722929397 7.2226790386014175
decision_type=2 2 2 2 2 2 2 2 2 2 2 2 2 2
left_child=1 3 -3 -1 5 7 -7 11 9 12 -11 -2 13 -6
right_child=4 2 -4 -5 8 6 -8 -9 -10 10 -12 -13 -14 -15
leaf_value=0 0 8.293753303587436e-05 0 -5.9249109155175699e-06 0 -1.4911950500551351e-05 0 4.794424229526314e-06 0 2.8009528475296164e-05 0 -3.1804470963683355e-06 0 1.4114191043201605e-06
leaf_weight=240 80 34 326 201 1227 498 29 724 22 44 183 240 645 1275
leaf_count=240 80 34 326 201 1227 498 29 724 22 44 183 240 645 1275
internal_value=0 3.61062e-07 7.06464e-06 0 0 -1.75343e-06 -1.30281e-05 0 0 9.04073e-07 9.03746e-06 0 0 3.6546e-07
internal_weight=5768 801 360 441 4967 1571 527 1044 3396 3374 227 320 3147 2502
internal_count=5768 801 360 441 4967 1571 527 1044 3396 3374 227 320 3147 2502
is_linear=0
shrinkage=0.05


Tree=431
num_leaves=8
num_cat=0
split_feature=17 17 17 17 17 19 17
split_gain=3.57564e-08 1.21809e-06 2.03379e-06 2.842e-07 5.96457e-06 1.87443e-07 3.03658e-09
threshold=7.115355359154643 7.2133000484419894 7.6419255179732621 7.6673031450585656 7.6831204213495203 0.43079807692307698 7.8920499419587129
decision_type=2 2 2 2 2 2 2
left_child=5 -2 -3 -4 -5 -1 -6
right_child=1 2 3 4 6 -7 -8
leaf_value=0 -1.1805495858891467e-06 3.3916573863786249e-06 -7.3758199229618227e-07 3.052808635402469e-05 -8.7834464798882757e-08 1.2381277142244813e-06 0
leaf_weight=228 2184 441 1305 14.999999999999998 983 363 249
leaf_count=228 2184 441 1305 15 983 363 249
internal_value=0 0 0 0 0 3.88585e-07 0
internal_weight=5768 5177 2993 2552 1247 591 1232
internal_count=5768 5177 2993 2552 1247 591 1232
is_linear=0
shrinkage=0.05


Tree=432
num_leaves=8
num_cat=0
split_feature=10 19 17 17 17 17 17
split_gain=4.23299e-08 8.85997e-06 4.56747e-05 3.65098e-06 2.56507e-07 3.93467e-06 1.12848e-06
threshold=24.000000000000004 0.65192307692307705 8.2106037135369139 7.6673031450585656 7.6419255179732621 7.2133000484419894 7.115355359154643
decision_type=2 2 2 2 2 2 2
left_child=3 -2 -3 4 5 6 -1
right_child=1 2 -4 -5 -6 -7 -8
leaf_value=3.5062304910703367e-07 0 -3.4889694964346878e-05 0 5.0158516980237538e-06 -7.0072587413333947e-07 4.8337355886548402e-06 -1.1215431986534349e-06
leaf_weight=591 740 111 51 366 1305 420 2184
leaf_count=591 740 111 51 366 1305 420 2184
internal_value=0 0 -1.16571e-05 1.47456e-07 0 0 0
internal_weight=5768 902 162 4866 4500 3195 2775
internal_count=5768 902 162 4866 4500 3195 2775
is_linear=0
shrinkage=0.05


Tree=433
num_leaves=10
num_cat=0
split_feature=17 17 19 17 17 17 17 19 19
split_gain=4.52981e-08 8.64144e-06 1.04734e-05 6.79441e-06 7.58261e-07 4.57881e-06 3.83908e-07 2.76848e-05 1.69272e-07
threshold=8.6973007686733208 7.9919350267718441 0.78680769230769243 7.8479119156778632 7.6673031450585656 7.6831204213495203 7.115355359154643 0.46442307692307699 0.43079807692307698
decision_type=2 2 2 2 2 2 2 2 2
left_child=1 3 -3 4 6 -6 8 -8 -1
right_child=-2 2 -4 -5 5 -7 7 -9 -10
leaf_value=0 0 1.7248682170869168e-05 0 -1.8811576568017088e-05 2.8877634322270736e-05 0 -5.0037854151534172e-05 0 1.1589083450227192e-06
leaf_weight=228 22 160 26 47 14.999999999999998 977 27 3903 363
leaf_count=228 22 160 26 47 15 977 27 3903 363
internal_value=0 1.40375e-07 1.07765e-05 0 0 1.38167e-06 0 -4.76908e-07 3.3313e-07
internal_weight=5768 5746 186 5560 5513 992 4521 3930 591
internal_count=5768 5746 186 5560 5513 992 4521 3930 591
is_linear=0
shrinkage=0.05


Tree=434
num_leaves=13
num_cat=0
split_feature=10 19 17 17 19 19 17 17 17 17 17 17
split_gain=4.21628e-08 7.84956e-06 4.33104e-05 3.25959e-06 1.82402e-05 1.96108e-06 3.41055e-05 1.58061e-05 7.31905e-05 2.43606e-06 1.19538e-06 1.7809e-05
threshold=24.000000000000004 0.65192307692307705 8.2106037135369139 7.6893425732886129 0.53667307692307709 0.47441346153846159 7.6714616578013848 7.200356359288631 7.6455694296173329 7.1783939000347887 7.5545473360280555 7.200356359288631
decision_type=2 2 2 2 2 2 2 2 2 2 2 2
left_child=3 -2 -3 5 -5 7 10 9 -9 -1 11 -7
right_child=1 2 -4 4 -6 6 -8 8 -10 -11 -12 -13
leaf_value=0 0 -3.3792937798092936e-05 0 0 2.3442279293239876e-05 0 -2.1838633953310671e-05 8.0415762960910794e-05 0 -5.4908327592333939e-06 1.5467679291349156e-06 -1.2042654579822338e-05
leaf_weight=240 740 111 51 26 97 2213 180 34 321 201 1248 306
leaf_count=240 740 111 51 26 97 2213 180 34 321 201 1248 306
internal_value=0 0 -1.09723e-05 1.47165e-07 8.15889e-06 0 -5.18118e-07 2.19583e-06 1.1036e-05 0 0 -9.78236e-09
internal_weight=5768 902 162 4866 123 4743 3947 796 355 441 3767 2519
internal_count=5768 902 162 4866 123 4743 3947 796 355 441 3767 2519
is_linear=0
shrinkage=0.05


Tree=435
num_leaves=8
num_cat=0
split_feature=17 17 17 17 17 17 17
split_gain=7.16251e-08 8.86823e-06 6.08824e-06 8.46015e-07 4.06627e-06 3.50869e-07 5.78369e-07
threshold=8.6973007686733208 7.9919350267718441 7.8479119156778632 7.6673031450585656 7.6831204213495203 7.115355359154643 7.2133000484419894
decision_type=2 2 2 2 2 2 2
left_child=1 2 3 5 -5 -1 -7
right_child=-2 -3 -4 4 -6 6 -8
leaf_value=2.9759830598580935e-07 0 1.0932375497015361e-05 -1.7807191494891105e-05 2.7704581152647718e-05 0 -1.0194144983194102e-06 0
leaf_weight=591 22 186 47 14.999999999999998 977 2184 1746
leaf_count=591 22 186 47 15 977 2184 1746
internal_value=0 1.76515e-07 0 0 1.45943e-06 0 -4.58044e-07
internal_weight=5768 5746 5560 5513 992 4521 3930
internal_count=5768 5746 5560 5513 992 4521 3930
is_linear=0
shrinkage=0.05


Tree=436
num_leaves=8
num_cat=0
split_feature=10 19 19 19 19 19 19
split_gain=6.60733e-08 6.79638e-06 6.66279e-06 8.55435e-07 1.72716e-08 4.36119e-07 1.02235e-07
threshold=24.000000000000004 0.65192307692307705 0.91180769230769243 0.61517307692307699 0.47441346153846159 0.53667307692307709 0.43079807692307698
decision_type=2 2 2 2 2 2 2
left_child=3 -2 -3 4 6 -6 -1
right_child=1 2 -4 -5 5 -7 -8
leaf_value=0 0 -1.5027476112309831e-05 0 1.4471828260204985e-05 -8.3627572213404102e-07 0 7.2145763478803207e-07
leaf_weight=228 740 148 13.999999999999998 9.9999999999999982 1558 2497 573
leaf_count=228 740 148 14 10 1558 2497 573
internal_value=0 0 -1.02097e-05 1.84227e-07 0 0 2.32033e-07
internal_weight=5768 902 162 4866 4856 4055 801
internal_count=5768 902 162 4866 4856 4055 801
is_linear=0
shrinkage=0.05


Tree=437
num_leaves=12
num_cat=0
split_feature=17 17 19 19 17 19 19 19 17 17 17
split_gain=9.52395e-08 8.95002e-06 9.06461e-06 9.55769e-06 3.57187e-07 3.01924e-06 6.692e-06 1.13515e-06 2.93909e-05 2.44046e-06 2.11006e-06
threshold=8.6973007686733208 7.8920499419587129 0.78680769230769243 0.65192307692307705 7.6714616578013848 0.51805769230769239 0.52767307692307708 0.46442307692307699 7.1783939000347887 7.0395900374172458 7.6419255179732621
decision_type=2 2 2 2 2 2 2 2 2 2 2
left_child=1 4 3 -3 7 -6 -7 8 -1 -9 -11
right_child=-2 2 -4 -5 5 6 -8 9 -10 10 -12
leaf_value=0 0 0 0 2.4524854445506046e-05 0 -3.1730796396732323e-05 0 0 -5.1226817137960873e-05 2.3363621880365794e-06 0
leaf_weight=239 22 87 26 114 63 24 906 348 27 2603 1309
leaf_count=239 22 87 26 114 63 24 906 348 27 2603 1309
internal_value=0 2.03544e-07 9.95894e-06 1.4971e-05 0 -9.47817e-07 -3.01109e-06 0 0 8.16095e-07 1.51144e-06
internal_weight=5768 5746 227 201 5519 993 930 4526 266 4260 3912
internal_count=5768 5746 227 201 5519 993 930 4526 266 4260 3912
is_linear=0
shrinkage=0.05


Tree=438
num_leaves=8
num_cat=0
split_feature=17 17 17 17 17 17 17
split_gain=4.83072e-08 7.91749e-06 6.16057e-06 3.28898e-07 7.13045e-07 1.07653e-06 1.02076e-06
threshold=8.6973007686733208 7.8920499419587129 8.0434510209488543 7.6714616578013848 7.2133000484419894 7.6419255179732621 7.115355359154643
decision_type=2 2 2 2 2 2 2
left_child=1 3 -3 4 6 -6 -1
right_child=-2 2 -4 -5 5 -7 -8
leaf_value=2.9738983382255335e-07 0 2.8014244201282656e-05 0 -9.0951037392211339e-07 3.1815115488829648e-06 0 -1.069559979953673e-06
leaf_weight=591 22 44 183 993 441 1310 2184
leaf_count=591 22 44 183 993 441 1310 2184
internal_value=0 1.44962e-07 9.34581e-06 0 0 1.0087e-06 0
internal_weight=5768 5746 227 5519 4526 1751 2775
internal_count=5768 5746 227 5519 4526 1751 2775
is_linear=0
shrinkage=0.05


Tree=439
num_leaves=8
num_cat=0
split_feature=10 19 19 19 19 19 19
split_gain=4.96552e-08 7.07992e-06 6.79549e-06 6.17937e-07 2.33905e-08 4.77687e-07 1.16453e-07
threshold=24.000000000000004 0.65192307692307705 0.91180769230769243 0.61517307692307699 0.47441346153846159 0.53667307692307709 0.43079807692307698
decision_type=2 2 2 2 2 2 2
left_child=3 -2 -3 4 6 -6 -1
right_child=1 2 -4 -5 5 -7 -8
leaf_value=0 0 -1.5258076345339422e-05 0 1.2317686024206581e-05 -8.7522258006085261e-07 0 7.8043349232047578e-07
leaf_weight=228 740 148 13.999999999999998 9.9999999999999982 1558 2497 573
leaf_count=228 740 148 14 10 1558 2497 573
internal_value=0 0 -1.04205e-05 1.59706e-07 0 0 2.70024e-07
internal_weight=5768 902 162 4866 4856 4055 801
internal_count=5768 902 162 4866 4856 4055 801
is_linear=0
shrinkage=0.05


Tree=440
num_leaves=9
num_cat=0
split_feature=17 17 19 17 17 17 17 17
split_gain=6.84674e-08 8.33481e-06 1.00646e-05 6.35086e-06 9.17423e-07 3.66096e-06 3.51992e-07 5.47274e-07
threshold=8.6973007686733208 7.9919350267718441 0.78680769230769243 7.8479119156778632 7.6673031450585656 7.6831204213495203 7.115355359154643 7.2133000484419894
decision_type=2 2 2 2 2 2 2 2
left_child=1 3 -3 4 6 -6 -1 -8
right_child=-2 2 -4 -5 5 -7 7 -9
leaf_value=2.9869271693806235e-07 0 1.6934221410857778e-05 0 -1.8187187718770772e-05 2.6746451039798542e-05 0 -1.0023654877576866e-06 0
leaf_weight=591 22 160 26 47 14.999999999999998 977 2184 1746
leaf_count=591 22 160 26 47 15 977 2184 1746
internal_value=0 1.7258e-07 1.05992e-05 0 0 1.51978e-06 0 -4.58717e-07
internal_weight=5768 5746 186 5560 5513 992 4521 3930
internal_count=5768 5746 186 5560 5513 992 4521 3930
is_linear=0
shrinkage=0.05


Tree=441
num_leaves=8
num_cat=0
split_feature=10 19 17 17 17 17 17
split_gain=6.75112e-08 6.81361e-06 4.1454e-05 3.52523e-06 2.85577e-07 3.68087e-06 8.11597e-07
threshold=24.000000000000004 0.65192307692307705 8.2106037135369139 7.6673031450585656 7.6419255179732621 7.2133000484419894 7.115355359154643
decision_type=2 2 2 2 2 2 2
left_child=3 -2 -3 4 5 6 -1
right_child=1 2 -4 -5 -6 -7 -8
leaf_value=2.8377794527890733e-07 0 -3.2823792301184899e-05 0 4.9470899622171753e-06 -7.3886406393992664e-07 4.6754888404877475e-06 -9.5225086550758961e-07
leaf_weight=591 740 111 51 366 1305 420 2184
leaf_count=591 740 111 51 366 1305 420 2184
internal_value=0 0 -1.02227e-05 1.8622e-07 0 1.74309e-08 0
internal_weight=5768 902 162 4866 4500 3195 2775
internal_count=5768 902 162 4866 4500 3195 2775
is_linear=0
shrinkage=0.05


Tree=442
num_leaves=12
num_cat=0
split_feature=17 17 19 19 17 19 19 19 17 17 17
split_gain=8.68321e-08 8.65403e-06 8.64792e-06 1.04598e-05 3.59323e-07 2.96818e-06 5.98721e-06 1.0966e-06 2.70222e-05 2.41384e-06 2.01509e-06
threshold=8.6973007686733208 7.8920499419587129 0.78680769230769243 0.65192307692307705 7.6714616578013848 0.51805769230769239 0.52767307692307708 0.46442307692307699 7.1783939000347887 7.0395900374172458 7.6419255179732621
decision_type=2 2 2 2 2 2 2 2 2 2 2
left_child=1 4 3 -3 7 -6 -7 8 -1 -9 -11
right_child=-2 2 -4 -5 5 6 -8 9 -10 10 -12
leaf_value=0 0 0 0 2.4604940923619208e-05 0 -3.0519998818635931e-05 0 0 -4.9119190911629362e-05 2.3032261146357307e-06 0
leaf_weight=239 22 87 26 114 63 24 906 348 27 2603 1309
leaf_count=239 22 87 26 114 63 24 906 348 27 2603 1309
internal_value=0 1.94352e-07 9.78993e-06 1.467e-05 0 -9.50647e-07 -2.98919e-06 0 0 8.02118e-07 1.4976e-06
internal_weight=5768 5746 227 201 5519 993 930 4526 266 4260 3912
internal_count=5768 5746 227 201 5519 993 930 4526 266 4260 3912
is_linear=0
shrinkage=0.05


Tree=443
num_leaves=8
num_cat=0
split_feature=10 19 19 19 19 19 19
split_gain=3.62882e-08 6.45546e-06 6.51963e-06 5.78101e-07 2.63767e-08 5.26419e-07 1.26264e-07
threshold=24.000000000000004 0.65192307692307705 0.91180769230769243 0.61517307692307699 0.47441346153846159 0.53667307692307709 0.43079807692307698
decision_type=2 2 2 2 2 2 2
left_child=3 -2 -3 4 6 -6 -1
right_child=1 2 -4 -5 5 -7 -8
leaf_value=0 0 -1.4754753641767782e-05 0 1.1816679457710524e-05 -9.1878256219605864e-07 0 8.153597177196944e-07
leaf_weight=228 740 148 13.999999999999998 9.9999999999999982 1558 2497 573
leaf_count=228 740 148 14 10 1558 2497 573
internal_value=0 0 -9.95038e-06 1.36528e-07 0 0 2.86743e-07
internal_weight=5768 902 162 4866 4856 4055 801
internal_count=5768 902 162 4866 4856 4055 801
is_linear=0
shrinkage=0.05


Tree=444
num_leaves=8
num_cat=0
split_feature=17 17 17 17 17 17 17
split_gain=5.84743e-08 8.25941e-06 5.08046e-06 3.30925e-07 6.35494e-07 8.98603e-07 8.50169e-07
threshold=8.6973007686733208 7.8920499419587129 8.0434510209488543 7.6714616578013848 7.2133000484419894 7.115355359154643 7.6419255179732621
decision_type=2 2 2 2 2 2 2
left_child=1 3 -3 4 5 -1 -6
right_child=-2 2 -4 -5 6 -7 -8
leaf_value=2.8578983727965228e-07 0 2.7282826136797661e-05 0 -9.1230778052411602e-07 2.8988054668535032e-06 -1.003005793339464e-06 0
leaf_weight=591 22 44 183 993 441 2184 1310
leaf_count=591 22 44 183 993 441 2184 1310
internal_value=0 1.59489e-07 9.55012e-06 0 0 0 9.52267e-07
internal_weight=5768 5746 227 5519 4526 2775 1751
internal_count=5768 5746 227 5519 4526 2775 1751
is_linear=0
shrinkage=0.05


Tree=445
num_leaves=7
num_cat=0
split_feature=11 19 19 19 19 19
split_gain=4.58023e-08 5.67513e-06 6.13309e-06 5.35371e-07 5.07731e-07 1.21084e-07
threshold=4.5000000000000009 0.65192307692307705 0.91180769230769243 0.53667307692307709 0.47441346153846159 0.43079807692307698
decision_type=2 2 2 2 2 2
left_child=3 -2 -3 4 5 -1
right_child=1 2 -4 -5 -6 -7
leaf_value=0 0 -1.407567408780064e-05 0 7.6113035252534645e-07 -8.8204539112816603e-07 7.909887316369022e-07
leaf_weight=228 740 148 13.999999999999998 2507 1558 573
leaf_count=228 740 148 14 2507 1558 573
internal_value=0 0 -9.32963e-06 1.53385e-07 0 2.65235e-07
internal_weight=5768 902 162 4866 2359 801
internal_count=5768 902 162 4866 2359 801
is_linear=0
shrinkage=0.05


Tree=446
num_leaves=10
num_cat=0
split_feature=17 17 19 17 17 17 17 19 19
split_gain=6.68142e-08 8.86508e-06 9.9578e-06 6.31216e-06 8.71989e-07 3.32422e-06 3.59462e-07 2.43463e-05 1.63503e-07
threshold=8.6973007686733208 7.9919350267718441 0.78680769230769243 7.8479119156778632 7.6673031450585656 7.6831204213495203 7.115355359154643 0.46442307692307699 0.43079807692307698
decision_type=2 2 2 2 2 2 2 2 2
left_child=1 3 -3 4 6 -6 8 -8 -1
right_child=-2 2 -4 -5 5 -7 7 -9 -10
leaf_value=0 0 1.7126534677903103e-05 0 -1.8131698719419843e-05 2.560581080615519e-05 0 -4.6949034689792557e-05 0 1.1182184775512155e-06
leaf_weight=228 22 160 26 47 14.999999999999998 977 27 3903 363
leaf_count=228 22 160 26 47 15 977 27 3903 363
internal_value=0 1.70484e-07 1.09275e-05 0 0 1.48167e-06 0 -4.65624e-07 2.79937e-07
internal_weight=5768 5746 186 5560 5513 992 4521 3930 591
internal_count=5768 5746 186 5560 5513 992 4521 3930 591
is_linear=0
shrinkage=0.05


Tree=447
num_leaves=10
num_cat=0
split_feature=17 17 19 17 17 17 17 19 19
split_gain=5.75415e-08 7.71673e-06 9.2848e-06 5.70923e-06 8.49374e-07 2.96266e-06 3.31994e-07 2.20463e-05 1.50065e-07
threshold=8.6973007686733208 7.9919350267718441 0.78680769230769243 7.8479119156778632 7.6673031450585656 7.6831204213495203 7.115355359154643 0.46442307692307699 0.43079807692307698
decision_type=2 2 2 2 2 2 2 2 2
left_child=1 3 -3 4 6 -6 8 -8 -1
right_child=-2 2 -4 -5 5 -7 7 -9 -10
leaf_value=0 0 1.6275515573052976e-05 0 -1.7244001573999407e-05 2.4405533913522942e-05 0 -4.4685438541429377e-05 0 1.0624540272356865e-06
leaf_weight=228 22 160 26 47 14.999999999999998 977 27 3903 363
leaf_count=228 22 160 26 47 15 977 27 3903 363
internal_value=0 1.58212e-07 1.01948e-05 0 0 1.46233e-06 0 -4.49501e-07 2.45649e-07
internal_weight=5768 5746 186 5560 5513 992 4521 3930 591
internal_count=5768 5746 186 5560 5513 992 4521 3930 591
is_linear=0
shrinkage=0.05


Tree=448
num_leaves=8
num_cat=0
split_feature=10 19 19 19 19 19 19
split_gain=4.75744e-08 6.09448e-06 6.34332e-06 4.83623e-07 4.41276e-08 4.68528e-07 1.58144e-07
threshold=24.000000000000004 0.65192307692307705 0.91180769230769243 0.61517307692307699 0.47441346153846159 0.53667307692307709 0.43079807692307698
decision_type=2 2 2 2 2 2 2
left_child=3 -2 -3 4 6 -6 -1
right_child=1 2 -4 -5 5 -7 -8
leaf_value=0 0 -1.444603015046376e-05 0 1.098757323978297e-05 -8.6679211325586217e-07 0 9.3860237986759557e-07
leaf_weight=228 740 148 13.999999999999998 9.9999999999999982 1558 2497 573
leaf_count=228 740 148 14 10 1558 2497 573
internal_value=0 0 -9.66817e-06 1.56324e-07 0 0 3.70884e-07
internal_weight=5768 902 162 4866 4856 4055 801
internal_count=5768 902 162 4866 4856 4055 801
is_linear=0
shrinkage=0.05


Tree=449
num_leaves=10
num_cat=0
split_feature=17 12 12 17 17 17 17 19 19
split_gain=6.54711e-08 1.23358e-05 9.3959e-06 2.30569e-05 7.18974e-05 5.61311e-06 5.22778e-07 1.97922e-05 1.43624e-07
threshold=8.6973007686733208 1128.0000000000002 756.00000000000011 8.0497542698189957 7.8479119156778632 7.6673031450585656 7.115355359154643 0.46442307692307699 0.43079807692307698
decision_type=2 2 2 2 2 2 2 2 2
left_child=1 2 5 4 -4 6 8 -8 -1
right_child=-2 -3 3 -5 -6 -7 7 -9 -10
leaf_value=0 0 3.6714561536665184e-05 0 0 -8.6229948260422269e-05 3.68624739891045e-06 -4.2576197468276526e-05 0 1.0352005307680336e-06
leaf_weight=228 22 22 37 62 34 1078 27 3895 363
leaf_count=228 22 22 37 62 34 1078 27 3895 363
internal_value=0 1.68762e-07 0 -1.30615e-05 -3.34379e-05 3.35421e-07 0 -5.70301e-07 2.28892e-07
internal_weight=5768 5746 5724 133 71 5591 4513 3922 591
internal_count=5768 5746 5724 133 71 5591 4513 3922 591
is_linear=0
shrinkage=0.05


Tree=450
num_leaves=13
num_cat=0
split_feature=17 17 19 19 17 17 19 19 19 17 17 17
split_gain=5.84099e-08 8.13993e-06 8.50826e-06 1.12386e-05 1.20988e-06 4.37984e-07 3.05058e-06 5.13165e-06 9.32396e-07 1.8392e-05 2.30684e-06 2.00867e-06
threshold=8.6973007686733208 7.8920499419587129 0.78680769230769243 0.65192307692307705 8.0497542698189957 7.6714616578013848 0.51805769230769239 0.52767307692307708 0.46442307692307699 7.1783939000347887 7.0395900374172458 7.6419255179732621
decision_type=2 2 2 2 2 2 2 2 2 2 2 2
left_child=1 5 3 -3 -5 8 -7 -8 9 -1 -10 -12
right_child=-2 2 -4 4 -6 6 7 -9 10 -11 11 -13
leaf_value=0 0 0 0 5.3995494917035089e-05 0 0 -2.936020605266093e-05 0 0 -4.0523416163133717e-05 2.2446169711870443e-06 0
leaf_weight=239 22 87 26 24 90 63 24 906 348 27 2603 1309
leaf_count=239 22 87 26 24 90 63 24 906 348 27 2603 1309
internal_value=0 1.59402e-07 9.48125e-06 1.43793e-05 2.46476e-05 0 -1.04956e-06 -3.06068e-06 0 0 7.3963e-07 1.43859e-06
internal_weight=5768 5746 227 201 114 5519 993 930 4526 266 4260 3912
internal_count=5768 5746 227 201 114 5519 993 930 4526 266 4260 3912
is_linear=0
shrinkage=0.05


Tree=451
num_leaves=16
num_cat=0
split_feature=19 17 17 17 19 17 17 17 17 17 17 17 17 17 17
split_gain=6.01109e-08 6.99626e-06 9.57691e-05 2.33076e-06 1.71208e-06 3.2731e-05 8.75702e-06 6.67301e-06 9.93889e-07 6.72035e-06 6.57192e-06 8.83702e-07 7.91146e-08 7.45524e-07 3.23979e-08
threshold=0.47441346153846159 7.200356359288631 7.6455694296173329 7.1783939000347887 0.52767307692307708 7.200356359288631 7.6673031450585656 7.1459464135563868 8.6973007686733208 7.8920499419587129 8.0434510209488543 6.9599592149906035 7.784864722929397 7.2226790386014175 7.0395900374172458
decision_type=2 2 2 2 2 2 2 2 2 2 2 2 2 2 2
left_child=1 3 -3 -1 5 7 -7 11 9 12 -11 -2 13 -6 -13
right_child=4 2 -4 -5 8 6 -8 -9 -10 10 -12 14 -14 -15 -16
leaf_value=0 0 8.5701097069042066e-05 0 -5.3708493654238101e-06 0 -1.471167991594794e-05 0 4.7969136065964046e-06 0 2.8172251354489059e-05 0 -3.9337837212794523e-06 0 1.2710902917539686e-06 0
leaf_weight=240 80 34 326 201 1227 498 29 724 22 44 183 147 645 1275 93
leaf_count=240 80 34 326 201 1227 498 29 724 22 44 183 147 645 1275 93
internal_value=0 4.32872e-07 6.99048e-06 0 0 -1.65008e-06 -1.27704e-05 0 0 8.58029e-07 9.19706e-06 0 0 2.81105e-07 -3.02771e-06
internal_weight=5768 801 360 441 4967 1571 527 1044 3396 3374 227 320 3147 2502 240
internal_count=5768 801 360 441 4967 1571 527 1044 3396 3374 227 320 3147 2502 240
is_linear=0
shrinkage=0.05


Tree=452
num_leaves=7
num_cat=0
split_feature=11 17 17 17 17 17
split_gain=3.18857e-08 6.04604e-06 3.0413e-06 3.10275e-07 4.6271e-06 1.07029e-06
threshold=4.5000000000000009 7.8479119156778632 7.6673031450585656 7.6419255179732621 7.2133000484419894 7.115355359154643
decision_type=2 2 2 2 2 2
left_child=2 -2 3 4 5 -1
right_child=1 -3 -4 -5 -6 -7
leaf_value=2.4523985991215073e-07 0 -7.903106779548962e-06 4.5754216147151483e-06 -7.7067600024948197e-07 5.2418351126945355e-06 -1.0992216662390825e-06
leaf_weight=591 661 241 366 1305 420 2184
leaf_count=591 661 241 366 1305 420 2184
internal_value=0 0 1.27979e-07 0 0 0
internal_weight=5768 902 4866 4500 3195 2775
internal_count=5768 902 4866 4500 3195 2775
is_linear=0
shrinkage=0.05


Tree=453
num_leaves=4
num_cat=0
split_feature=19 19 19
split_gain=3.18941e-08 1.50636e-06 1.40227e-07
threshold=0.47441346153846159 0.52767307692307708 0.43079807692307698
decision_type=2 2 2
left_child=2 -2 -1
right_child=1 -3 -4
leaf_value=0 -1.5477784030268598e-06 0 8.6582785378776463e-07
leaf_weight=228 1571 3396 573
leaf_count=228 1571 3396 573
internal_value=0 0 3.1531e-07
internal_weight=5768 4967 801
internal_count=5768 4967 801
is_linear=0
shrinkage=0.05


Tree=454
num_leaves=12
num_cat=0
split_feature=17 17 19 19 17 19 19 19 17 17 17
split_gain=4.32678e-08 7.82058e-06 8.21794e-06 1.12309e-05 4.90243e-07 3.10526e-06 4.29848e-06 9.56222e-07 2.03611e-05 2.28053e-06 1.98845e-06
threshold=8.6973007686733208 7.8920499419587129 0.78680769230769243 0.65192307692307705 7.6714616578013848 0.51805769230769239 0.52767307692307708 0.46442307692307699 7.1783939000347887 7.0395900374172458 7.6419255179732621
decision_type=2 2 2 2 2 2 2 2 2 2 2
left_child=1 4 3 -3 7 -6 -7 8 -1 -9 -11
right_child=-2 2 -4 -5 5 6 -8 9 -10 10 -12
leaf_value=0 0 0 0 2.4367084605214387e-05 0 -2.8096242994070046e-05 0 0 -4.2637481819838278e-05 2.239758065456779e-06 0
leaf_weight=239 22 87 26 114 63 24 906 348 27 2603 1309
leaf_count=239 22 87 26 114 63 24 906 348 27 2603 1309
internal_value=0 1.37193e-07 9.28582e-06 1.41079e-05 0 -1.11041e-06 -3.10724e-06 0 0 7.49021e-07 1.43804e-06
internal_weight=5768 5746 227 201 5519 993 930 4526 266 4260 3912
internal_count=5768 5746 227 201 5519 993 930 4526 266 4260 3912
is_linear=0
shrinkage=0.05


Tree=455
num_leaves=16
num_cat=0
split_feature=19 17 17 17 19 17 17 17 17 17 17 17 17 17 17
split_gain=3.43254e-08 6.36871e-06 8.95968e-05 2.16908e-06 1.49038e-06 3.0081e-05 8.64693e-06 6.07716e-06 8.05629e-07 6.06028e-06 6.06081e-06 7.88905e-07 4.5313e-08 6.74712e-07 1.00777e-08
threshold=0.47441346153846159 7.200356359288631 7.6455694296173329 7.1783939000347887 0.52767307692307708 7.200356359288631 7.6673031450585656 7.1459464135563868 8.6973007686733208 7.8920499419587129 8.0434510209488543 6.9599592149906035 7.784864722929397 7.2226790386014175 7.0395900374172458
decision_type=2 2 2 2 2 2 2 2 2 2 2 2 2 2 2
left_child=1 3 -3 -1 5 7 -7 11 9 12 -11 -2 13 -6 -13
right_child=4 2 -4 -5 8 6 -8 -9 -10 10 -12 14 -14 -15 -16
leaf_value=0 0 8.2807779844318118e-05 0 -5.1812201019118314e-06 0 -1.4194879477436773e-05 0 4.5777438433262806e-06 0 2.6798339198446932e-05 0 -3.6737340741564277e-06 0 1.1877322638006646e-06 0
leaf_weight=240 80 34 326 201 1227 498 29 724 22 44 183 147 645 1275 93
leaf_count=240 80 34 326 201 1227 498 29 724 22 44 183 147 645 1275 93
internal_value=0 3.27108e-07 6.659e-06 0 0 -1.53954e-06 -1.22264e-05 0 0 7.72504e-07 8.67664e-06 0 0 2.12741e-07 -2.86071e-06
internal_weight=5768 801 360 441 4967 1571 527 1044 3396 3374 227 320 3147 2502 240
internal_count=5768 801 360 441 4967 1571 527 1044 3396 3374 227 320 3147 2502 240
is_linear=0
shrinkage=0.05


Tree=456
num_leaves=7
num_cat=0
split_feature=17 17 17 17 17 17
split_gain=2.2304e-08 1.20572e-06 2.58306e-06 3.02756e-07 3.51819e-06 1.0972e-08
threshold=7.115355359154643 7.2133000484419894 7.6419255179732621 7.6673031450585656 7.6831204213495203 7.8920499419587129
decision_type=2 2 2 2 2 2
left_child=-1 -2 -3 -4 -5 -6
right_child=1 2 3 4 5 -7
leaf_value=3.0690279197949883e-07 -1.1745381171152302e-06 3.8223094422774744e-06 -7.6128093725081748e-07 2.3446033010259255e-05 -1.6696082883111243e-07 0
leaf_weight=591 2184 441 1305 14.999999999999998 983 249
leaf_count=591 2184 441 1305 15 983 249
internal_value=0 0 0 0 0 0
internal_weight=5768 5177 2993 2552 1247 1232
internal_count=5768 5177 2993 2552 1247 1232
is_linear=0
shrinkage=0.05


Tree=457
num_leaves=7
num_cat=0
split_feature=10 17 17 17 17 17
split_gain=2.8427e-08 6.58923e-06 2.69641e-06 2.73258e-07 4.67001e-06 1.10835e-06
threshold=24.000000000000004 7.8479119156778632 7.6673031450585656 7.6419255179732621 7.2133000484419894 7.115355359154643
decision_type=2 2 2 2 2 2
left_child=2 -2 3 4 5 -1
right_child=1 -3 -4 -5 -6 -7
leaf_value=2.9158095998895576e-07 0 -8.2504853637432498e-06 4.3083140239556002e-06 -7.2324421306876626e-07 5.2660827616488475e-06 -1.1158402331463257e-06
leaf_weight=591 661 241 366 1305 420 2184
leaf_count=591 661 241 366 1305 420 2184
internal_value=0 0 1.20838e-07 0 0 0
internal_weight=5768 902 4866 4500 3195 2775
internal_count=5768 902 4866 4500 3195 2775
is_linear=0
shrinkage=0.05


Tree=458
num_leaves=14
num_cat=0
split_feature=10 17 19 17 19 19 17 17 17 17 17 17 19
split_gain=2.56973e-08 5.94937e-06 4.73327e-06 2.48643e-06 1.47686e-05 1.79027e-06 3.3643e-05 1.43085e-05 7.05139e-05 1.869e-06 1.13045e-06 1.53519e-05 6.7481e-07
threshold=24.000000000000004 7.8479119156778632 0.91180769230769243 7.6893425732886129 0.53667307692307709 0.47441346153846159 7.6714616578013848 7.200356359288631 7.6455694296173329 7.1783939000347887 7.5545473360280555 7.200356359288631 0.63055769230769243
decision_type=2 2 2 2 2 2 2 2 2 2 2 2 2
left_child=3 -2 12 5 -5 7 10 9 -9 -1 11 -7 -3
right_child=1 2 -4 4 -6 6 -8 8 -10 -11 -12 -13 -14
leaf_value=0 0 0 0 0 2.0996046986677966e-05 0 -2.1684324543779066e-05 7.847314647265843e-05 0 -4.8094939919981616e-06 1.5042311919434032e-06 -1.1181019913785898e-05 -1.2811125520494968e-05
leaf_weight=240 661 55 13.999999999999998 26 97 2213 180 34 321 201 1248 306 172
leaf_count=240 661 55 14 26 97 2213 180 34 321 201 1248 306 172
internal_value=0 0 -7.83967e-06 1.1489e-07 7.11672e-06 0 -5.03428e-07 2.08812e-06 1.04997e-05 0 0 0 -1.08229e-05
internal_weight=5768 902 241 4866 123 4743 3947 796 355 441 3767 2519 227
internal_count=5768 902 241 4866 123 4743 3947 796 355 441 3767 2519 227
is_linear=0
shrinkage=0.05


Tree=459
num_leaves=9
num_cat=0
split_feature=17 17 19 17 17 17 17 17
split_gain=4.02151e-08 7.71092e-06 9.27466e-06 5.51927e-06 6.12238e-07 2.58136e-06 3.2148e-07 6.08384e-07
threshold=8.6973007686733208 7.9919350267718441 0.78680769230769243 7.8479119156778632 7.6673031450585656 7.6831204213495203 7.115355359154643 7.2133000484419894
decision_type=2 2 2 2 2 2 2 2
left_child=1 3 -3 4 6 -6 -1 -8
right_child=-2 2 -4 -5 5 -7 7 -9
leaf_value=2.7703677915269464e-07 0 1.6259637228155406e-05 0 -1.6954701859503981e-05 2.233830629847942e-05 0 -1.0213336088956766e-06 0
leaf_weight=591 22 160 26 47 14.999999999999998 977 2184 1746
leaf_count=591 22 160 26 47 15 977 2184 1746
internal_value=0 1.32265e-07 1.01796e-05 0 0 1.24153e-06 0 -4.39196e-07
internal_weight=5768 5746 186 5560 5513 992 4521 3930
internal_count=5768 5746 186 5560 5513 992 4521 3930
is_linear=0
shrinkage=0.05


Tree=460
num_leaves=9
num_cat=0
split_feature=10 17 19 17 19 17 17 17
split_gain=4.49064e-08 5.86777e-06 4.70213e-06 2.69844e-06 5.43824e-07 2.96092e-07 4.17413e-06 8.39266e-07
threshold=24.000000000000004 7.8479119156778632 0.91180769230769243 7.6673031450585656 0.65192307692307705 7.6419255179732621 7.2133000484419894 7.115355359154643
decision_type=2 2 2 2 2 2 2 2
left_child=3 -2 4 5 -3 6 7 -1
right_child=1 2 -4 -5 -6 -7 -8 -9
leaf_value=2.6319927692875802e-07 0 0 0 4.3229204969707747e-06 -1.3655465577083292e-05 -7.5006677676776654e-07 4.9799612208685418e-06 -9.7030393024842557e-07
leaf_weight=591 661 79 13.999999999999998 366 148 1305 420 2184
leaf_count=591 661 79 14 366 148 1305 420 2184
internal_value=0 0 -7.78572e-06 1.51878e-07 -1.07656e-05 0 4.13841e-08 0
internal_weight=5768 902 241 4866 227 4500 3195 2775
internal_count=5768 902 241 4866 227 4500 3195 2775
is_linear=0
shrinkage=0.05


Tree=461
num_leaves=10
num_cat=0
split_feature=17 12 12 17 17 17 17 19 19
split_gain=4.53621e-08 1.15455e-05 9.18106e-06 2.30004e-05 6.76317e-05 4.86271e-06 4.74764e-07 2.57006e-05 1.65549e-07
threshold=8.6973007686733208 1128.0000000000002 756.00000000000011 8.0497542698189957 7.8479119156778632 7.6673031450585656 7.115355359154643 0.46442307692307699 0.43079807692307698
decision_type=2 2 2 2 2 2 2 2 2
left_child=1 2 5 4 -4 6 8 -8 -1
right_child=-2 -3 3 -5 -6 -7 7 -9 -10
leaf_value=0 0 3.5494781028398344e-05 0 0 -8.4346435664753834e-05 3.4292051296739858e-06 -4.83297520051045e-05 0 1.1129809674137816e-06
leaf_weight=228 22 22 37 62 34 1078 27 3895 363
leaf_count=228 22 22 37 62 34 1078 27 3895 363
internal_value=0 1.40474e-07 0 -1.29353e-05 -3.33171e-05 3.08342e-07 0 -5.414e-07 2.50082e-07
internal_weight=5768 5746 5724 133 71 5591 4513 3922 591
internal_count=5768 5746 5724 133 71 5591 4513 3922 591
is_linear=0
shrinkage=0.05


Tree=462
num_leaves=9
num_cat=0
split_feature=10 17 19 17 17 17 17 19
split_gain=4.28206e-08 4.93534e-06 4.19707e-06 2.34946e-06 2.67444e-07 3.98925e-06 7.50143e-07 4.01983e-08
threshold=24.000000000000004 7.8479119156778632 0.91180769230769243 7.6673031450585656 7.6419255179732621 7.2133000484419894 7.115355359154643 0.65192307692307705
decision_type=2 2 2 2 2 2 2 2
left_child=3 -2 7 4 5 6 -1 -3
right_child=1 2 -4 -5 -6 -7 -8 -9
leaf_value=2.1595806100703036e-07 0 0 0 4.0368500437805726e-06 -7.1073863250638413e-07 4.8693136871745916e-06 -9.1959279802046048e-07 -1.2405762057238194e-05
leaf_weight=591 661 79 13.999999999999998 366 1305 420 2184 148
leaf_count=591 661 79 14 366 1305 420 2184 148
internal_value=0 0 -7.14037e-06 1.48308e-07 0 5.27278e-08 0 -1.00068e-05
internal_weight=5768 902 241 4866 4500 3195 2775 227
internal_count=5768 902 241 4866 4500 3195 2775 227
is_linear=0
shrinkage=0.05


Tree=463
num_leaves=8
num_cat=0
split_feature=10 19 19 19 19 19 19
split_gain=3.86821e-08 3.55188e-06 4.73226e-06 5.48694e-07 9.95659e-09 3.21916e-07 1.02006e-07
threshold=24.000000000000004 0.65192307692307705 0.91180769230769243 0.61517307692307699 0.47441346153846159 0.53667307692307709 0.43079807692307698
decision_type=2 2 2 2 2 2 2
left_child=3 -2 -3 4 6 -6 -1
right_child=1 2 -4 -5 5 -7 -8
leaf_value=0 0 -1.1789639145257485e-05 0 1.1553984050723614e-05 -7.1848637468167803e-07 0 6.9831395317931714e-07
leaf_weight=228 740 148 13.999999999999998 9.9999999999999982 1558 2497 573
leaf_count=228 740 148 14 10 1558 2497 573
internal_value=0 0 -7.38083e-06 1.4096e-07 0 0 1.76173e-07
internal_weight=5768 902 162 4866 4856 4055 801
internal_count=5768 902 162 4866 4856 4055 801
is_linear=0
shrinkage=0.05


Tree=464
num_leaves=10
num_cat=0
split_feature=17 13 13 17 17 17 17 19 19
split_gain=5.90567e-08 1.07697e-05 6.86625e-06 2.11012e-05 6.07703e-05 4.3082e-06 4.12979e-07 2.35427e-05 1.54836e-07
threshold=8.6973007686733208 10.130202516776858 9.4828921423310444 8.0497542698189957 7.8479119156778632 7.6673031450585656 7.115355359154643 0.46442307692307699 0.43079807692307698
decision_type=2 2 2 2 2 2 2 2 2
left_child=1 2 5 4 -4 6 8 -8 -1
right_child=-2 -3 3 -5 -6 -7 7 -9 -10
leaf_value=0 0 3.4307987813878311e-05 0 0 -7.9529099299439362e-05 3.2281552511979451e-06 -4.6237351239791929e-05 0 1.0681694818361256e-06
leaf_weight=228 22 22 37 62 34 1078 27 3895 363
leaf_count=228 22 22 37 62 34 1078 27 3895 363
internal_value=0 1.60282e-07 0 -1.11609e-05 -3.10566e-05 2.91062e-07 0 -5.05947e-07 2.18365e-07
internal_weight=5768 5746 5724 133 71 5591 4513 3922 591
internal_count=5768 5746 5724 133 71 5591 4513 3922 591
is_linear=0
shrinkage=0.05


Tree=465
num_leaves=13
num_cat=0
split_feature=17 17 19 19 17 17 19 19 19 17 17 17
split_gain=5.48395e-08 9.61404e-06 9.49088e-06 1.3386e-05 1.84628e-06 8.89409e-07 3.50852e-06 3.3185e-06 1.14947e-06 2.16911e-05 2.48307e-06 2.09224e-06
threshold=8.6973007686733208 7.8920499419587129 0.78680769230769243 0.65192307692307705 8.0497542698189957 7.6714616578013848 0.51805769230769239 0.52767307692307708 0.46442307692307699 7.1783939000347887 7.0395900374172458 7.6419255179732621
decision_type=2 2 2 2 2 2 2 2 2 2 2 2
left_child=1 5 3 -3 -5 8 -7 -8 9 -1 -10 -12
right_child=-2 2 -4 4 -6 6 7 -9 10 -11 11 -13
leaf_value=0 0 0 0 5.8644687011837952e-05 0 0 -2.7778339758515349e-05 0 0 -4.4008054371391019e-05 2.3443972174730581e-06 0
leaf_weight=239 22 87 26 24 90 63 24 906 348 27 2603 1309
leaf_count=239 22 87 26 24 90 63 24 906 348 27 2603 1309
internal_value=0 1.54453e-07 1.02965e-05 1.53989e-05 2.65992e-05 0 -1.49559e-06 -3.4365e-06 5.88656e-09 0 8.21248e-07 1.52343e-06
internal_weight=5768 5746 227 201 114 5519 993 930 4526 266 4260 3912
internal_count=5768 5746 227 201 114 5519 993 930 4526 266 4260 3912
is_linear=0
shrinkage=0.05


Tree=466
num_leaves=13
num_cat=0
split_feature=17 17 19 19 17 19 19 19 17 17 17 17
split_gain=2.54638e-08 9.07242e-06 9.20474e-06 1.27628e-05 8.4991e-07 3.45679e-06 2.68667e-06 9.57785e-07 1.96499e-05 2.31243e-06 1.89661e-06 1.0417e-07
threshold=8.6973007686733208 7.8920499419587129 0.78680769230769243 0.65192307692307705 7.6714616578013848 0.51805769230769239 0.52767307692307708 0.46442307692307699 7.1783939000347887 7.0395900374172458 7.6419255179732621 8.0497542698189957
decision_type=2 2 2 2 2 2 2 2 2 2 2 2
left_child=1 4 3 -3 7 -6 -7 8 -1 -9 -11 -5
right_child=-2 2 -4 11 5 6 -8 9 -10 10 -12 -13
leaf_value=0 0 0 0 5.5829749628901471e-05 0 -2.6444983854889861e-05 0 0 -4.188623878040483e-05 2.2272101043099068e-06 0 0
leaf_weight=239 22 87 26 24 63 24 906 348 27 2603 1309 90
leaf_count=239 22 87 26 24 63 24 906 348 27 2603 1309 90
internal_value=0 1.05247e-07 9.98787e-06 1.50505e-05 0 -1.46205e-06 -3.40069e-06 0 0 7.49632e-07 1.44545e-06 2.59872e-05
internal_weight=5768 5746 227 201 5519 993 930 4526 266 4260 3912 114
internal_count=5768 5746 227 201 5519 993 930 4526 266 4260 3912 114
is_linear=0
shrinkage=0.05


Tree=467
num_leaves=11
num_cat=0
split_feature=19 17 17 17 19 17 17 17 17 17
split_gain=2.90415e-08 5.7442e-06 8.53549e-05 1.70673e-06 1.59815e-06 3.9171e-05 7.03807e-06 1.41977e-07 1.05419e-05 3.80944e-07
threshold=0.47441346153846159 7.200356359288631 7.6455694296173329 7.1783939000347887 0.66167307692307709 7.8479119156778632 8.0529439743463929 7.6893425732886129 7.6714616578013848 7.4662786483507304
decision_type=2 2 2 2 2 2 2 2 2 2
left_child=1 3 -3 -1 5 7 -6 8 9 -2
right_child=4 2 -4 -5 6 -7 -8 -9 -10 -11
leaf_value=0 -3.1460270711538525e-08 8.0679303301232197e-05 0 -4.5959599371446228e-06 1.6327695259612728e-05 -3.1610803071445983e-05 0 3.2792825462115978e-08 -1.2114149279083933e-05 8.6482712727656028e-07
leaf_weight=240 2519 34 326 201 65 101 89 743 181 1269
leaf_count=240 2519 34 326 201 65 101 89 743 181 1269
internal_value=0 3.00879e-07 6.32304e-06 0 0 -9.11016e-07 0 0 -2.98671e-07 0
internal_weight=5768 801 360 441 4967 4813 154 4712 3969 3788
internal_count=5768 801 360 441 4967 4813 154 4712 3969 3788
is_linear=0
shrinkage=0.05


Tree=468
num_leaves=13
num_cat=0
split_feature=17 17 19 19 17 19 19 19 17 19 17 17
split_gain=1.14874e-08 9.30285e-06 9.31397e-06 1.01808e-05 6.83901e-07 3.22533e-06 2.39303e-06 7.69396e-07 2.11465e-05 2.26644e-06 2.97471e-05 3.43833e-07
threshold=8.6973007686733208 7.8920499419587129 0.78680769230769243 0.65192307692307705 7.6714616578013848 0.51805769230769239 0.52767307692307708 0.46442307692307699 7.1783939000347887 0.47441346153846159 7.6455694296173329 7.4662786483507304
decision_type=2 2 2 2 2 2 2 2 2 2 2 2
left_child=1 4 3 -3 7 -6 -7 8 -1 10 -9 -11
right_child=-2 2 -4 -5 5 6 -8 9 -10 11 -12 -13
leaf_value=0 0 0 0 2.5025675690773392e-05 0 -2.5104307755827894e-05 0 1.9755316366042409e-05 -4.3452078077409938e-05 -2.9878714861022941e-08 0 8.2162404469559021e-07
leaf_weight=239 22 87 26 114 63 24 906 209 27 2519 263 1269
leaf_count=239 22 87 26 114 63 24 906 209 27 2519 263 1269
internal_value=0 7.06905e-08 1.0106e-05 1.51838e-05 0 -1.31152e-06 -3.23997e-06 0 0 6.71876e-07 4.0057e-06 0
internal_weight=5768 5746 227 201 5519 993 930 4526 266 4260 472 3788
internal_count=5768 5746 227 201 5519 993 930 4526 266 4260 472 3788
is_linear=0
shrinkage=0.05


Tree=469
num_leaves=8
num_cat=0
split_feature=10 19 19 19 19 19 19
split_gain=1.42844e-09 4.49848e-06 5.10391e-06 7.81774e-07 3.33812e-11 4.26193e-07 4.78675e-08
threshold=24.000000000000004 0.65192307692307705 0.91180769230769243 0.61517307692307699 0.47441346153846159 0.53667307692307709 0.43079807692307698
decision_type=2 2 2 2 2 2 2
left_child=3 -2 -3 4 6 -6 -1
right_child=1 2 -4 -5 5 -7 -8
leaf_value=0 0 -1.2693070211204005e-05 0 1.3341687365689035e-05 -8.2673337652928623e-07 0 4.5661394634829198e-07
leaf_weight=228 740 148 13.999999999999998 9.9999999999999982 1558 2497 573
leaf_count=228 740 148 14 10 1558 2497 573
internal_value=0 0 -8.30633e-06 2.70876e-08 0 -4.30918e-09 3.18526e-09
internal_weight=5768 902 162 4866 4856 4055 801
internal_count=5768 902 162 4866 4856 4055 801
is_linear=0
shrinkage=0.05


Tree=470
num_leaves=7
num_cat=0
split_feature=17 17 17 17 17 17
split_gain=9.44837e-09 1.15728e-06 1.66017e-06 2.92189e-07 2.95816e-06 4.5818e-08
threshold=7.115355359154643 7.2133000484419894 7.6419255179732621 7.6673031450585656 7.6831204213495203 7.8920499419587129
decision_type=2 2 2 2 2 2
left_child=-1 -2 -3 -4 -5 -6
right_child=1 2 3 4 5 -7
leaf_value=1.9975034676364741e-07 -1.150701800254717e-06 3.0643303353946264e-06 -7.4787717704785247e-07 2.1499126451089961e-05 -3.4118558894663008e-07 0
leaf_weight=591 2184 441 1305 14.999999999999998 983 249
leaf_count=591 2184 441 1305 15 983 249
internal_value=0 0 0 0 0 0
internal_weight=5768 5177 2993 2552 1247 1232
internal_count=5768 5177 2993 2552 1247 1232
is_linear=0
shrinkage=0.05


Tree=471
num_leaves=7
num_cat=0
split_feature=17 17 17 17 17 17
split_gain=8.52662e-09 1.04447e-06 1.49866e-06 2.6372e-07 2.68733e-06 4.13443e-08
threshold=7.115355359154643 7.2133000484419894 7.6419255179732621 7.6673031450585656 7.6831204213495203 7.8920499419587129
decision_type=2 2 2 2 2 2
left_child=-1 -2 -3 -4 -5 -6
right_child=1 2 3 4 5 -7
leaf_value=1.8975694925953727e-07 -1.0931793647206621e-06 2.911454231907061e-06 -7.1051002370092321e-07 2.0491359755396826e-05 -3.2410085963405174e-07 0
leaf_weight=591 2184 441 1305 14.999999999999998 983 249
leaf_count=591 2184 441 1305 15 983 249
internal_value=0 0 0 0 0 0
internal_weight=5768 5177 2993 2552 1247 1232
internal_count=5768 5177 2993 2552 1247 1232
is_linear=0
shrinkage=0.05


Tree=472
num_leaves=2
num_cat=0
split_feature=10
split_gain=1.0748e-08
threshold=24.000000000000004
decision_type=2
left_child=-1
right_child=-2
leaf_value=7.4302567917409981e-08 0
leaf_weight=4866 902
leaf_count=4866 902
internal_value=0
internal_weight=5768
internal_count=5768
is_linear=0
shrinkage=0.05


Tree=473
num_leaves=8
num_cat=0
split_feature=11 19 19 19 19 19 19
split_gain=9.6995e-09 3.89514e-06 4.77585e-06 7.03549e-07 1.75674e-11 4.10499e-07 5.10742e-08
threshold=4.5000000000000009 0.65192307692307705 0.91180769230769243 0.61517307692307699 0.47441346153846159 0.53667307692307709 0.43079807692307698
decision_type=2 2 2 2 2 2 2
left_child=3 -2 -3 4 6 -6 -1
right_child=1 2 -4 -5 5 -7 -8
leaf_value=0 0 -1.2061777095295349e-05 0 1.2731927193023916e-05 -8.1134024859110921e-07 0 4.7172546384284935e-07
leaf_weight=228 740 148 13.999999999999998 9.9999999999999982 1558 2497 573
leaf_count=228 740 148 14 10 1558 2497 573
internal_value=0 0 -7.72926e-06 7.05853e-08 0 0 7.40008e-09
internal_weight=5768 902 162 4866 4856 4055 801
internal_count=5768 902 162 4866 4856 4055 801
is_linear=0
shrinkage=0.05


Tree=474
num_leaves=8
num_cat=0
split_feature=17 17 17 17 17 17 17
split_gain=1.91197e-08 9.27705e-06 5.69814e-06 6.37914e-07 5.95213e-07 9.32946e-07 7.87565e-07
threshold=8.6973007686733208 7.8920499419587129 8.0434510209488543 7.6714616578013848 7.2133000484419894 7.115355359154643 7.6419255179732621
decision_type=2 2 2 2 2 2 2
left_child=1 3 -3 4 5 -1 -6
right_child=-2 2 -4 -5 6 -7 -8
leaf_value=1.9179808028589737e-07 0 2.886203658353123e-05 0 -1.2666533914979327e-06 2.7966305044083535e-06 -1.0283372452316348e-06 0
leaf_weight=591 22 44 183 993 441 2184 1310
leaf_count=591 22 44 183 993 441 2184 1310
internal_value=0 9.1199e-08 1.00961e-05 0 0 0 9.21593e-07
internal_weight=5768 5746 227 5519 4526 2775 1751
internal_count=5768 5746 227 5519 4526 2775 1751
is_linear=0
shrinkage=0.05


Tree=475
num_leaves=8
num_cat=0
split_feature=11 19 19 19 19 19 19
split_gain=1.588e-08 3.41126e-06 4.49713e-06 5.01265e-07 6.99951e-13 3.76513e-07 5.01259e-08
threshold=4.5000000000000009 0.65192307692307705 0.91180769230769243 0.61517307692307699 0.47441346153846159 0.53667307692307709 0.43079807692307698
decision_type=2 2 2 2 2 2 2
left_child=3 -2 -3 4 6 -6 -1
right_child=1 2 -4 -5 5 -7 -8
leaf_value=0 0 -1.1519159317270918e-05 0 1.084125981750811e-05 -7.7702874831366618e-07 0 4.6724889416065834e-07
leaf_weight=228 740 148 13.999999999999998 9.9999999999999982 1558 2497 573
leaf_count=228 740 148 14 10 1558 2497 573
internal_value=0 0 -7.23325e-06 9.0316e-08 0 0 1.47712e-09
internal_weight=5768 902 162 4866 4856 4055 801
internal_count=5768 902 162 4866 4856 4055 801
is_linear=0
shrinkage=0.05


Tree=476
num_leaves=2
num_cat=0
split_feature=10
split_gain=1.90354e-08
threshold=24.000000000000004
decision_type=2
left_child=-1
right_child=-2
leaf_value=9.8882670020973495e-08 0
leaf_weight=4866 902
leaf_count=4866 902
internal_value=0
internal_weight=5768
internal_count=5768
is_linear=0
shrinkage=0.05


Tree=477
num_leaves=8
num_cat=0
split_feature=17 17 17 17 17 17 17
split_gain=3.0307e-08 9.28561e-06 4.2037e-06 5.75738e-07 5.51703e-07 8.28722e-07 7.22781e-07
threshold=8.6973007686733208 7.8920499419587129 8.0434510209488543 7.6714616578013848 7.2133000484419894 7.115355359154643 7.6419255179732621
decision_type=2 2 2 2 2 2 2
left_child=1 3 -3 4 5 -1 -6
right_child=-2 2 -4 -5 6 -7 -8
leaf_value=1.9184817992444924e-07 0 2.7406022909821733e-05 0 -1.2033423256026897e-06 2.6848870157042926e-06 -9.6861882778886246e-07 0
leaf_weight=591 22 44 183 993 441 2184 1310
leaf_count=591 22 44 183 993 441 2184 1310
internal_value=0 1.14821e-07 1.01068e-05 0 0 0 8.8727e-07
internal_weight=5768 5746 227 5519 4526 2775 1751
internal_count=5768 5746 227 5519 4526 2775 1751
is_linear=0
shrinkage=0.05


Tree=478
num_leaves=8
num_cat=0
split_feature=17 17 17 17 17 17 17
split_gain=3.41209e-08 8.80067e-06 3.39521e-06 5.1973e-07 5.10484e-07 7.4796e-07 6.4002e-07
threshold=8.6973007686733208 7.8920499419587129 8.0434510209488543 7.6714616578013848 7.2133000484419894 7.115355359154643 7.6419255179732621
decision_type=2 2 2 2 2 2 2
left_child=1 3 -3 4 5 -1 -6
right_child=-2 2 -4 -5 6 -7 -8
leaf_value=1.822862381035319e-07 0 2.6066159131005401e-05 0 -1.1433139624344876e-06 2.5509555864398577e-06 -9.2020982053787263e-07 0
leaf_weight=591 22 44 183 993 441 2184 1310
leaf_count=591 22 44 183 993 441 2184 1310
internal_value=0 1.21832e-07 9.8424e-06 0 0 0 8.53481e-07
internal_weight=5768 5746 227 5519 4526 2775 1751
internal_count=5768 5746 227 5519 4526 2775 1751
is_linear=0
shrinkage=0.05


Tree=479
num_leaves=8
num_cat=0
split_feature=17 17 17 17 17 17 17
split_gain=3.7953e-08 8.59557e-06 4.79096e-06 5.10559e-07 1.96271e-06 3.15417e-07 3.59656e-07
threshold=8.6973007686733208 7.9919350267718441 7.8479119156778632 7.6673031450585656 7.6831204213495203 7.115355359154643 7.2133000484419894
decision_type=2 2 2 2 2 2 2
left_child=1 2 3 5 -5 -1 -7
right_child=-2 -3 -4 4 -6 6 -8
leaf_value=1.7316571707802628e-07 0 1.0743439032566699e-05 -1.5796496736584228e-05 1.9658300443552419e-05 0 -8.7422599218939199e-07 0
leaf_weight=591 22 186 47 14.999999999999998 977 2184 1746
leaf_count=591 22 186 47 15 977 2184 1746
internal_value=0 1.28491e-07 0 0 1.13375e-06 0 -4.42809e-07
internal_weight=5768 5746 5560 5513 992 4521 3930
internal_count=5768 5746 5560 5513 992 4521 3930
is_linear=0
shrinkage=0.05


Tree=480
num_leaves=12
num_cat=0
split_feature=17 17 19 19 17 19 19 19 17 17 17
split_gain=3.92759e-08 7.8396e-06 8.48139e-06 1.18626e-05 4.73513e-07 2.86455e-06 2.40285e-06 9.31352e-07 1.97652e-05 2.28227e-06 1.92319e-06
threshold=8.6973007686733208 7.8920499419587129 0.78680769230769243 0.65192307692307705 7.6714616578013848 0.51805769230769239 0.52767307692307708 0.46442307692307699 7.1783939000347887 7.0395900374172458 7.6419255179732621
decision_type=2 2 2 2 2 2 2 2 2 2 2
left_child=1 4 3 -3 7 -6 -7 8 -1 -9 -11
right_child=-2 2 -4 -5 5 6 -8 9 -10 10 -12
leaf_value=0 0 0 0 2.4769769809411271e-05 0 -2.3960200324654571e-05 0 0 -4.2008885648101563e-05 2.2207333122856829e-06 0
leaf_weight=239 22 87 26 114 63 24 906 348 27 2603 1309
leaf_count=239 22 87 26 114 63 24 906 348 27 2603 1309
internal_value=0 1.30711e-07 9.29469e-06 1.42295e-05 0 -1.0913e-06 -2.99394e-06 0 0 7.39216e-07 1.43289e-06
internal_weight=5768 5746 227 201 5519 993 930 4526 266 4260 3912
internal_count=5768 5746 227 201 5519 993 930 4526 266 4260 3912
is_linear=0
shrinkage=0.05


Tree=481
num_leaves=9
num_cat=0
split_feature=10 17 19 17 19 17 17 17
split_gain=1.5282e-08 5.03668e-06 4.04684e-06 2.69171e-06 3.47387e-07 2.47903e-07 2.78094e-06 7.77847e-07
threshold=24.000000000000004 7.8479119156778632 0.91180769230769243 7.6673031450585656 0.63055769230769243 7.6419255179732621 7.2133000484419894 7.115355359154643
decision_type=2 2 2 2 2 2 2 2
left_child=3 -2 4 5 -3 6 7 -1
right_child=1 2 -4 -5 -6 -7 -8 -9
leaf_value=1.6378090549551369e-07 0 0 0 4.294179391835331e-06 -1.1674108624371168e-05 -6.8887301605154855e-07 4.0637323282484281e-06 -9.3953017661139119e-07
leaf_weight=591 661 55 13.999999999999998 366 172 1305 420 2184
leaf_count=591 661 55 14 366 172 1305 420 2184
internal_value=0 0 -7.21331e-06 8.85991e-08 -9.97998e-06 0 0 0
internal_weight=5768 902 241 4866 227 4500 3195 2775
internal_count=5768 902 241 4866 227 4500 3195 2775
is_linear=0
shrinkage=0.05


Tree=482
num_leaves=12
num_cat=0
split_feature=17 17 19 19 17 19 19 19 17 17 17
split_gain=1.56338e-08 7.44239e-06 8.17758e-06 1.10967e-05 5.12566e-07 2.89851e-06 1.8864e-06 8.02475e-07 1.80574e-05 2.1604e-06 1.71049e-06
threshold=8.6973007686733208 7.8920499419587129 0.78680769230769243 0.65192307692307705 7.6714616578013848 0.51805769230769239 0.52767307692307708 0.46442307692307699 7.1783939000347887 7.0395900374172458 7.6419255179732621
decision_type=2 2 2 2 2 2 2 2 2 2 2
left_child=1 4 3 -3 7 -6 -7 8 -1 -9 -11
right_child=-2 2 -4 -5 5 6 -8 9 -10 10 -12
leaf_value=0 0 0 0 2.4106790422988325e-05 0 -2.3016249015927305e-05 0 0 -4.0153035827513245e-05 2.1181870235352646e-06 0
leaf_weight=239 22 87 26 114 63 24 906 348 27 2603 1309
leaf_count=239 22 87 26 114 63 24 906 348 27 2603 1309
internal_value=0 8.24673e-08 9.04304e-06 1.39108e-05 0 -1.13541e-06 -3.0265e-06 0 0 6.86167e-07 1.37585e-06
internal_weight=5768 5746 227 201 5519 993 930 4526 266 4260 3912
internal_count=5768 5746 227 201 5519 993 930 4526 266 4260 3912
is_linear=0
shrinkage=0.05


Tree=483
num_leaves=7
num_cat=0
split_feature=10 19 19 19 19 19
split_gain=3.83539e-09 4.53675e-06 5.04764e-06 3.85435e-07 5.1277e-07 7.88678e-08
threshold=24.000000000000004 0.65192307692307705 0.91180769230769243 0.53667307692307709 0.47441346153846159 0.43079807692307698
decision_type=2 2 2 2 2 2
left_child=3 -2 -3 4 5 -1
right_child=1 2 -4 -5 -6 -7
leaf_value=0 0 -1.2681162396063808e-05 0 6.2291977433762558e-07 -9.0495329983834103e-07 5.9376434922560626e-07
leaf_weight=228 740 148 13.999999999999998 2507 1558 573
leaf_count=228 740 148 14 2507 1558 573
internal_value=0 0 -8.34159e-06 4.43858e-08 0 8.0505e-08
internal_weight=5768 902 162 4866 2359 801
internal_count=5768 902 162 4866 2359 801
is_linear=0
shrinkage=0.05


Tree=484
num_leaves=11
num_cat=0
split_feature=17 12 12 17 17 17 17 17 19 17
split_gain=6.4756e-09 1.61936e-06 3.70565e-05 2.20859e-05 6.76944e-05 1.08048e-06 7.1224e-07 7.15043e-07 1.4736e-07 8.02846e-08
threshold=7.115355359154643 1128.0000000000002 1756.0000000000002 7.8479119156778632 8.0497542698189957 7.2133000484419894 7.6419255179732621 7.6673031450585656 0.43079807692307698 8.3911170456645259
decision_type=2 2 2 2 2 2 2 2 2 2
left_child=8 3 -3 5 -5 -2 -7 -8 -1 -6
right_child=1 2 -4 4 9 6 7 -9 -10 -11
leaf_value=0 -9.9700588617874503e-07 7.3821163969114406e-05 0 -5.9290381372333144e-05 1.1930992811957871e-06 2.2860318493430933e-06 -6.8117844017156903e-07 1.0908468186687433e-06 1.0278929387293442e-06 0
leaf_weight=228 2184 15.999999999999998 23 64 140 441 1305 992 363 11.999999999999998
leaf_count=228 2184 16 23 64 140 441 1305 992 363 12
internal_value=0 0 1.796e-07 -8.87429e-07 -1.65256e-05 0 4.39583e-07 0 1.65367e-07 0
internal_weight=5768 5177 39 5138 216 4922 2738 2297 591 152
internal_count=5768 5177 39 5138 216 4922 2738 2297 591 152
is_linear=0
shrinkage=0.05


Tree=485
num_leaves=8
num_cat=0
split_feature=17 17 17 17 17 17 17
split_gain=1.13271e-08 8.16531e-06 5.98796e-06 5.26122e-07 4.33766e-07 7.88386e-07 4.00296e-07
threshold=8.6973007686733208 7.8920499419587129 8.0434510209488543 7.6714616578013848 7.2133000484419894 7.115355359154643 7.6419255179732621
decision_type=2 2 2 2 2 2 2
left_child=1 3 -3 4 5 -1 -6
right_child=-2 2 -4 -5 6 -7 -8
leaf_value=1.3385319205652246e-07 0 2.8052133766727311e-05 0 -1.150324048944777e-06 2.1719909457456128e-06 -9.4720068892775176e-07 0
leaf_weight=591 22 44 183 993 441 2184 1310
leaf_count=591 22 44 183 993 441 2184 1310
internal_value=0 7.01955e-08 9.46869e-06 0 0 0 7.86739e-07
internal_weight=5768 5746 227 5519 4526 2775 1751
internal_count=5768 5746 227 5519 4526 2775 1751
is_linear=0
shrinkage=0.05


Tree=486
num_leaves=13
num_cat=0
split_feature=17 17 19 19 17 17 19 19 19 17 17 17
split_gain=1.41242e-08 7.70171e-06 8.2305e-06 1.0302e-05 1.04593e-06 4.74879e-07 2.83058e-06 1.47539e-06 7.23876e-07 1.65397e-05 2.09423e-06 1.61994e-06
threshold=8.6973007686733208 7.8920499419587129 0.78680769230769243 0.65192307692307705 8.0497542698189957 7.6714616578013848 0.51805769230769239 0.52767307692307708 0.46442307692307699 7.1783939000347887 7.0395900374172458 7.6419255179732621
decision_type=2 2 2 2 2 2 2 2 2 2 2 2
left_child=1 5 3 -3 -5 8 -7 -8 9 -1 -10 -12
right_child=-2 2 -4 4 -6 6 7 -9 10 -11 11 -13
leaf_value=0 0 0 0 5.2243937924504272e-05 0 0 -2.1865162253379811e-05 0 0 -3.8428610589887406e-05 2.0641698000846023e-06 0
leaf_weight=239 22 87 26 24 90 63 24 906 348 27 2603 1309
leaf_count=239 22 87 26 24 90 63 24 906 348 27 2603 1309
internal_value=0 7.83848e-08 9.19801e-06 1.40483e-05 2.38876e-05 0 -1.09287e-06 -2.97928e-06 0 0 6.51698e-07 1.34182e-06
internal_weight=5768 5746 227 201 114 5519 993 930 4526 266 4260 3912
internal_count=5768 5746 227 201 114 5519 993 930 4526 266 4260 3912
is_linear=0
shrinkage=0.05


Tree=487
num_leaves=16
num_cat=0
split_feature=19 17 17 17 19 17 17 17 17 17 17 17 17 17 17
split_gain=4.92326e-09 5.8181e-06 8.70186e-05 2.21724e-06 1.78471e-06 3.33338e-05 1.05951e-05 6.41243e-06 8.93842e-07 6.36757e-06 5.1099e-06 6.94182e-07 7.03936e-08 5.96097e-08 6.30477e-07
threshold=0.47441346153846159 7.200356359288631 7.6455694296173329 7.1783939000347887 0.52767307692307708 7.200356359288631 7.6673031450585656 7.1459464135563868 8.6973007686733208 7.8920499419587129 8.0434510209488543 6.9599592149906035 7.0395900374172458 7.7370665455226684 7.2226790386014175
decision_type=2 2 2 2 2 2 2 2 2 2 2 2 2 2 2
left_child=1 3 -3 -1 5 7 -7 11 9 13 -11 -2 -13 14 -6
right_child=4 2 -4 -5 8 6 -8 -9 -10 10 -12 12 -14 -15 -16
leaf_value=0 0 8.1434317199247222e-05 0 -5.2384219805497924e-06 0 -1.5133618361284893e-05 0 4.7023225447227219e-06 0 2.6216308896740273e-05 0 -3.5937633554174271e-06 0 0 1.1762197961419844e-06
leaf_weight=240 80 34 326 201 1227 498 29 724 22 44 183 147 93 674 1246
leaf_count=240 80 34 326 201 1227 498 29 724 22 44 183 147 93 674 1246
internal_value=0 1.23882e-07 6.35025e-06 0 0 -1.68472e-06 -1.2895e-05 0 0 8.13698e-07 8.92305e-06 0 -2.68348e-06 0 2.4543e-07
internal_weight=5768 801 360 441 4967 1571 527 1044 3396 3374 227 320 240 3147 2473
internal_count=5768 801 360 441 4967 1571 527 1044 3396 3374 227 320 240 3147 2473
is_linear=0
shrinkage=0.05


Tree=488
num_leaves=7
num_cat=0
split_feature=17 17 17 17 17 17
split_gain=6.93242e-09 9.61095e-07 1.11401e-06 2.33239e-07 2.35609e-06 5.58346e-09
threshold=7.115355359154643 7.2133000484419894 7.6419255179732621 7.6673031450585656 7.6831204213495203 7.8920499419587129
decision_type=2 2 2 2 2 2
left_child=-1 -2 -3 -4 -5 -6
right_child=1 2 3 4 5 -7
leaf_value=1.7110058276582074e-07 -1.0486424749278093e-06 2.5101747164688157e-06 -6.6818861510272298e-07 1.9186937715858205e-05 -1.1910335663601925e-07 0
leaf_weight=591 2184 441 1305 14.999999999999998 983 249
leaf_count=591 2184 441 1305 15 983 249
internal_value=0 0 0 0 0 0
internal_weight=5768 5177 2993 2552 1247 1232
internal_count=5768 5177 2993 2552 1247 1232
is_linear=0
shrinkage=0.05


Tree=489
num_leaves=9
num_cat=0
split_feature=10 17 19 17 19 17 17 17
split_gain=6.83763e-09 4.98302e-06 4.02621e-06 2.46522e-06 3.1231e-07 2.10514e-07 2.71989e-06 8.73643e-07
threshold=24.000000000000004 7.8479119156778632 0.91180769230769243 7.6673031450585656 0.63055769230769243 7.6419255179732621 7.2133000484419894 7.115355359154643
decision_type=2 2 2 2 2 2 2 2
left_child=3 -2 4 5 -3 6 7 -1
right_child=1 2 -4 -5 -6 -7 -8 -9
leaf_value=1.6255596607594667e-07 0 0 0 4.1036138700242646e-06 -1.1606223087278126e-05 -6.3480227967441796e-07 4.0188784622023153e-06 -9.962090352886874e-07
leaf_weight=591 661 55 13.999999999999998 366 172 1305 420 2184
leaf_count=591 661 55 14 366 172 1305 420 2184
internal_value=0 0 -7.17478e-06 5.92642e-08 -9.93909e-06 0 0 0
internal_weight=5768 902 241 4866 227 4500 3195 2775
internal_count=5768 902 241 4866 227 4500 3195 2775
is_linear=0
shrinkage=0.05


Tree=490
num_leaves=8
num_cat=0
split_feature=17 17 17 17 17 17 17
split_gain=9.87967e-09 7.4365e-06 4.045e-06 5.29181e-07 4.73287e-07 7.88492e-07 3.7777e-07
threshold=8.6973007686733208 7.8920499419587129 8.0434510209488543 7.6714616578013848 7.2133000484419894 7.115355359154643 7.6419255179732621
decision_type=2 2 2 2 2 2 2
left_child=1 3 -3 4 5 -1 -6
right_child=-2 2 -4 -5 6 -7 -8
leaf_value=1.5443122130228676e-07 0 2.5266773985802294e-05 0 -1.1536629844299504e-06 2.1940073547821607e-06 -9.46415815229615e-07 0
leaf_weight=591 22 44 183 993 441 2184 1310
leaf_count=591 22 44 183 993 441 2184 1310
internal_value=0 6.55572e-08 9.03598e-06 0 0 0 8.21798e-07
internal_weight=5768 5746 227 5519 4526 2775 1751
internal_count=5768 5746 227 5519 4526 2775 1751
is_linear=0
shrinkage=0.05


Tree=491
num_leaves=10
num_cat=0
split_feature=17 17 19 17 17 17 17 19 19
split_gain=1.28011e-08 7.164e-06 9.1737e-06 4.48325e-06 4.6518e-07 1.64175e-06 3.46183e-07 1.80782e-05 1.45514e-07
threshold=8.6973007686733208 7.9919350267718441 0.78680769230769243 7.8479119156778632 7.6673031450585656 7.6831204213495203 7.115355359154643 0.46442307692307699 0.43079807692307698
decision_type=2 2 2 2 2 2 2 2 2
left_child=1 3 -3 4 6 -6 8 -8 -1
right_child=-2 2 -4 -5 5 -7 7 -9 -10
leaf_value=0 0 1.5933916376909435e-05 0 -1.5280797779269047e-05 1.814407762140034e-05 0 -4.0553403086960311e-05 0 1.0170657381192764e-06
leaf_weight=228 22 160 26 47 14.999999999999998 977 27 3903 363
leaf_count=228 22 160 26 47 15 977 27 3903 363
internal_value=0 7.46229e-08 9.79523e-06 0 0 1.0822e-06 0 -4.65747e-07 1.46721e-07
internal_weight=5768 5746 186 5560 5513 992 4521 3930 591
internal_count=5768 5746 186 5560 5513 992 4521 3930 591
is_linear=0
shrinkage=0.05


Tree=492
num_leaves=8
num_cat=0
split_feature=10 17 19 17 17 17 17
split_gain=1.07469e-08 5.20328e-06 4.1103e-06 2.21558e-06 1.89035e-07 2.46323e-06 7.06804e-07
threshold=24.000000000000004 7.8479119156778632 0.91180769230769243 7.6673031450585656 7.6419255179732621 7.2133000484419894 7.115355359154643
decision_type=2 2 2 2 2 2 2
left_child=3 -2 -3 4 5 6 -1
right_child=1 2 -4 -5 -6 -7 -8
leaf_value=1.1554165679184246e-07 0 -1.0105573159459405e-05 0 3.8943190460045096e-06 -6.0154700507894773e-07 3.8245566036649522e-06 -8.9726410486503101e-07
leaf_weight=591 661 227 13.999999999999998 366 1305 420 2184
leaf_count=591 661 227 14 366 1305 420 2184
internal_value=0 0 -7.33164e-06 7.42987e-08 0 0 0
internal_weight=5768 902 241 4866 4500 3195 2775
internal_count=5768 902 241 4866 4500 3195 2775
is_linear=0
shrinkage=0.05


Tree=493
num_leaves=12
num_cat=0
split_feature=17 17 19 19 17 19 19 19 17 17 17
split_gain=1.38319e-08 7.05781e-06 7.74376e-06 1.05996e-05 5.41376e-07 2.86288e-06 1.15959e-06 8.18169e-07 1.68242e-05 2.19327e-06 1.57582e-06
threshold=8.6973007686733208 7.8920499419587129 0.78680769230769243 0.65192307692307705 7.6714616578013848 0.51805769230769239 0.52767307692307708 0.46442307692307699 7.1783939000347887 7.0395900374172458 7.6419255179732621
decision_type=2 2 2 2 2 2 2 2 2 2 2
left_child=1 4 3 -3 7 -6 -7 8 -1 -9 -11
right_child=-2 2 -4 -5 5 6 -8 9 -10 10 -12
leaf_value=0 0 0 0 2.3505334231152157e-05 0 -2.136315330862998e-05 0 0 -3.8757749966212676e-05 2.0985825447499404e-06 0
leaf_weight=239 22 87 26 114 63 24 906 348 27 2603 1309
leaf_count=239 22 87 26 114 63 24 906 348 27 2603 1309
internal_value=0 7.75693e-08 8.80568e-06 1.3541e-05 0 -1.16688e-06 -3.02347e-06 0 0 6.92845e-07 1.38708e-06
internal_weight=5768 5746 227 201 5519 993 930 4526 266 4260 3912
internal_count=5768 5746 227 201 5519 993 930 4526 266 4260 3912
is_linear=0
shrinkage=0.05


Tree=494
num_leaves=16
num_cat=0
split_feature=19 17 17 17 19 17 17 17 17 17 17 17 17 17 17
split_gain=5.79482e-09 5.50417e-06 8.37768e-05 1.89942e-06 1.7704e-06 3.23212e-05 1.04234e-05 6.02192e-06 8.3017e-07 5.32914e-06 4.88729e-06 6.47181e-07 7.62619e-08 6.39444e-08 5.64415e-07
threshold=0.47441346153846159 7.200356359288631 7.6455694296173329 7.1783939000347887 0.52767307692307708 7.200356359288631 7.6673031450585656 7.1459464135563868 8.6973007686733208 7.8920499419587129 8.0434510209488543 6.9599592149906035 7.0395900374172458 7.7370665455226684 7.2226790386014175
decision_type=2 2 2 2 2 2 2 2 2 2 2 2 2 2 2
left_child=1 3 -3 -1 5 7 -7 11 9 13 -11 -2 -13 14 -6
right_child=4 2 -4 -5 8 6 -8 -9 -10 10 -12 12 -14 -15 -16
leaf_value=0 0 7.9860048102481021e-05 0 -4.8484730691012754e-06 0 -1.4933884383658907e-05 0 4.5568913221359251e-06 0 2.4772970393920932e-05 0 -3.4957583301474099e-06 0 0 1.1223824242908138e-06
leaf_weight=240 80 34 326 201 1227 498 29 724 22 44 183 147 93 674 1246
leaf_count=240 80 34 326 201 1227 498 29 724 22 44 183 147 93 674 1246
internal_value=0 1.34401e-07 6.17719e-06 0 0 -1.67795e-06 -1.27051e-05 0 0 7.84182e-07 8.21804e-06 0 -2.59104e-06 0 2.54197e-07
internal_weight=5768 801 360 441 4967 1571 527 1044 3396 3374 227 320 240 3147 2473
internal_count=5768 801 360 441 4967 1571 527 1044 3396 3374 227 320 240 3147 2473
is_linear=0
shrinkage=0.05


Tree=495
num_leaves=9
num_cat=0
split_feature=17 19 17 17 17 17 17 19
split_gain=5.50487e-09 1.36566e-06 4.05686e-05 4.35023e-06 1.13188e-06 8.11275e-07 5.8923e-07 1.48968e-07
threshold=7.115355359154643 0.66167307692307709 7.8479119156778632 8.0529439743463929 7.2133000484419894 7.6419255179732621 7.6673031450585656 0.43079807692307698
decision_type=2 2 2 2 2 2 2 2
left_child=7 2 4 -3 -2 -6 -7 -1
right_child=1 3 -4 -5 5 6 -8 -9
leaf_value=0 -1.0022895913613743e-06 1.283672276644431e-05 -3.2059331361761353e-05 0 2.4545027300761799e-06 -5.9073533207480462e-07 1.0121731712550395e-06 1.0300192134109431e-06
leaf_weight=228 2184 65 101 89 441 1305 992 363
leaf_count=228 2184 65 101 89 441 1305 992 363
internal_value=0 0 -8.24358e-07 0 0 4.81372e-07 0 1.52469e-07
internal_weight=5768 5177 5023 154 4922 2738 2297 591
internal_count=5768 5177 5023 154 4922 2738 2297 591
is_linear=0
shrinkage=0.05


Tree=496
num_leaves=14
num_cat=0
split_feature=10 17 19 17 19 19 17 17 17 17 19 17 17
split_gain=6.35272e-09 4.93891e-06 4.00918e-06 2.06805e-06 1.15238e-05 1.59184e-06 3.22427e-05 1.33034e-05 6.6183e-05 1.6782e-06 1.11527e-06 8.70436e-07 1.52248e-05
threshold=24.000000000000004 7.8479119156778632 0.91180769230769243 7.6893425732886129 0.53667307692307709 0.47441346153846159 7.6714616578013848 7.200356359288631 7.6455694296173329 7.1783939000347887 0.65192307692307705 7.5545473360280555 7.200356359288631
decision_type=2 2 2 2 2 2 2 2 2 2 2 2 2
left_child=3 -2 10 5 -5 7 11 9 -9 -1 -3 12 -7
right_child=1 2 -4 4 -6 6 -8 8 -10 -11 -12 -13 -14
leaf_value=0 0 0 0 0 1.8625084134959137e-05 0 -2.1241797328520135e-05 7.5900828199727184e-05 0 -4.5573918868114442e-06 -1.2994167152387886e-05 1.3199493259540479e-06 -1.1134652691250152e-05
leaf_weight=240 661 79 13.999999999999998 26 97 2213 180 34 321 201 148 1248 306
leaf_count=240 661 79 14 26 97 2213 180 34 321 201 148 1248 306
internal_value=0 0 -7.14295e-06 5.71241e-08 6.46704e-06 0 -5.18881e-07 1.91299e-06 1.00805e-05 0 -9.9053e-06 0 0
internal_weight=5768 902 241 4866 123 4743 3947 796 355 441 227 3767 2519
internal_count=5768 902 241 4866 123 4743 3947 796 355 441 227 3767 2519
is_linear=0
shrinkage=0.05


Tree=497
num_leaves=2
num_cat=0
split_feature=10
split_gain=1.20957e-08
threshold=24.000000000000004
decision_type=2
left_child=-1
right_child=-2
leaf_value=7.8823469007165354e-08 0
leaf_weight=4866 902
leaf_count=4866 902
internal_value=0
internal_weight=5768
internal_count=5768
is_linear=0
shrinkage=0.05


Tree=498
num_leaves=2
num_cat=0
split_feature=10
split_gain=1.09158e-08
threshold=24.000000000000004
decision_type=2
left_child=-1
right_child=-2
leaf_value=7.4880305263226196e-08 0
leaf_weight=4866 902
leaf_count=4866 902
internal_value=0
internal_weight=5768
internal_count=5768
is_linear=0
shrinkage=0.05


Tree=499
num_leaves=8
num_cat=0
split_feature=17 17 17 17 17 17 17
split_gain=1.29368e-08 6.97563e-06 4.14085e-06 4.65569e-07 4.85662e-07 7.46059e-07 4.60365e-07
threshold=8.6973007686733208 7.8920499419587129 8.0434510209488543 7.6714616578013848 7.2133000484419894 7.115355359154643 7.6419255179732621
decision_type=2 2 2 2 2 2 2
left_child=1 3 -3 4 5 -1 -6
right_child=-2 2 -4 -5 6 -7 -8
leaf_value=1.1320469909421487e-07 0 2.4865658268228995e-05 0 -1.0821038651677368e-06 2.3131862828482732e-06 -9.2203138200076004e-07 0
leaf_weight=591 22 44 183 993 441 2184 1310
leaf_count=591 22 44 183 993 441 2184 1310
internal_value=0 7.50175e-08 8.7538e-06 0 0 0 8.32473e-07
internal_weight=5768 5746 227 5519 4526 2775 1751
internal_count=5768 5746 227 5519 4526 2775 1751
is_linear=0
shrinkage=0.05


end of trees

feature_importances:
Column_17=3106
Column_19=1738
Column_12=425
Column_10=164
Column_15=130
Column_7=120
Column_0=117
Column_18=64
Column_13=61
Column_11=37
Column_6=36
Column_16=24
Column_1=20
Column_8=15
Column_2=9
Column_5=1
Column_14=1

parameters:
[boosting: gbdt]
[objective: regression]
[metric: l2]
[tree_learner: serial]
[device_type: cpu]
[data_sample_strategy: bagging]
[data: ]
[valid: ]
[num_iterations: 500]
[learning_rate: 0.05]
[num_leaves: 31]
[num_threads: 16]
[seed: 42]
[deterministic: 0]
[force_col_wise: 0]
[force_row_wise: 0]
[histogram_pool_size: -1]
[max_depth: 6]
[min_data_in_leaf: 10]
[min_sum_hessian_in_leaf: 0.001]
[bagging_fraction: 0.8]
[pos_bagging_fraction: 1]
[neg_bagging_fraction: 1]
[bagging_freq: 0]
[bagging_seed: 400]
[bagging_by_query: 0]
[feature_fraction: 0.8]
[feature_fraction_bynode: 1]
[feature_fraction_seed: 30056]
[extra_trees: 0]
[extra_seed: 12879]
[early_stopping_round: 0]
[early_stopping_min_delta: 0]
[first_metric_only: 0]
[max_delta_step: 0]
[lambda_l1: 0.1]
[lambda_l2: 1]
[linear_lambda: 0]
[min_gain_to_split: 0]
[drop_rate: 0.1]
[max_drop: 50]
[skip_drop: 0.5]
[xgboost_dart_mode: 0]
[uniform_drop: 0]
[drop_seed: 17869]
[top_rate: 0.2]
[other_rate: 0.1]
[min_data_per_group: 100]
[max_cat_threshold: 32]
[cat_l2: 10]
[cat_smooth: 10]
[max_cat_to_onehot: 4]
[top_k: 20]
[monotone_constraints: ]
[monotone_constraints_method: basic]
[monotone_penalty: 0]
[feature_contri: ]
[forcedsplits_filename: ]
[refit_decay_rate: 0.9]
[cegb_tradeoff: 1]
[cegb_penalty_split: 0]
[cegb_penalty_feature_lazy: ]
[cegb_penalty_feature_coupled: ]
[path_smooth: 0]
[interaction_constraints: ]
[verbosity: -1]
[saved_feature_importance_type: 0]
[use_quantized_grad: 0]
[num_grad_quant_bins: 4]
[quant_train_renew_leaf: 0]
[stochastic_rounding: 1]
[linear_tree: 0]
[max_bin: 255]
[max_bin_by_feature: ]
[min_data_in_bin: 3]
[bin_construct_sample_cnt: 200000]
[data_random_seed: 175]
[is_enable_sparse: 1]
[enable_bundle: 1]
[use_missing: 1]
[zero_as_missing: 0]
[feature_pre_filter: 1]
[pre_partition: 0]
[two_round: 0]
[header: 0]
[label_column: ]
[weight_column: ]
[group_column: ]
[ignore_column: ]
[categorical_feature: ]
[forcedbins_filename: ]
[precise_float_parser: 0]
[parser_config_file: ]
[objective_seed: 16083]
[num_class: 1]
[is_unbalance: 0]
[scale_pos_weight: 1]
[sigmoid: 1]
[boost_from_average: 1]
[reg_sqrt: 0]
[alpha: 0.9]
[fair_c: 1]
[poisson_max_delta_step: 0.7]
[tweedie_variance_power: 1.5]
[lambdarank_truncation_level: 30]
[lambdarank_norm: 1]
[label_gain: ]
[lambdarank_position_bias_regularization: 0]
[eval_at: ]
[multi_error_top_k: 1]
[auc_mu_weights: ]
[num_machines: 1]
[local_listen_port: 12400]
[time_out: 120]
[machine_list_filename: ]
[machines: ]
[gpu_platform_id: -1]
[gpu_device_id: -1]
[gpu_use_dp: 0]
[num_gpu: 1]

end of parameters

pandas_categorical:null
