tree
version=v4
num_class=1
num_tree_per_iteration=1
label_index=0
max_feature_idx=19
objective=regression
feature_names=Column_0 Column_1 Column_2 Column_3 Column_4 Column_5 Column_6 Column_7 Column_8 Column_9 Column_10 Column_11 Column_12 Column_13 Column_14 Column_15 Column_16 Column_17 Column_18 Column_19
feature_infos=[2:3.0833333333333335] [4:9.5069444444444446] [24:37] none none [3:5] [5:8] [10:12] [3:5] [0:1] [8:128] [3:7] [0:2000] [0:10.965784284662087] [0:1] [12.300000000000001:15.6] [1:4] [6.8462521463880872:9.1003737087340735] [1:5] [0.40555769230769234:1.2307692307692308]
tree_sizes=1110 1174 1173 1171 1174 1351 1239 1184 1184 1185 1088 1171 1189 1197 1194 1145 1082 1079 1079 1060 1094 1097 1164 949 1163 1387 1322 1402 1400 1122 1392 1389 1214 999 1211 1247 1215 1000 1214 1175 1189 1125 1264 1256 1092 1253 1107 1100 1176 1277 1258 1024 1191 1173 1176 938 993 1043 1271 1158 1174 1175 1100 1197 1113 1043 1166 1268 1185 1040 1169 1177 1095 1045 1094 1019 1167 1166 1187 1175 1120 1168 1185 996 1248 1152 1186 1573 833 1007 801 1018 799 1489 1053 798 747 1151 1554 1000 1146 1043 969 718 1045 1628 900 902 1471 900 902 916 718 646 647 1620 1128 647 1608 1134 1121 646 645 1610 1164 816 816 1522 792 795 1137 396 1131 793 555 794 1452 811 650 1259 1281 810 1184 1256 810 810 1196 1133 1176 555 394 809 654 789 789 1512 1104 557 557 556 1510 788 1180 949 952 473 717 1257 788 471 951 1258 791 950 397 396 791 951 789 949 950 790 949 793 952 1232 1038 397 796 397 713 639 794 395 1088 394 870 397 637 794 397 775 639 796 795 397 775 869 795 868 397 774 638 866 793 637 869 639 773 639 800 794 800 794 772 867 869 397 773 870 309 863 869 774 465 466 464 397 848 472 540 377 916 378 308 378 541 309 539 377 774 377 472 472 472 846 541 541 378 471 471 922 541 378 848 540 540 472 541 472 847 472 846 471 472 540 786 540 540 378 541 541 539 541 378 541 773 539 540 308 541 397 472 309 773 378 466 465 465 396 465 397 775 378 378 397 465 307 466 397 775 465 466 465 397 465 396 464 774 466 396 378 309 465 397 466 773 378 309 465 397 378 397 466 772 466 309 466 397 466 466 396 396 776 466 465 466 397 686 394 378 397 397 687 377 378 544 378 378 309 377 309 378 309 309 615 377 376 378 378 377 543 378 309 377 309 375 309 309 617 376 378 378 377 377 309 376 377 309 308 543 378 377 378 309 378 378 309 376 309 617 378 378 378 308 309 377 377 309 378 309 378 544 378 378 309 378 377 309 308 377 378 378 307 376 309 309 378 378 614 551 551 550 550 481 550 309 550 481 309 550 550 480 309 309 309 309 309 307 309 308 309 306 309 309 309 308 307 309 309 309 309 309 309 309 309 309 309 309 309 309 309 308 309 309 308 308 309 309 307 309 309 309 309 308 309 309 309 309 308 309 309 309 309 307 309 308 309 309 309

Tree=0
num_leaves=11
num_cat=0
split_feature=17 0 15 19 17 15 17 19 17 17
split_gain=0.294987 0.238352 0.0152874 0.0099992 0.0352805 0.00852939 0.00497785 0.00087169 0.001255 0.000177974
threshold=8.0497542698189957 2.5416666666666674 14.800000000000002 0.537423076923077 7.0395900374172458 14.800000000000002 7.200356359288631 0.47441346153846159 7.200356359288631 7.200356359288631
decision_type=2 2 2 2 2 2 2 2 2 2
left_child=1 5 3 7 -5 -1 -6 8 -3 -9
right_child=-2 2 -4 4 6 -7 -8 9 -10 -11
leaf_value=0.22949588236572041 0.22591938747289134 0.22809946827656036 0.22632568974805173 0.22738452257496619 0.22784652801957528 0.22855451433840279 0.22795155737760156 0.2279590511198199 0.22795732289234266 0.22800129398153188
leaf_weight=248 178 473 13.999999999999998 333 1693 50 3277 1564 378 739
leaf_count=248 178 473 14 333 1693 50 3277 1564 378 739
internal_value=0.227929 0.22797 0.227921 0.227925 0.227882 0.229357 0.227917 0.227995 0.228042 0.227975
internal_weight=8947 8769 8471 8457 5303 298 4970 3154 851 2303
internal_count=8947 8769 8471 8457 5303 298 4970 3154 851 2303
is_linear=0
shrinkage=1


Tree=1
num_leaves=11
num_cat=0
split_feature=17 0 6 19 17 6 17 19 17 17
split_gain=0.266403 0.215476 0.0138954 0.00906664 0.0318486 0.00741536 0.00449503 0.000789847 0.000902117 0.000206122
threshold=8.0497542698189957 2.5416666666666674 7.5000000000000009 0.537423076923077 7.0395900374172458 7.5000000000000009 7.200356359288631 0.48742307692307701 7.200356359288631 7.200356359288631
decision_type=2 2 2 2 2 2 2 2 2 2
left_child=1 5 3 7 -5 -1 -6 8 -3 -9
right_child=-2 2 -4 4 6 -7 -8 9 -10 -11
leaf_value=0.0014890937848263477 -0.0019094523285937044 0.00014706997838250877 -0.0015282474259535473 -0.00051709414108427703 -7.8109930627084584e-05 0.00059509300042455112 2.1670736628740825e-05 2.5447210476346068e-05 2.7151399065978764e-05 6.8925066609203025e-05
leaf_weight=248 178 575 13.999999999999998 333 1693 50 3277 1462 378 739
leaf_count=248 178 575 14 333 1693 50 3277 1462 378 739
internal_value=0 3.90486e-05 -6.92613e-06 -3.63614e-06 -4.41159e-05 0.00135831 -1.1322e-05 6.28325e-05 0.000104825 4.23405e-05
internal_weight=8947 8769 8471 8457 5303 298 4970 3154 953 2201
internal_count=8947 8769 8471 8457 5303 298 4970 3154 953 2201
is_linear=0
shrinkage=0.05


Tree=2
num_leaves=11
num_cat=0
split_feature=17 1 6 19 17 6 17 19 17 17
split_gain=0.24059 0.194807 0.0126303 0.00822281 0.0287504 0.00642427 0.00405913 0.000714651 0.000997278 0.000132959
threshold=8.0497542698189957 6.7534722222222232 7.5000000000000009 0.537423076923077 7.0395900374172458 7.5000000000000009 7.200356359288631 0.47441346153846159 7.200356359288631 7.200356359288631
decision_type=2 2 2 2 2 2 2 2 2 2
left_child=1 5 3 7 -5 -1 -6 8 -3 -9
right_child=-2 2 -4 4 6 -7 -8 9 -10 -11
leaf_value=0.0014149381232309534 -0.0018145130254203384 0.00015486577474649698 -0.0014569291770458223 -0.00049131682505106143 -7.4206738874116649e-05 0.00056592178604035991 2.0587531106928369e-05 2.7122522180806254e-05 2.5797411045342156e-05 6.5483468672814408e-05
leaf_weight=248 178 473 13.999999999999998 333 1693 50 3277 1564 378 739
leaf_count=248 178 473 14 333 1693 50 3277 1564 378 739
internal_value=0 3.71831e-05 -6.50212e-06 -3.3379e-06 -4.19156e-05 0.00129158 -1.07062e-05 5.99328e-05 0.000103502 4.16252e-05
internal_weight=8947 8769 8471 8457 5303 298 4970 3154 851 2303
internal_count=8947 8769 8471 8457 5303 298 4970 3154 851 2303
is_linear=0
shrinkage=0.05


Tree=3
num_leaves=11
num_cat=0
split_feature=17 0 6 19 17 6 17 19 17 17
split_gain=0.217279 0.176131 0.0114804 0.00745927 0.0259536 0.00554339 0.0036656 0.000638853 0.000704583 0.000155706
threshold=8.0497542698189957 2.5416666666666674 7.5000000000000009 0.537423076923077 7.0395900374172458 7.5000000000000009 7.200356359288631 0.48742307692307701 7.200356359288631 7.200356359288631
decision_type=2 2 2 2 2 2 2 2 2 2
left_child=1 5 3 7 -5 -1 -6 8 -3 -9
right_child=-2 2 -4 4 6 -7 -8 9 -10 -11
leaf_value=0.0013444753523811281 -0.0017242941551701319 0.00013313046210694464 -0.001388939052820206 -0.00046682455390134077 -7.0498590206176671e-05 0.00053818051703274255 1.9558466856707117e-05 2.2820521834206477e-05 2.4510944272283376e-05 6.2213722088632197e-05
leaf_weight=248 178 575 13.999999999999998 333 1693 50 3277 1462 378 739
leaf_count=248 178 575 14 333 1693 50 3277 1462 378 739
internal_value=0 3.54109e-05 -6.09869e-06 -3.05438e-06 -3.98249e-05 0.00122817 -1.01211e-05 5.71782e-05 9.53593e-05 3.834e-05
internal_weight=8947 8769 8471 8457 5303 298 4970 3154 953 2201
internal_count=8947 8769 8471 8457 5303 298 4970 3154 953 2201
is_linear=0
shrinkage=0.05


Tree=4
num_leaves=11
num_cat=0
split_feature=17 0 6 19 17 6 17 19 17 17
split_gain=0.196228 0.159256 0.0104354 0.00676821 0.0234287 0.00476124 0.00331031 0.000585172 0.000788326 9.72264e-05
threshold=8.0497542698189957 2.5416666666666674 7.5000000000000009 0.537423076923077 7.0395900374172458 7.5000000000000009 7.200356359288631 0.47441346153846159 7.200356359288631 7.200356359288631
decision_type=2 2 2 2 2 2 2 2 2 2
left_child=1 5 3 7 -5 -1 -6 8 -3 -9
right_child=-2 2 -4 4 6 -7 -8 9 -10 -11
leaf_value=0.0012775215327021589 -0.0016385612191434683 0.00014049633510729087 -0.0013241219818592074 -0.00044355321234973254 -6.6975743919868335e-05 0.00051179912233469539 1.8580843440368954e-05 2.4267490085857079e-05 2.3288629122206199e-05 5.9107237342883508e-05
leaf_weight=248 178 473 13.999999999999998 333 1693 50 3277 1564 378 739
leaf_count=248 178 473 14 333 1693 50 3277 1564 378 739
internal_value=0 3.37271e-05 -5.71505e-06 -2.78506e-06 -3.78386e-05 0.00116791 -9.56526e-06 5.45609e-05 9.43916e-05 3.7638e-05
internal_weight=8947 8769 8471 8457 5303 298 4970 3154 851 2303
internal_count=8947 8769 8471 8457 5303 298 4970 3154 851 2303
is_linear=0
shrinkage=0.05


Tree=5
num_leaves=13
num_cat=0
split_feature=18 0 0 19 15 15 15 19 18 19 18 15
split_gain=0.162625 0.144802 0.0295491 0.0066039 0.0110024 0.00374737 0.00197779 0.000522266 0.000592006 0.00125558 2.26484e-05 2.76309e-06
threshold=4.5000000000000009 2.5416666666666674 2.5416666666666674 0.537423076923077 13.650000000000002 14.800000000000002 14.800000000000002 0.47441346153846159 2.5000000000000004 0.46442307692307699 2.5000000000000004 13.650000000000002
decision_type=2 2 2 2 2 2 2 2 2 2 2 2
left_child=1 6 -2 7 -5 -6 -1 8 9 -3 -9 -12
right_child=2 3 -4 4 5 -7 -8 10 -10 -11 11 -13
leaf_value=0.0012139020004425663 0.00032112391355137033 3.0904916956672397e-05 -0.0016195114622901939 1.8565829882723155e-05 -0.00011961040916366706 -0.0011057887632738459 0.0004853697194668808 4.0672001829773535e-05 2.3365831624428979e-05 0.00022128220761413232 9.398884503604132e-06 0
leaf_weight=248 17 261 178 3175 2128 9.9999999999999982 37 1803 365 225 488 11.999999999999998
leaf_count=248 17 261 178 3175 2128 10 37 1803 365 225 488 12
internal_value=0 3.22348e-05 -0.00142404 -4.55292e-06 -3.91135e-05 -0.000127075 0.00113883 5.20745e-05 8.99751e-05 0.000129583 3.58664e-05 8.51089e-06
internal_weight=8947 8752 195 8467 5313 2138 285 3154 851 486 2303 500
internal_count=8947 8752 195 8467 5313 2138 285 3154 851 486 2303 500
is_linear=0
shrinkage=0.05


Tree=6
num_leaves=12
num_cat=0
split_feature=18 0 0 19 16 6 6 19 18 19 10
split_gain=0.1466 0.130938 0.0269719 0.00600555 0.00995794 0.00339904 0.00155984 0.000473351 0.000524969 0.00110914 1.73192e-05
threshold=4.5000000000000009 2.5416666666666674 2.5416666666666674 0.537423076923077 2.5000000000000004 7.5000000000000009 7.5000000000000009 0.47441346153846159 2.5000000000000004 0.46442307692307699 24.000000000000004
decision_type=2 2 2 2 2 2 2 2 2 2 2
left_child=1 6 -2 7 -5 -6 -1 8 9 -3 -9
right_child=2 3 -4 4 5 -7 -8 10 -10 -11 -12
leaf_value=0.0011534507183664775 0.00030595973651442265 2.9365570219553556e-05 -0.0015389882869935238 1.7637831651905061e-05 -0.000113632701564372 -0.0010555256225846031 0.00046173986733744022 3.547253638126742e-05 2.2200731895520492e-05 0.00021026705239746984 0
leaf_weight=248 17 261 178 3175 2128 9.9999999999999982 37 2172 365 225 131
leaf_count=248 17 261 178 3175 2128 10 37 2172 365 225 131
internal_value=0 3.07687e-05 -0.0013519 -4.18483e-06 -3.71692e-05 -0.000120867 0.00108306 4.97876e-05 8.60793e-05 0.000123643 3.41755e-05
internal_weight=8947 8752 195 8467 5313 2138 285 3154 851 486 2303
internal_count=8947 8752 195 8467 5313 2138 285 3154 851 486 2303
is_linear=0
shrinkage=0.05


Tree=7
num_leaves=11
num_cat=0
split_feature=17 1 6 19 17 6 17 19 17 17
split_gain=0.144203 0.117921 0.00785179 0.00506359 0.0202879 0.00281295 0.00210595 0.000430921 0.000573322 0.000112913
threshold=8.0497542698189957 6.7534722222222232 7.5000000000000009 0.537423076923077 7.0395900374172458 7.5000000000000009 7.200356359288631 0.47441346153846159 7.200356359288631 7.200356359288631
decision_type=2 2 2 2 2 2 2 2 2 2
left_child=1 5 3 7 -5 -1 -6 8 -3 -9
right_child=-2 2 -4 4 6 -7 -8 9 -10 -11
leaf_value=0.0010960097192042326 -0.0014042777908372815 0.0001221763174897374 -0.0011481724480787913 -0.00040981469065240933 -5.1973659041346742e-05 0.00044436275593790359 1.6261665681725802e-05 1.9250096071484732e-05 1.9192979280962204e-05 5.3731913087225673e-05
leaf_weight=248 178 473 13.999999999999998 333 1693 50 3277 1564 378 739
leaf_count=248 178 473 14 333 1693 50 3277 1564 378 739
internal_value=4.90159e-08 2.92821e-05 -4.57561e-06 -1.95578e-06 -3.23559e-05 0.00100525 -5.98222e-06 4.7567e-05 8.23776e-05 3.25035e-05
internal_weight=8947 8769 8471 8457 5303 298 4970 3154 851 2303
internal_count=8947 8769 8471 8457 5303 298 4970 3154 851 2303
is_linear=0
shrinkage=0.05


Tree=8
num_leaves=11
num_cat=0
split_feature=17 0 6 19 17 6 17 19 17 17
split_gain=0.130235 0.106655 0.00713735 0.00459944 0.0183145 0.00234187 0.00190186 0.000389603 0.000397781 0.000130414
threshold=8.0497542698189957 2.5416666666666674 7.5000000000000009 0.537423076923077 7.0395900374172458 7.5000000000000009 7.200356359288631 0.48742307692307701 7.200356359288631 7.200356359288631
decision_type=2 2 2 2 2 2 2 2 2 2
left_child=1 5 3 7 -5 -1 -6 8 -3 -9
right_child=-2 2 -4 4 6 -7 -8 9 -10 -11
leaf_value=0.0010414293839270811 -0.001334456148239987 0.00010533369256336298 -0.001094591076175372 -0.00038938531367677061 -4.9376512957429526e-05 0.00042258026863576157 1.5448830857446312e-05 1.5701257619912586e-05 1.823586097544939e-05 5.1048945500656992e-05
leaf_weight=248 178 575 13.999999999999998 333 1693 50 3277 1462 378 739
leaf_count=248 178 575 14 333 1693 50 3277 1462 378 739
internal_value=9.54975e-08 2.79045e-05 -4.26645e-06 -1.74113e-06 -3.07423e-05 0.000956079 -5.63318e-06 4.54297e-05 7.60834e-05 2.98579e-05
internal_weight=8947 8769 8471 8457 5303 298 4970 3154 953 2201
internal_count=8947 8769 8471 8457 5303 298 4970 3154 953 2201
is_linear=0
shrinkage=0.05


Tree=9
num_leaves=11
num_cat=0
split_feature=17 0 6 19 17 19 17 19 17 17
split_gain=0.117621 0.0964727 0.006488 0.00417904 0.0165331 0.00194181 0.00171759 0.000350616 0.000445325 8.30336e-05
threshold=8.0497542698189957 2.5416666666666674 7.5000000000000009 0.537423076923077 7.0395900374172458 0.63055769230769243 7.200356359288631 0.47441346153846159 7.200356359288631 7.200356359288631
decision_type=2 2 2 2 2 2 2 2 2 2
left_child=1 5 3 7 -5 -1 -6 8 -3 -9
right_child=-2 2 -4 4 6 -7 -8 9 -10 -11
leaf_value=0.00098372702946974435 -0.0012681060625687659 0.0001108248150840653 -0.0010435101687908174 -0.00036997435299378494 -4.6909140897329253e-05 0.00037023202809707633 1.4676624752444861e-05 1.7211552239588492e-05 1.732647321297539e-05 4.8499949068590885e-05
leaf_weight=253 178 473 13.999999999999998 333 1693 45 3277 1564 378 739
leaf_count=253 178 473 14 333 1693 45 3277 1564 378 739
internal_value=1.39908e-07 2.65955e-05 -3.97243e-06 -1.53722e-06 -2.92092e-05 0.000909356 -5.30157e-06 4.3399e-05 7.5232e-05 2.94384e-05
internal_weight=8947 8769 8471 8457 5303 298 4970 3154 851 2303
internal_count=8947 8769 8471 8457 5303 298 4970 3154 851 2303
is_linear=0
shrinkage=0.05


Tree=10
num_leaves=10
num_cat=0
split_feature=17 0 6 17 8 6 12 17 17
split_gain=0.106229 0.087269 0.00589781 0.00365184 0.0133285 0.00167694 0.00139499 0.00137443 0.00103901
threshold=8.0497542698189957 2.5416666666666674 7.5000000000000009 7.0395900374172458 3.5000000000000004 7.5000000000000009 384.00000000000006 7.200356359288631 7.200356359288631
decision_type=2 2 2 2 2 2 2 2 2
left_child=1 5 3 4 -3 -1 8 -8 -5
right_child=-2 2 -4 6 -6 -7 7 -9 -10
leaf_value=0.00094131733279630375 -0.0012050550055362327 1.9855717217243145e-05 -0.00099481304983297996 0.00013861219981898491 -0.0003515310177836054 0.00037710077969320855 -2.5239920084897309e-05 2.1654290582675794e-05 1.3517228802597589e-05
leaf_weight=248 178 795 13.999999999999998 355 333 50 2580 3885 509
leaf_count=248 178 795 14 355 333 50 2580 3885 509
internal_value=1.82272e-07 2.53519e-05 -3.69267e-06 -1.34336e-06 -8.55679e-05 0.00086495 1.09473e-05 2.16584e-06 7.07974e-05
internal_weight=8947 8769 8471 8457 1128 298 7329 6465 864
internal_count=8947 8769 8471 8457 1128 298 7329 6465 864
is_linear=0
shrinkage=0.05


Tree=11
num_leaves=11
num_cat=0
split_feature=17 0 15 19 17 17 19 19 17 17
split_gain=0.0959366 0.0789571 0.00536095 0.0035998 0.0134228 0.00143228 0.00135278 0.000276321 0.000353079 8.35711e-05
threshold=8.0497542698189957 2.5416666666666674 14.800000000000002 0.537423076923077 7.0395900374172458 7.200356359288631 0.63055769230769243 0.47441346153846159 7.200356359288631 7.4662786483507304
decision_type=2 2 2 2 2 2 2 2 2 2
left_child=1 6 3 7 -5 -6 -1 8 -3 -9
right_child=-2 2 -4 4 5 -7 -8 9 -10 -11
leaf_value=0.00088907542528481954 -0.0011451388583336465 0.00010162378381839502 -0.00094838845729827898 -0.00033400709390874481 -4.3303821245653705e-05 1.2860632804936461e-05 0.00032999801621569889 3.297736362365442e-05 1.5788357551295634e-05 0
leaf_weight=253 178 473 13.999999999999998 333 1693 3277 45 1803 378 500
leaf_count=253 178 473 14 333 1693 3277 45 1803 378 500
internal_value=1.95149e-07 2.41421e-05 -3.45597e-06 -1.1886e-06 -2.69151e-05 -5.27047e-06 0.000822759 4.04769e-05 6.94289e-05 2.7583e-05
internal_weight=8947 8769 8471 8457 5303 4970 298 3154 851 2303
internal_count=8947 8769 8471 8457 5303 4970 298 3154 851 2303
is_linear=0
shrinkage=0.05


Tree=12
num_leaves=11
num_cat=0
split_feature=17 0 8 19 17 17 8 19 17 17
split_gain=0.0866455 0.0714387 0.00487336 0.00327192 0.012117 0.0012937 0.00114975 0.000245288 0.000305523 8.08008e-05
threshold=8.0497542698189957 2.5416666666666674 4.5000000000000009 0.537423076923077 7.0395900374172458 7.200356359288631 4.5000000000000009 0.47441346153846159 7.200356359288631 7.200356359288631
decision_type=2 2 2 2 2 2 2 2 2 2
left_child=1 6 3 7 -5 -6 -1 8 -3 -9
right_child=-2 2 -4 4 5 -7 -8 9 -10 -11
leaf_value=0.00085083879971779505 -0.0010882017628274152 9.6553310350110203e-05 -0.00090413028250137988 -0.00031735673499388431 -4.1139903087982604e-05 1.2217797303392935e-05 0.00033640981314009901 1.4454535136859234e-05 1.5001022561003593e-05 4.453645962604316e-05
leaf_weight=248 178 473 13.999999999999998 333 1693 3277 50 1564 378 739
leaf_count=248 178 473 14 333 1693 3277 50 1564 378 739
internal_value=2.29936e-07 2.30155e-05 -3.20706e-06 -1.01776e-06 -2.55728e-05 -4.95696e-06 0.000782661 3.86783e-05 6.62578e-05 2.62927e-05
internal_weight=8947 8769 8471 8457 5303 4970 298 3154 851 2303
internal_count=8947 8769 8471 8457 5303 4970 298 3154 851 2303
is_linear=0
shrinkage=0.05


Tree=13
num_leaves=11
num_cat=0
split_feature=17 2 6 19 17 17 19 12 17 17
split_gain=0.0782558 0.0646426 0.00443028 0.00298014 0.0109759 0.00117265 0.000887896 0.000212774 0.000365243 0.000154215
threshold=8.0497542698189957 30.500000000000004 7.5000000000000009 0.52767307692307708 7.0395900374172458 7.200356359288631 0.63055769230769243 1.0000000180025095e-35 7.200356359288631 7.200356359288631
decision_type=2 2 2 2 2 2 2 2 2 2
left_child=1 6 3 7 -5 -6 -1 8 -3 -9
right_child=-2 2 -4 4 5 -7 -8 9 -10 -11
leaf_value=0.00080353616854161262 -0.00103409572041401 9.8152912852711598e-05 -0.00086193753282229118 -0.00030153641599916413 -3.9084124175923491e-05 1.1416315231827292e-05 0.00029404700703352044 1.3039563026693264e-05 1.2641865853875248e-05 5.0964019330499822e-05
leaf_weight=253 178 450 13.999999999999998 333 1693 3396 45 1587 390 608
leaf_count=253 178 450 14 333 1693 3396 45 1587 390 608
internal_value=2.68837e-07 2.19508e-05 -2.96455e-06 -8.49681e-07 -2.36291e-05 -4.40615e-06 0.000744563 3.8193e-05 6.44589e-05 2.58397e-05
internal_weight=8947 8769 8471 8457 5422 5089 298 3035 840 2195
internal_count=8947 8769 8471 8457 5422 5089 298 3035 840 2195
is_linear=0
shrinkage=0.05


Tree=14
num_leaves=11
num_cat=0
split_feature=17 0 6 19 17 17 6 12 17 17
split_gain=0.070679 0.0584985 0.00402757 0.00271257 0.00990805 0.00105921 0.000734585 0.000187463 0.000317454 0.000134301
threshold=8.0497542698189957 2.5416666666666674 7.5000000000000009 0.52767307692307708 7.0395900374172458 7.200356359288631 7.5000000000000009 1.0000000180025095e-35 7.200356359288631 7.200356359288631
decision_type=2 2 2 2 2 2 2 2 2 2
left_child=1 6 3 7 -5 -6 -1 8 -3 -9
right_child=-2 2 -4 4 5 -7 -8 9 -10 -11
leaf_value=0.00076906616346962965 -0.00098267977984424406 9.3256147896371246e-05 -0.0008217137977480889 -0.00028650472429999247 -3.7131073801580889e-05 1.0845667742802702e-05 0.00030001057366676196 1.2387995410508826e-05 1.2011390192496122e-05 4.8420002454320629e-05
leaf_weight=248 178 450 13.999999999999998 333 1693 3396 50 1587 390 608
leaf_count=248 178 450 14 333 1693 3396 50 1587 390 608
internal_value=3.0595e-07 2.09393e-05 -2.73379e-06 -6.89878e-07 -2.24507e-05 -4.137e-06 0.000708355 3.65332e-05 6.15398e-05 2.4663e-05
internal_weight=8947 8769 8471 8457 5422 5089 298 3035 840 2195
internal_count=8947 8769 8471 8457 5422 5089 298 3035 840 2195
is_linear=0
shrinkage=0.05


Tree=15
num_leaves=11
num_cat=0
split_feature=17 0 6 17 12 17 12 17 17 6
split_gain=0.0638364 0.0529449 0.00366154 0.00239228 0.00101705 0.000871842 0.000849525 0.00107465 0.000758122 0.000525375
threshold=8.0497542698189957 2.5416666666666674 7.5000000000000009 7.0395900374172458 384.00000000000006 7.200356359288631 384.00000000000006 6.9599592149906035 7.200356359288631 7.5000000000000009
decision_type=2 2 2 2 2 2 2 2 2 2
left_child=1 9 3 6 8 -6 -3 -8 -5 -1
right_child=-2 2 -4 4 5 -7 7 -9 -10 -11
leaf_value=0.00073076725619504728 -0.00093382020943990642 0 -0.00078336717436710993 0.0001185487268402325 -1.9961184502140133e-05 1.7348492357277311e-05 0 -0.0001189539452280569 9.9273389379388893e-06 0.000285304170056228
leaf_weight=248 178 259 13.999999999999998 355 2580 3885 152 717 509 50
leaf_count=248 178 259 14 355 2580 3885 152 717 509 50
internal_value=3.41603e-07 1.99784e-05 -2.51429e-06 -5.3802e-07 9.29914e-06 1.68519e-06 -6.88337e-05 -9.26811e-05 6.04235e-05 0.000673952
internal_weight=8947 8769 8471 8457 7329 6465 1128 869 864 298
internal_count=8947 8769 8471 8457 7329 6465 1128 869 864 298
is_linear=0
shrinkage=0.05


Tree=16
num_leaves=10
num_cat=0
split_feature=17 0 6 19 17 17 19 15 17
split_gain=0.0576552 0.047926 0.0033287 0.00246694 0.00853441 0.000884605 0.000408012 0.000182265 0.000126076
threshold=8.0497542698189957 2.5416666666666674 7.5000000000000009 0.52767307692307708 7.0395900374172458 7.2226790386014175 0.63055769230769243 12.800000000000002 7.115355359154643
decision_type=2 2 2 2 2 2 2 2 2
left_child=1 6 3 7 -5 -6 -1 -3 -9
right_child=-2 2 -4 4 5 -7 -8 8 -10
leaf_value=0.00069080133640984681 -0.00088739012664589803 0 -0.00074681004385153448 -0.00026629248504320569 -3.343655202564584e-05 9.9101520262715544e-06 0.00024507049754585907 1.3149685237454123e-05 4.8754812675418213e-05
leaf_weight=253 178 401 13.999999999999998 333 1762 3327 45 798 1836
leaf_count=253 178 401 14 333 1762 3327 45 798 1836
internal_value=3.63643e-07 1.90532e-05 -2.31823e-06 -4.0647e-07 -2.11893e-05 -4.11938e-06 0.00064126 3.50696e-05 3.98745e-05
internal_weight=8947 8769 8471 8457 5422 5089 298 3035 2634
internal_count=8947 8769 8471 8457 5422 5089 298 3035 2634
is_linear=0
shrinkage=0.05


Tree=17
num_leaves=10
num_cat=0
split_feature=17 2 6 19 17 17 19 15 17
split_gain=0.0520684 0.0433929 0.0030257 0.00223544 0.007704 0.000800057 0.000243888 0.000163546 0.0001062
threshold=8.0497542698189957 30.500000000000004 7.5000000000000009 0.52767307692307708 7.0395900374172458 7.200356359288631 0.63055769230769243 12.800000000000002 7.115355359154643
decision_type=2 2 2 2 2 2 2 2 2
left_child=1 6 3 7 -5 -6 -1 -3 -9
right_child=-2 2 -4 4 5 -7 -8 8 -10
leaf_value=0.00065639726260280991 -0.00084326848970445178 0 -0.0007119588727752368 -0.00025301774251302645 -3.2607303072457614e-05 8.9980343100714237e-06 0.00023308334193880792 1.2493024639043962e-05 4.6318399678828539e-05
leaf_weight=253 178 401 13.999999999999998 333 1693 3396 45 798 1836
leaf_count=253 178 401 14 333 1693 3396 45 798 1836
internal_value=3.48121e-07 1.81368e-05 -2.17029e-06 -3.20089e-07 -2.01325e-05 -3.86453e-06 0.00061019 3.34226e-05 3.79768e-05
internal_weight=8947 8769 8471 8457 5422 5089 298 3035 2634
internal_count=8947 8769 8471 8457 5422 5089 298 3035 2634
is_linear=0
shrinkage=0.05


Tree=18
num_leaves=10
num_cat=0
split_feature=17 0 8 19 17 17 17 15 17
split_gain=0.0470231 0.0392939 0.00275031 0.00202603 0.00695435 0.000724197 0.000191532 0.00014669 8.86232e-05
threshold=8.0497542698189957 2.5416666666666674 4.5000000000000009 0.52767307692307708 7.0395900374172458 7.2226790386014175 7.9919350267718441 12.800000000000002 7.115355359154643
decision_type=2 2 2 2 2 2 2 2 2
left_child=1 6 3 7 -5 -6 -1 -3 -9
right_child=-2 2 -4 4 5 -7 -8 8 -10
leaf_value=0.00059616688350542331 -0.00080134055030911988 0 -0.00067873412619034448 -0.00024040471986884216 -3.021764985377286e-05 8.9650272585992336e-06 0 1.1869154885663036e-05 4.4003740489426102e-05
leaf_weight=284 178 401 13.999999999999998 333 1762 3327 13.999999999999998 798 1836
leaf_count=284 178 401 14 333 1762 3327 14 798 1836
internal_value=3.33615e-07 1.72663e-05 -2.02948e-06 -2.37966e-07 -1.91284e-05 -3.62242e-06 0.000580665 3.18579e-05 3.61739e-05
internal_weight=8947 8769 8471 8457 5422 5089 298 3035 2634
internal_count=8947 8769 8471 8457 5422 5089 298 3035 2634
is_linear=0
shrinkage=0.05


Tree=19
num_leaves=10
num_cat=0
split_feature=17 0 6 19 17 17 6 15 19
split_gain=0.042466 0.0355543 0.00250003 0.0018366 0.00627763 0.000655 0.000169824 0.000131516 8.00771e-05
threshold=8.0497542698189957 2.5416666666666674 7.5000000000000009 0.52767307692307708 7.0395900374172458 7.200356359288631 7.5000000000000009 12.800000000000002 0.46442307692307699
decision_type=2 2 2 2 2 2 2 2 2
left_child=1 6 3 7 -5 -6 -1 -3 -9
right_child=-2 2 -4 4 5 -7 -8 8 -10
leaf_value=0.00059864465158477611 -0.00076149740095078611 0 -0.00064705991993347809 -0.00022842047736048698 -2.9467909317573591e-05 8.1399399028663113e-06 0.00021746652095816006 0 3.7496887228347053e-05
leaf_weight=248 178 401 13.999999999999998 333 1693 3396 50 267 2367
leaf_count=248 178 401 14 333 1693 3396 50 267 2367
internal_value=3.11479e-07 1.64305e-05 -1.89544e-06 -1.59879e-07 -1.81744e-05 -3.39239e-06 0.000552352 3.03714e-05 3.44612e-05
internal_weight=8947 8769 8471 8457 5422 5089 298 3035 2634
internal_count=8947 8769 8471 8457 5422 5089 298 3035 2634
is_linear=0
shrinkage=0.05


Tree=20
num_leaves=10
num_cat=0
split_feature=17 0 6 17 8 14 17 17 17
split_gain=0.0383497 0.0322076 0.00227236 0.00141082 0.0050712 0.000711024 0.00117383 0.000583466 7.11052e-05
threshold=8.0497542698189957 2.5416666666666674 7.5000000000000009 7.0395900374172458 3.5000000000000004 1.0000000180025095e-35 7.200356359288631 7.200356359288631 7.9919350267718441
decision_type=2 2 2 2 2 2 2 2 2
left_child=1 8 3 4 -3 6 -5 -7 -1
right_child=-2 2 -4 5 -6 7 -8 -9 -10
leaf_value=0.00053904336641885729 -0.0007236352215349342 1.0046348283295497e-05 -0.00061686375985542938 0.00015383042732990067 -0.00021703365374590731 -1.551157792797141e-05 2.8364537436430631e-06 1.4493105547053106e-05 0
leaf_weight=284 178 795 13.999999999999998 214 333 2721 509 3885 13.999999999999998
leaf_count=284 178 795 14 214 333 2721 509 3885 14
internal_value=2.82551e-07 1.56282e-05 -1.78559e-06 -1.03396e-07 -5.26947e-05 7.31485e-06 5.45858e-05 1.37698e-06 0.000525707
internal_weight=8947 8769 8471 8457 1128 7329 723 6606 298
internal_count=8947 8769 8471 8457 1128 7329 723 6606 298
is_linear=0
shrinkage=0.05


Tree=21
num_leaves=10
num_cat=0
split_feature=17 0 6 17 8 12 17 17 6
split_gain=0.0346355 0.0291437 0.00206588 0.00126516 0.00458813 0.000666971 0.000604479 0.000595333 6.42004e-05
threshold=8.0497542698189957 2.5416666666666674 7.5000000000000009 7.0395900374172458 3.5000000000000004 384.00000000000006 7.200356359288631 7.200356359288631 7.5000000000000009
decision_type=2 2 2 2 2 2 2 2 2
left_child=1 8 3 4 -3 6 -5 -7 -1
right_child=-2 2 -4 5 -6 7 -8 -9 -10
leaf_value=0.00054198867057910166 -0.00068765561158805257 9.544662004085165e-06 -0.00058807680259148284 9.9571003518760559e-05 -0.00020621444307780727 -1.7098757566549302e-05 2.6949089469602693e-06 1.3768637810762571e-05 0.00018778133361289898
leaf_weight=248 178 795 13.999999999999998 355 333 2580 509 3885 50
leaf_count=248 178 795 14 355 333 2580 509 3885 50
internal_value=2.83545e-07 1.48948e-05 -1.64123e-06 -9.85564e-09 -4.98477e-05 6.98427e-06 4.83488e-05 6.76312e-07 0.000500107
internal_weight=8947 8769 8471 8457 1128 7329 864 6465 298
internal_count=8947 8769 8471 8457 1128 7329 864 6465 298
is_linear=0
shrinkage=0.05


Tree=22
num_leaves=11
num_cat=0
split_feature=17 0 6 19 17 17 17 17 19 17
split_gain=0.0312821 0.0264049 0.00187819 0.00151104 0.00457687 0.000504155 0.000122558 0.000434065 3.96112e-06 2.29036e-06
threshold=8.0497542698189957 2.5416666666666674 7.5000000000000009 0.52767307692307708 7.0395900374172458 7.2226790386014175 7.2226790386014175 7.200356359288631 0.63055769230769243 7.6831204213495203
decision_type=2 2 2 2 2 2 2 2 2 2
left_child=1 8 3 6 -5 -6 7 -3 -1 -8
right_child=-2 2 -4 4 5 -7 9 -9 -10 -11
leaf_value=0.00051217829525346075 -0.00065346489696862316 2.3864380370046838e-05 -0.00056063318500916158 -0.00019593459470364862 -2.5798187343876756e-05 6.7380121399989007e-06 4.1518842314546721e-06 0.00010959019543965975 0.00015757906098809579 0
leaf_weight=253 178 2037 13.999999999999998 333 1762 3327 684 212 45 102
leaf_count=253 178 2037 14 333 1762 3327 684 212 45 102
internal_value=2.93711e-07 1.42073e-05 -1.5042e-06 0 -1.63194e-05 -3.54776e-06 2.77227e-05 3.42126e-05 0.00047606 2.78e-06
internal_weight=8947 8769 8471 8457 5422 5089 3035 2249 298 786
internal_count=8947 8769 8471 8457 5422 5089 3035 2249 298 786
is_linear=0
shrinkage=0.05


Tree=23
num_leaves=9
num_cat=0
split_feature=0 5 19 6 15 19 19 19
split_gain=0.0278171 0.0358061 0.00137386 0.00181489 0.000110546 7.07238e-05 0.000215873 7.77036e-06
threshold=2.5416666666666674 4.0000000000000009 0.52767307692307708 6.0000000000000009 12.800000000000002 0.46442307692307699 0.47441346153846159 0.59978846153846166
decision_type=2 2 2 2 2 2 2 2
left_child=-1 2 4 -4 -2 -6 -7 -5
right_child=1 -3 3 7 5 6 -8 -9
leaf_value=0.00047173508363407063 0 -0.00069629026902100395 -5.176790614688735e-05 1.4926652324871458e-06 0 6.5444929245901491e-05 2.0392611490753338e-05 1.1672544742272078e-05
leaf_weight=302 401 188 2128 2194 267 552 1815 1100
leaf_count=302 401 188 2128 2194 267 552 1815 1100
internal_value=2.99822e-07 -1.56434e-05 0 -1.55054e-05 2.64927e-05 3.02251e-05 3.30338e-05 6.4121e-06
internal_weight=8947 8645 8457 5422 3035 2634 2367 3294
internal_count=8947 8645 8457 5422 3035 2634 2367 3294
is_linear=0
shrinkage=0.05


Tree=24
num_leaves=11
num_cat=0
split_feature=17 0 5 19 17 17 17 17 17 17
split_gain=0.0253121 0.0215018 0.00150703 0.00124142 0.00405146 0.000390083 0.000116555 0.000390342 2.62554e-05 1.68905e-06
threshold=8.0497542698189957 2.5416666666666674 4.0000000000000009 0.52767307692307708 7.0395900374172458 7.6831204213495203 7.2226790386014175 7.200356359288631 7.9919350267718441 7.6831204213495203
decision_type=2 2 2 2 2 2 2 2 2 2
left_child=1 8 3 6 -5 -6 7 -3 -1 -8
right_child=-2 2 -4 4 5 -7 9 -9 -10 -11
leaf_value=0.00044038620689197585 -0.00058765924634547216 2.1548872452197961e-05 -0.00050197678804397578 -0.00018358655250213013 -1.2884025191908547e-05 1.6327321488400237e-05 2.7759224444077126e-06 0.00010303696119576309 0 0
leaf_weight=284 178 2037 13.999999999999998 333 3463 1626 684 212 13.999999999999998 102
leaf_count=284 178 2037 14 333 3463 1626 684 212 14 102
internal_value=3.52058e-07 1.29237e-05 -1.19668e-06 0 -1.46383e-05 -2.56694e-06 2.52882e-05 3.14949e-05 0.000429697 1.15826e-06
internal_weight=8947 8769 8471 8457 5422 5089 3035 2249 298 786
internal_count=8947 8769 8471 8457 5422 5089 3035 2249 298 786
is_linear=0
shrinkage=0.05


Tree=25
num_leaves=14
num_cat=0
split_feature=0 5 19 17 17 17 12 17 19 17 17 17 6
split_gain=0.0228833 0.0295838 0.00112929 0.00365714 0.000358131 0.000110248 0.000107163 0.000261033 0.000734555 0.000136953 0.000945573 9.07482e-06 1.88138e-06
threshold=2.5416666666666674 4.0000000000000009 0.52767307692307708 7.0395900374172458 7.200356359288631 7.6831204213495203 1.0000000180025095e-35 7.200356359288631 0.46442307692307699 7.200356359288631 7.2133000484419894 7.1783939000347887 6.0000000000000009
decision_type=2 2 2 2 2 2 2 2 2 2 2 2 2
left_child=-1 2 6 -4 -5 -6 7 8 -2 11 -11 -8 -9
right_child=1 -3 3 4 5 -7 9 12 -10 10 -12 -13 -14
leaf_value=0.00042797553012794554 0 -0.00063274977398573092 -0.00017443471066765266 -2.1845993299038319e-05 -2.2150417580124647e-07 1.5511457896985619e-05 7.4141223742374182e-06 0 0.00013815169082735906 0.00025480237391699729 8.4275075564247109e-06 0 3.6145754517444091e-06
leaf_weight=302 238 188 333 1693 1770 1626 700 31 212 47 561 887 359
leaf_count=302 238 188 333 1693 1770 1626 700 31 212 47 561 887 359
internal_value=3.41593e-07 -1.40666e-05 0 -1.39081e-05 -2.38944e-06 5.84188e-06 2.41743e-05 4.32937e-05 7.03004e-05 1.45643e-05 3.60702e-05 3.15893e-06 0
internal_weight=8947 8645 8457 5422 5089 3396 3035 840 450 2195 608 1587 390
internal_count=8947 8645 8457 5422 5089 3396 3035 840 450 2195 608 1587 390
is_linear=0
shrinkage=0.05


Tree=26
num_leaves=13
num_cat=0
split_feature=0 5 19 17 17 17 17 17 12 17 17 19
split_gain=0.0206509 0.0267227 0.00104128 0.00329898 0.000322131 0.000100607 9.57748e-05 0.00032404 0.000502805 0.00015262 1.30419e-06 3.42961e-06
threshold=2.5416666666666674 4.0000000000000009 0.52767307692307708 7.0395900374172458 7.200356359288631 7.6831204213495203 7.2226790386014175 7.200356359288631 1.0000000180025095e-35 7.2133000484419894 7.6831204213495203 0.51167307692307695
decision_type=2 2 2 2 2 2 2 2 2 2 2 2
left_child=-1 2 6 -4 -5 -6 7 8 -2 -9 11 -8
right_child=1 -3 3 4 5 -7 10 9 -10 -11 -12 -13
leaf_value=0.00040664735400640839 6.7053361517839763e-05 -0.00060127967461036944 -0.00016573909249764583 -2.0754340158636906e-05 -2.1043632617190029e-07 1.4736361149390825e-05 6.7521619459451421e-06 0.00019765589228232526 2.9955186419422396e-06 2.608234202047173e-05 0 0
leaf_weight=302 450 188 333 1693 1770 1626 268 55 1587 157 102 416
leaf_count=302 450 188 333 1693 1770 1626 268 55 1587 157 102 416
internal_value=3.83342e-07 -1.3276e-05 0 -1.32604e-05 -2.27003e-06 5.47641e-06 2.331e-05 2.89723e-05 1.96261e-05 9.47875e-05 7.38881e-07 2.321e-06
internal_weight=8947 8645 8457 5422 5089 3396 3035 2249 2037 212 786 684
internal_count=8947 8645 8457 5422 5089 3396 3035 2249 2037 212 786 684
is_linear=0
shrinkage=0.05


Tree=27
num_leaves=14
num_cat=0
split_feature=0 5 19 17 17 17 17 17 12 17 12 17 19
split_gain=0.0186369 0.0241376 0.000959376 0.00297576 0.000291523 9.00226e-05 8.6338e-05 0.000298242 0.000450159 0.000120307 1.04484e-05 1.19029e-06 3.11626e-06
threshold=2.5416666666666674 4.0000000000000009 0.52767307692307708 7.0395900374172458 7.6831204213495203 7.200356359288631 7.2226790386014175 7.200356359288631 1.0000000180025095e-35 7.2133000484419894 384.00000000000006 7.6831204213495203 0.51167307692307695
decision_type=2 2 2 2 2 2 2 2 2 2 2 2 2
left_child=-1 2 6 -4 5 -5 7 8 -2 -9 -6 12 -8
right_child=1 -3 3 4 10 -7 11 9 -10 -11 -12 -13 -14
leaf_value=0.00038638209631526691 6.3708127235442391e-05 -0.00057137476211344758 -0.00015747694890460968 -1.9717232647589427e-05 0 -1.9991848326951014e-07 6.4158087447424134e-06 0.00018794957232395453 2.8458368327507928e-06 2.4786476580767976e-05 1.5125752465973111e-05 0 0
leaf_weight=302 450 188 333 1693 119 1770 268 55 1587 157 1507 102 416
leaf_count=302 450 188 333 1693 119 1770 268 55 1587 157 1507 102 416
internal_value=4.12786e-07 -1.25353e-05 0 -1.26451e-05 -2.15659e-06 -1.11879e-05 2.24585e-05 2.78636e-05 1.87692e-05 9.12744e-05 1.4e-05 6.23914e-07 2.18892e-06
internal_weight=8947 8645 8457 5422 5089 3463 3035 2249 2037 212 1626 786 684
internal_count=8947 8645 8457 5422 5089 3463 3035 2249 2037 212 1626 786 684
is_linear=0
shrinkage=0.05


Tree=28
num_leaves=14
num_cat=0
split_feature=0 5 19 17 17 17 17 17 13 17 13 17 19
split_gain=0.016819 0.0218029 0.000884716 0.00268407 0.000265229 7.91187e-05 7.77965e-05 0.000274716 0.000402796 9.1736e-05 9.44717e-06 1.08321e-06 2.83222e-06
threshold=2.5416666666666674 4.0000000000000009 0.52767307692307708 7.0395900374172458 7.6831204213495203 7.200356359288631 7.2226790386014175 7.200356359288631 1.0000000180025095e-35 7.2133000484419894 8.5000000000000018 7.6831204213495203 0.51167307692307695
decision_type=2 2 2 2 2 2 2 2 2 2 2 2 2
left_child=-1 2 6 -4 5 -5 7 8 -2 -9 -6 12 -8
right_child=1 -3 3 4 10 -7 11 9 -10 -11 -12 -13 -14
leaf_value=0.00036712673802786317 6.052978432898879e-05 -0.00054295718408726827 -0.00014962667986209656 -1.873195328936091e-05 0 -1.8992975757737066e-07 6.096210997407999e-06 0.00017871991864272527 2.7036341957373179e-06 2.3554997803065689e-05 1.4369965949241615e-05 0 0
leaf_weight=302 450 188 333 1693 119 1770 268 55 1587 157 1507 102 416
leaf_count=302 450 188 333 1693 119 1770 268 55 1587 157 1507 102 416
internal_value=4.40603e-07 -1.18317e-05 0 -1.20607e-05 -2.04912e-06 -1.0701e-05 2.16493e-05 2.68099e-05 1.7955e-05 8.79343e-05 1.32995e-05 5.14674e-07 2.06341e-06
internal_weight=8947 8645 8457 5422 5089 3463 3035 2249 2037 212 1626 786 684
internal_count=8947 8645 8457 5422 5089 3463 3035 2249 2037 212 1626 786 684
is_linear=0
shrinkage=0.05


Tree=29
num_leaves=11
num_cat=0
split_feature=2 5 19 17 17 15 19 19 17 12
split_gain=0.0151782 0.0196943 0.000816618 0.00242085 0.000241406 7.02082e-05 9.25462e-05 0.000146812 6.93698e-05 8.54265e-06
threshold=30.500000000000004 4.0000000000000009 0.52767307692307708 7.0395900374172458 7.6831204213495203 12.800000000000002 0.46442307692307699 0.47441346153846159 7.200356359288631 384.00000000000006
decision_type=2 2 2 2 2 2 2 2 2 2
left_child=-1 2 5 -4 8 -2 -7 -8 -5 -6
right_child=1 -3 3 4 9 6 7 -9 -10 -11
leaf_value=0.00034883099543576193 0 -0.00051595295680854371 -0.0001421677415512926 -1.7795911812115739e-05 0 0 5.4402800643068003e-05 1.593087278927024e-05 -1.8043855804608693e-07 1.3651943722774093e-05
leaf_weight=302 401 188 333 1693 119 267 552 1815 1770 1507
leaf_count=302 401 188 333 1693 119 267 552 1815 1770 1507
internal_value=4.67048e-07 -1.11632e-05 0 -1.15055e-05 -1.94702e-06 2.08804e-05 2.38527e-05 2.70335e-05 -1.02384e-05 1.2634e-05
internal_weight=8947 8645 8457 5422 5089 3035 2634 2367 3463 1626
internal_count=8947 8645 8457 5422 5089 3035 2634 2367 3463 1626
is_linear=0
shrinkage=0.05


Tree=30
num_leaves=14
num_cat=0
split_feature=1 5 19 17 17 17 17 12 17 17 12 17 17
split_gain=0.0137036 0.0177837 0.000742802 0.00218331 0.000219817 7.73819e-05 0.000257141 0.000356189 6.87235e-05 6.06588e-05 7.72546e-06 2.61098e-07 5.09597e-07
threshold=6.7534722222222232 4.0000000000000009 0.52767307692307708 7.0395900374172458 7.6831204213495203 7.2226790386014175 7.200356359288631 1.0000000180025095e-35 7.2133000484419894 7.200356359288631 384.00000000000006 7.6831204213495203 7.6318409637684832
decision_type=2 2 2 2 2 2 2 2 2 2 2 2 2
left_child=-1 2 5 -4 9 6 7 -2 -8 -5 -6 12 -7
right_child=1 -3 3 4 10 11 8 -9 -10 -11 -12 -13 -14
leaf_value=0.00033144700992521073 5.6231358498845977e-05 -0.00049029181691665174 -0.00013508063475434074 -1.690664166794076e-05 0 0 0.00016888636214259481 1.7840326564287957e-06 2.1593200066421605e-05 -1.7142146726696039e-07 1.2969799559333426e-05 0 1.7529824689035101e-06
leaf_weight=302 450 188 333 1693 119 58 55 1587 157 1770 1507 102 626
leaf_count=302 450 188 333 1693 119 58 55 1587 157 1770 1507 102 626
internal_value=4.10742e-07 -1.06122e-05 0 -1.0978e-05 -1.85002e-06 1.99096e-05 2.49168e-05 1.62872e-05 8.38937e-05 -9.79891e-06 1.20017e-05 0 9.76172e-07
internal_weight=8947 8645 8457 5422 5089 3035 2249 2037 212 3463 1626 786 684
internal_count=8947 8645 8457 5422 5089 3035 2249 2037 212 3463 1626 786 684
is_linear=0
shrinkage=0.05


Tree=31
num_leaves=14
num_cat=0
split_feature=0 5 19 17 17 17 17 12 17 17 12 17 17
split_gain=0.0123663 0.0160641 0.000686676 0.00196898 0.00020025 7.02431e-05 0.000237345 0.000318438 5.28799e-05 4.64515e-05 6.98713e-06 2.20007e-07 4.75662e-07
threshold=2.5416666666666674 4.0000000000000009 0.52767307692307708 7.0395900374172458 7.6831204213495203 7.2226790386014175 7.200356359288631 1.0000000180025095e-35 7.200356359288631 7.2133000484419894 384.00000000000006 7.6831204213495203 7.6318409637684832
decision_type=2 2 2 2 2 2 2 2 2 2 2 2 2
left_child=-1 2 5 -4 8 6 7 -2 -5 -8 -6 12 -7
right_child=1 -3 3 4 10 11 9 -9 -10 -11 -12 -13 -14
leaf_value=0.00031492935073263822 5.3426023809385893e-05 -0.0004659069237846231 -0.0001283468236075993 -1.6061802561820401e-05 0 0 0.00016059284979876663 1.694887518357563e-06 -1.6285521080324339e-07 2.0520374373403155e-05 1.2321739500402479e-05 0 1.6654731643213881e-06
leaf_weight=302 450 188 333 1693 119 58 55 1587 1770 157 1507 102 626
leaf_count=302 450 188 333 1693 119 58 55 1587 1770 157 1507 102 626
internal_value=4.36051e-07 -1.00071e-05 0 -1.04767e-05 -1.75787e-06 1.92194e-05 2.40098e-05 1.5597e-05 -9.38138e-06 8.09175e-05 1.14011e-05 0 8.96072e-07
internal_weight=8947 8645 8457 5422 5089 3035 2249 2037 3463 212 1626 786 684
internal_count=8947 8645 8457 5422 5089 3035 2249 2037 3463 212 1626 786 684
is_linear=0
shrinkage=0.05


Tree=32
num_leaves=12
num_cat=0
split_feature=0 5 19 17 17 19 19 17 17 17 13
split_gain=0.0111594 0.014511 0.000635426 0.00177557 0.00018251 7.33074e-05 0.000166815 0.000562215 7.33066e-05 4.59385e-05 6.32003e-06
threshold=2.5416666666666674 4.0000000000000009 0.52767307692307708 7.0395900374172458 7.6831204213495203 0.46442307692307699 0.47441346153846159 7.200356359288631 7.200356359288631 7.200356359288631 8.5000000000000018
decision_type=2 2 2 2 2 2 2 2 2 2 2
left_child=-1 2 5 -4 9 -2 7 -7 -8 -5 -6
right_child=1 -3 3 4 10 6 8 -9 -10 -11 -12
leaf_value=0.00029923486046142656 0 -0.00044273486567868127 -0.00012194870078161048 -1.5259191100133768e-05 0 0.00011359237785945197 2.2432328997397075e-06 0 2.7774608251694955e-05 -1.5471662206340984e-07 1.170606095452987e-05
leaf_weight=302 299 188 333 1693 119 212 1564 340 620 1770 1507
leaf_count=302 299 188 333 1693 119 212 1564 340 620 1770 1507
internal_value=4.60105e-07 -9.43224e-06 0 -1.00005e-05 -1.67033e-06 1.85634e-05 2.11945e-05 4.92778e-05 1.17889e-05 -8.98472e-06 1.08304e-05
internal_weight=8947 8645 8457 5422 5089 3035 2736 552 2184 3463 1626
internal_count=8947 8645 8457 5422 5089 3035 2736 552 2184 3463 1626
is_linear=0
shrinkage=0.05


Tree=33
num_leaves=10
num_cat=0
split_feature=0 5 19 18 19 19 6 18 12
split_gain=0.0100726 0.0131057 0.000583627 0.000710873 6.86637e-05 0.000148074 0.00035139 4.04941e-05 7.41353e-07
threshold=2.5416666666666674 4.0000000000000009 0.52767307692307708 2.5000000000000004 0.46442307692307699 0.47441346153846159 6.0000000000000009 2.5000000000000004 384.00000000000006
decision_type=2 2 2 2 2 2 2 2 2
left_child=-1 2 4 -4 -2 6 -6 -7 -5
right_child=1 -3 3 8 5 7 -8 -9 -10
leaf_value=0.00028432249429525435 0 -0.0004207152452211452 -3.2420654901833811e-05 0 9.6516268042202605e-05 1.4531791702777865e-05 0 0 3.7627513263647972e-06
leaf_weight=302 299 188 2119 119 225 1803 327 381 3184
leaf_count=302 299 188 2119 119 225 1803 327 381 3184
internal_value=4.4407e-07 -8.92623e-06 0 -9.54805e-06 1.78255e-05 2.03759e-05 4.71004e-05 1.13145e-05 3.61765e-06
internal_weight=8947 8645 8457 5422 3035 2736 552 2184 3303
internal_count=8947 8645 8457 5422 3035 2736 552 2184 3303
is_linear=0
shrinkage=0.05


Tree=34
num_leaves=12
num_cat=0
split_feature=0 5 19 17 17 19 19 17 17 17 12
split_gain=0.00908984 0.0118383 0.000529149 0.00156993 0.000149616 6.3858e-05 0.000134685 0.00045562 7.02138e-05 2.67207e-05 5.52989e-06
threshold=2.5416666666666674 4.0000000000000009 0.52767307692307708 7.0395900374172458 7.6831204213495203 0.46442307692307699 0.47441346153846159 7.200356359288631 7.200356359288631 7.200356359288631 384.00000000000006
decision_type=2 2 2 2 2 2 2 2 2 2 2
left_child=-1 2 5 -4 9 -2 7 -7 -8 -5 -6
right_child=1 -3 3 4 10 6 8 -9 -10 -11 -12
leaf_value=0.00027015328814357012 0 -0.0003997907652544281 -0.00011425333445428865 -1.2876604971780477e-05 0 0.00010313628070895941 1.4050173608157723e-06 0 2.6108477476805427e-05 -2.4001323674279705e-07 1.0933133477874075e-05
leaf_weight=302 299 188 333 1693 119 212 1564 340 620 1770 1507
leaf_count=302 299 188 333 1693 119 212 1564 340 620 1770 1507
internal_value=4.5542e-07 -8.41792e-06 0 -9.0251e-06 -1.13605e-06 1.70363e-05 1.95005e-05 4.51369e-05 1.0715e-05 -7.86317e-06 1.0114e-05
internal_weight=8947 8645 8457 5422 5089 3035 2736 552 2184 3463 1626
internal_count=8947 8645 8457 5422 5089 3035 2736 552 2184 3463 1626
is_linear=0
shrinkage=0.05


Tree=35
num_leaves=13
num_cat=0
split_feature=0 6 17 12 17 17 17 17 17 12 7 15
split_gain=0.00820444 0.010692 0.000413747 0.000248792 0.00028587 0.000191197 0.000181841 0.000306662 0.000129601 0.000116195 1.97755e-05 4.71732e-10
threshold=2.5416666666666674 7.5000000000000009 7.0395900374172458 384.00000000000006 7.200356359288631 7.1783939000347887 7.200356359288631 7.2226790386014175 6.9309201606284425 1.0000000180025095e-35 10.500000000000002 13.650000000000002
decision_type=2 2 2 2 2 2 2 2 2 2 2 2
left_child=-1 2 8 4 5 -4 10 -8 -2 -10 -5 -6
right_child=1 -3 3 6 11 -7 7 -9 9 -11 -12 -13
leaf_value=0.00025669019883106653 0 -0.0003799069947784855 0 0 4.9619201897042742e-08 9.5818063893983538e-05 6.0177153316770443e-05 2.718567825081796e-06 0 -4.4991627823384043e-05 -1.2233155658452112e-05 0
leaf_weight=302 158 188 141 887 478 214 273 3612 236 734 1693 31
leaf_count=302 158 188 141 887 478 214 273 3612 236 734 1693 31
internal_value=4.39325e-07 -7.96276e-06 0 4.68716e-06 3.00533e-05 6.48235e-05 5.19758e-07 8.05731e-06 -2.78127e-05 -3.51154e-05 -8.89189e-06 0
internal_weight=8947 8645 8457 7329 864 355 6465 3885 1128 970 2580 509
internal_count=8947 8645 8457 7329 864 355 6465 3885 1128 970 2580 509
is_linear=0
shrinkage=0.05


Tree=36
num_leaves=12
num_cat=0
split_feature=0 5 19 17 17 17 17 19 17 17 12
split_gain=0.00740406 0.0096579 0.000468725 0.00135865 0.000131725 5.87438e-05 0.000193064 0.000140333 5.38157e-05 1.80974e-05 4.87859e-06
threshold=2.5416666666666674 4.0000000000000009 0.52767307692307708 7.0395900374172458 7.6831204213495203 7.2226790386014175 7.200356359288631 0.51805769230769239 7.2133000484419894 7.2226790386014175 384.00000000000006
decision_type=2 2 2 2 2 2 2 2 2 2 2
left_child=-1 2 5 -4 9 6 7 -2 -8 -5 -6
right_child=1 -3 3 4 10 -7 8 -9 -10 -11 -12
leaf_value=0.00024389804906934875 2.4163160054326677e-05 -0.00036101215090306979 -0.0001063149359110676 -1.1505192960612477e-05 0 0 0.00014662091570374157 0 1.3111940470135099e-05 -1.4478465938895077e-07 1.0251000889140648e-05
leaf_weight=302 1150 188 333 1762 119 786 55 887 157 1701 1507
leaf_count=302 1150 188 333 1762 119 786 55 887 157 1701 1507
internal_value=4.4413e-07 -7.50949e-06 0 -8.41097e-06 -1.00265e-06 1.61123e-05 2.03854e-05 1.25539e-05 7.17486e-05 -7.37012e-06 9.48161e-06
internal_weight=8947 8645 8457 5422 5089 3035 2249 2037 212 3463 1626
internal_count=8947 8645 8457 5422 5089 3035 2249 2037 212 3463 1626
is_linear=0
shrinkage=0.05


Tree=37
num_leaves=10
num_cat=0
split_feature=0 5 19 18 19 19 6 18 12
split_gain=0.00668284 0.00872278 0.000431451 0.000503983 5.91614e-05 0.000101 0.000225567 3.80819e-05 4.71184e-07
threshold=2.5416666666666674 4.0000000000000009 0.52767307692307708 2.5000000000000004 0.46442307692307699 0.47441346153846159 6.0000000000000009 2.5000000000000004 384.00000000000006
decision_type=2 2 2 2 2 2 2 2 2
left_child=-1 2 4 -4 -2 6 -6 -7 -5
right_child=1 -3 3 8 5 7 -8 -9 -10
leaf_value=0.00023174339466245343 0 -0.00034305704205676358 -2.7332865751836749e-05 0 8.0987488552443769e-05 1.3012502686191038e-05 0 0 2.9477487934835174e-06
leaf_weight=302 299 188 2119 119 225 1803 327 381 3184
leaf_count=302 299 188 2119 119 225 1803 327 381 3184
internal_value=4.26115e-07 -7.10217e-06 0 -8.03781e-06 1.5488e-05 1.78919e-05 4.07527e-05 9.80958e-06 2.83191e-06
internal_weight=8947 8645 8457 5422 3035 2736 552 2184 3303
internal_count=8947 8645 8457 5422 3035 2736 552 2184 3303
is_linear=0
shrinkage=0.05


Tree=38
num_leaves=12
num_cat=0
split_feature=2 5 19 17 17 19 19 17 17 17 12
split_gain=0.00603055 0.00787945 0.00039103 0.00120241 0.000108034 5.52157e-05 9.21393e-05 0.000321564 5.38216e-05 7.07939e-06 4.28564e-06
threshold=30.500000000000004 4.0000000000000009 0.52767307692307708 7.0395900374172458 7.6831204213495203 0.46442307692307699 0.47441346153846159 7.200356359288631 7.200356359288631 7.2226790386014175 384.00000000000006
decision_type=2 2 2 2 2 2 2 2 2 2 2
left_child=-1 2 5 -4 9 -2 7 -7 -8 -5 -6
right_child=1 -3 3 4 10 6 8 -9 -10 -11 -12
leaf_value=0.0002201944695498061 0 -0.00032599495341952044 -9.9652552256405266e-05 -9.5643900611412255e-06 0 8.8002408894015044e-05 7.2112882166904508e-07 0 2.27573143568285e-05 -2.6349949599987868e-07 9.5915013428781178e-06
leaf_weight=302 299 188 333 1762 119 212 1564 340 620 1701 1507
leaf_count=302 299 188 333 1762 119 212 1564 340 620 1701 1507
internal_value=4.33698e-07 -6.68959e-06 0 -7.59034e-06 -5.6551e-07 1.48015e-05 1.71304e-05 3.91051e-05 9.2727e-06 -6.44067e-06 8.87034e-06
internal_weight=8947 8645 8457 5422 5089 3035 2736 552 2184 3463 1626
internal_count=8947 8645 8457 5422 5089 3035 2736 552 2184 3463 1626
is_linear=0
shrinkage=0.05


Tree=39
num_leaves=12
num_cat=0
split_feature=0 5 17 13 17 17 17 17 17 13 15
split_gain=0.00544298 0.00711666 0.000314692 0.000182763 0.000202922 0.000133845 0.000126733 0.00025988 9.88906e-05 7.45044e-05 4.25832e-10
threshold=2.5416666666666674 4.0000000000000009 7.0395900374172458 8.5000000000000018 7.200356359288631 7.1783939000347887 7.200356359288631 7.2226790386014175 6.9309201606284425 1.0000000180025095e-35 13.650000000000002
decision_type=2 2 2 2 2 2 2 2 2 2 2
left_child=-1 2 8 4 5 -4 -5 -8 -2 -10 -6
right_child=1 -3 3 6 10 -7 7 -9 9 -11 -12
leaf_value=0.00020922108225139449 0 -0.00030978144525929734 0 -7.1391898908023424e-06 4.7143465894662576e-08 8.1515303986190381e-05 5.4823981162418117e-05 1.9241224187189808e-06 0 -3.8482711457197567e-05 0
leaf_weight=302 158 188 141 2580 478 214 273 3612 236 734 31
leaf_count=302 158 188 141 2580 478 214 273 3612 236 734 31
internal_value=4.16516e-07 -6.32281e-06 0 4.23944e-06 2.60436e-05 5.54351e-05 5.4862e-07 6.94123e-06 -2.40863e-05 -3.04821e-05 0
internal_weight=8947 8645 8457 7329 864 355 6465 3885 1128 970 509
internal_count=8947 8645 8457 7329 864 355 6465 3885 1128 970 509
is_linear=0
shrinkage=0.05


Tree=40
num_leaves=12
num_cat=0
split_feature=0 5 17 8 12 17 17 17 17 12 15
split_gain=0.00491126 0.00642903 0.000284689 0.000914243 0.00016834 0.000182939 0.000116208 0.000115718 0.000233315 4.44181e-06 3.84395e-10
threshold=2.5416666666666674 4.0000000000000009 7.0395900374172458 3.5000000000000004 384.00000000000006 7.200356359288631 7.1783939000347887 7.200356359288631 7.2226790386014175 384.00000000000006 13.650000000000002
decision_type=2 2 2 2 2 2 2 2 2 2 2
left_child=-1 2 3 9 5 6 -4 -6 -9 -2 -7
right_child=1 -3 4 -5 7 10 -8 8 -10 -11 -12
leaf_value=0.00019879454847481124 0 -0.00029437433691724895 0 -9.2766461503541409e-05 -6.7823686887676477e-06 4.4791033639638698e-08 7.7458491657189166e-05 5.2092786141510642e-05 1.8279417505847034e-06 4.5579724777767388e-06 0
leaf_weight=302 259 188 141 333 2580 478 214 273 3612 536 31
leaf_count=302 259 188 141 333 2580 478 214 273 3612 536 31
internal_value=4.29568e-07 -5.9439e-06 0 -2.28353e-05 4.09643e-06 2.5034e-05 5.29851e-05 5.21572e-07 6.65923e-06 2.54907e-07 0
internal_weight=8947 8645 8457 1128 7329 864 355 6465 3885 795 509
internal_count=8947 8645 8457 1128 7329 864 355 6465 3885 795 509
is_linear=0
shrinkage=0.05


Tree=41
num_leaves=11
num_cat=0
split_feature=0 5 19 17 17 19 17 19 12 17
split_gain=0.00443098 0.00580829 0.000329253 0.000937639 9.45201e-05 4.91398e-05 7.26338e-05 0.000166234 3.7288e-06 1.9122e-06
threshold=2.5416666666666674 4.0000000000000009 0.52767307692307708 7.0395900374172458 7.6831204213495203 0.46442307692307699 7.2226790386014175 0.47441346153846159 384.00000000000006 7.2226790386014175
decision_type=2 2 2 2 2 2 2 2 2 2
left_child=-1 2 5 -4 9 -2 7 -7 -6 -5
right_child=1 -3 3 4 8 6 -8 -9 -10 -11
leaf_value=0.00018888762746338206 0 -0.00027973347779599922 -8.814202467520571e-05 -8.6272287500984723e-06 0 6.8120525568319122e-05 0 1.225346675962094e-05 8.9247651909313117e-06 -4.3782500418431228e-07
leaf_weight=302 299 188 333 1762 119 220 748 1768 1507 1701
leaf_count=302 299 188 333 1762 119 220 748 1768 1507 1701
internal_value=4.50979e-07 -5.57455e-06 0 -6.81696e-06 -4.96841e-07 1.37155e-05 1.59233e-05 2.09809e-05 8.25204e-06 -6.04936e-06
internal_weight=8947 8645 8457 5422 5089 3035 2736 1988 1626 3463
internal_count=8947 8645 8457 5422 5089 3035 2736 1988 1626 3463
is_linear=0
shrinkage=0.05


Tree=42
num_leaves=13
num_cat=0
split_feature=1 5 19 17 17 19 15 17 17 17 12 17
split_gain=0.00400049 0.00524487 0.000301091 0.000845183 8.64551e-05 4.59515e-05 6.68456e-05 3.45859e-05 3.44699e-05 0.000220596 3.37565e-06 5.6987e-07
threshold=6.7534722222222232 4.0000000000000009 0.52767307692307708 7.0395900374172458 7.6831204213495203 0.46442307692307699 12.800000000000002 7.6831204213495203 7.7370665455226684 7.9877857129513661 384.00000000000006 7.2226790386014175
decision_type=2 2 2 2 2 2 2 2 2 2 2 2
left_child=8 2 5 -4 11 -2 -7 -8 -1 -10 -6 -5
right_child=1 -3 3 4 10 6 7 -9 9 -11 -12 -13
leaf_value=0.00021149475024455157 0 -0.00026582080920143101 -8.374811967132157e-05 -8.1961117355834177e-06 0 0 1.9822868983396302e-05 0 0 0.00016304793149734346 8.4788230408677257e-06 -4.1594882103517778e-07
leaf_weight=216 299 188 333 1762 119 369 2265 102 61 25 1507 1701
leaf_count=216 299 188 333 1762 119 369 2265 102 61 25 1507 1701
internal_value=3.99251e-07 -5.2982e-06 0 -6.52332e-06 -4.7232e-07 1.31119e-05 1.52538e-05 1.84257e-05 0.000179474 4.00734e-05 7.83871e-06 -5.81919e-06
internal_weight=8947 8645 8457 5422 5089 3035 2736 2367 302 86 1626 3463
internal_count=8947 8645 8457 5422 5089 3035 2736 2367 302 86 1626 3463
is_linear=0
shrinkage=0.05


Tree=43
num_leaves=13
num_cat=0
split_feature=0 5 17 12 17 17 17 17 17 12 17 17
split_gain=0.00364431 0.00473406 0.000214129 0.000137002 0.000146102 9.85359e-05 0.000204886 9.26478e-05 7.00266e-05 4.52705e-05 3.24323e-07 0.000200993
threshold=2.5416666666666674 4.0000000000000009 7.0395900374172458 384.00000000000006 7.200356359288631 7.200356359288631 7.2226790386014175 7.1783939000347887 6.9309201606284425 1.0000000180025095e-35 7.7370665455226684 7.9877857129513661
decision_type=2 2 2 2 2 2 2 2 2 2 2 2
left_child=10 2 8 4 7 -5 -7 -4 -2 -10 -1 -12
right_child=1 -3 3 5 -6 6 -8 -9 9 -11 11 -13
leaf_value=0.00020096873306596334 0 -0.00025260010884493276 0 -6.4427969188468038e-06 0 4.8515395558546271e-05 1.3841103842698651e-06 6.9267783595552282e-05 0 -3.1535349559786474e-05 0 0.00015520907714604759
leaf_weight=216 158 188 141 2580 509 273 3612 214 236 734 61 25
leaf_count=216 158 188 141 2580 509 273 3612 214 236 734 61 25
internal_value=3.18652e-07 -5.09386e-06 0 3.55475e-06 2.24175e-05 2.57524e-07 5.99434e-06 4.74032e-05 -1.98019e-05 -2.52233e-05 0.000171263 3.77308e-05
internal_weight=8947 8645 8457 7329 864 6465 3885 355 1128 970 302 86
internal_count=8947 8645 8457 7329 864 6465 3885 355 1128 970 302 86
is_linear=0
shrinkage=0.05


Tree=44
num_leaves=11
num_cat=0
split_feature=0 5 17 12 17 17 17 17 17 12
split_gain=0.00331693 0.00427687 0.000193968 0.000126249 0.00013165 9.00867e-05 0.000183842 8.00883e-05 6.50843e-05 3.96035e-05
threshold=2.5416666666666674 4.0000000000000009 7.0395900374172458 384.00000000000006 7.200356359288631 7.200356359288631 7.2226790386014175 7.1783939000347887 6.9309201606284425 1.0000000180025095e-35
decision_type=2 2 2 2 2 2 2 2 2 2
left_child=-1 2 8 4 7 -5 -7 -4 -2 -10
right_child=1 -3 3 5 -6 6 -8 -9 9 -11
leaf_value=0.00016345979890205188 0 -0.00024003692197973136 0 -6.1207807057507199e-06 0 4.6098479387362284e-05 1.3149237994669739e-06 6.5820493627079699e-05 0 -2.996072975592371e-05
leaf_weight=302 158 188 141 2580 509 273 3612 214 236 734
leaf_count=302 158 188 141 2580 509 273 3612 214 236 734
internal_value=3.57216e-07 -4.78047e-06 0 3.44257e-06 2.15607e-05 2.44984e-07 5.7596e-06 4.53213e-05 -1.87768e-05 -2.40314e-05
internal_weight=8947 8645 8457 7329 864 6465 3885 355 1128 970
internal_count=8947 8645 8457 7329 864 6465 3885 355 1128 970
is_linear=0
shrinkage=0.05


Tree=45
num_leaves=13
num_cat=0
split_feature=1 5 17 12 17 17 17 17 17 12 17 17
split_gain=0.00299264 0.00386389 0.00017576 0.000116435 0.000118591 8.24155e-05 0.000164887 6.89041e-05 6.05318e-05 3.45477e-05 4.02407e-06 0.000177347
threshold=6.7534722222222232 4.0000000000000009 7.0395900374172458 384.00000000000006 7.200356359288631 7.200356359288631 7.2226790386014175 7.1783939000347887 6.9309201606284425 1.0000000180025095e-35 7.7370665455226684 7.9877857129513661
decision_type=2 2 2 2 2 2 2 2 2 2 2 2
left_child=10 2 8 4 7 -5 -7 -4 -2 -10 -1 -12
right_child=1 -3 3 5 -6 6 -8 -9 9 -11 11 -13
leaf_value=0.00018283128343556885 0 -0.00022809858376002582 0 -5.8148622272228733e-06 0 4.3801970096486861e-05 1.2491961500433681e-06 6.2544782624341719e-05 0 -2.8464729843825916e-05 0 0.00013988845968224969
leaf_weight=216 158 188 141 2580 509 273 3612 214 236 734 61 25
leaf_count=216 158 188 141 2580 509 273 3612 214 236 734 61 25
internal_value=3.69089e-07 -4.48271e-06 0 3.33596e-06 2.07465e-05 2.33054e-07 5.53656e-06 4.3343e-05 -1.78029e-05 -2.2899e-05 0.000155314 2.74217e-05
internal_weight=8947 8645 8457 7329 864 6465 3885 355 1128 970 302 86
internal_count=8947 8645 8457 7329 864 6465 3885 355 1128 970 302 86
is_linear=0
shrinkage=0.05


Tree=46
num_leaves=11
num_cat=0
split_feature=0 5 17 8 12 17 17 17 17 12
split_gain=0.00272308 0.00349086 0.000159317 0.000625166 0.000107473 0.000106789 7.54489e-05 0.000147816 5.89538e-05 7.1742e-06
threshold=2.5416666666666674 4.0000000000000009 7.0395900374172458 3.5000000000000004 384.00000000000006 7.200356359288631 7.200356359288631 7.2226790386014175 7.1783939000347887 384.00000000000006
decision_type=2 2 2 2 2 2 2 2 2 2
left_child=-1 2 3 9 5 8 -6 -8 -4 -2
right_child=1 -3 4 -5 6 -7 7 -9 -10 -11
leaf_value=0.00014821992823223988 0 -0.00021675399755911222 0 -7.5088679514446132e-05 -5.5242308665984215e-06 0 4.1619864989022801e-05 1.186753609488105e-06 5.9432088159197996e-05 5.988024935660471e-06
leaf_weight=302 259 188 141 333 2580 509 273 3612 214 536
leaf_count=302 259 188 141 333 2580 509 273 3612 214 536
internal_value=4.02251e-07 -4.19978e-06 0 -1.68776e-05 3.23465e-06 1.99728e-05 2.21705e-07 5.32465e-06 4.14631e-05 1.28746e-06
internal_weight=8947 8645 8457 1128 7329 864 6465 3885 355 795
internal_count=8947 8645 8457 1128 7329 864 6465 3885 355 795
is_linear=0
shrinkage=0.05


Tree=47
num_leaves=11
num_cat=0
split_feature=0 5 12 8 7 6 8 18 7 6
split_gain=0.00245638 0.00315421 7.91341e-05 5.37449e-05 4.87699e-05 0.000132348 0.00016104 4.76829e-05 3.77214e-05 1.88469e-05
threshold=2.5416666666666674 4.0000000000000009 384.00000000000006 3.5000000000000004 10.500000000000002 6.0000000000000009 3.5000000000000004 2.5000000000000004 10.500000000000002 6.0000000000000009
decision_type=2 2 2 2 2 2 2 2 2 2
left_child=-1 2 3 -2 9 6 -6 8 -5 -4
right_child=1 -3 4 7 5 -7 -8 -9 -10 -11
leaf_value=0.00014083339352461913 0 -0.00020597363287514007 9.0361665630732378e-06 0 5.6891810271222993e-06 1.6733162672571503e-06 -1.9371668601741237e-05 0 4.4622589507593721e-05 0
leaf_weight=302 259 188 1135 101 536 3175 2119 496 267 369
leaf_count=302 259 188 1135 101 536 3175 2119 496 267 369
internal_value=4.22744e-07 -3.91971e-06 4.63593e-09 1.28557e-05 -1.28297e-06 -3.89271e-06 -1.24295e-05 1.92376e-05 3.45051e-05 5.50686e-06
internal_weight=8947 8645 8457 1123 7334 5830 2655 864 368 1504
internal_count=8947 8645 8457 1123 7334 5830 2655 864 368 1504
is_linear=0
shrinkage=0.05


Tree=48
num_leaves=12
num_cat=0
split_feature=0 5 19 17 17 19 17 19 15 17 12
split_gain=0.0022152 0.00285056 0.000216141 0.000600785 6.58661e-05 4.13765e-05 0.000143877 3.68227e-05 4.68381e-05 2.8052e-05 2.81153e-06
threshold=2.5416666666666674 4.0000000000000009 0.52767307692307708 7.0395900374172458 7.6831204213495203 0.53667307692307709 7.9877857129513661 0.4458076923076924 12.800000000000002 7.6831204213495203 384.00000000000006
decision_type=2 2 2 2 2 2 2 2 2 2 2
left_child=5 2 7 -4 -5 -1 -7 -2 -9 -10 -6
right_child=1 -3 3 4 10 6 -8 8 9 -11 -12
leaf_value=0.00015947712053145682 0 -0.00019572944365560063 -7.0379804108782623e-05 -4.8638726145104738e-06 0 0 0.00011926627100015489 0 1.7129239090316459e-05 0 7.7149733673751512e-06
leaf_weight=216 259 188 333 3463 119 61 25 401 2273 102 1507
leaf_count=216 259 188 333 3463 119 61 25 401 2273 102 1507
internal_value=4.60225e-07 -3.63496e-06 6.68031e-08 -5.30216e-06 -4.84788e-08 0.000133815 1.07977e-05 1.13039e-05 1.31471e-05 1.58524e-05 7.13073e-06
internal_weight=8947 8645 8457 5422 5089 302 86 3035 2776 2375 1626
internal_count=8947 8645 8457 5422 5089 302 86 3035 2776 2375 1626
is_linear=0
shrinkage=0.05


Tree=49
num_leaves=13
num_cat=0
split_feature=1 5 17 8 12 17 17 17 17 17 17 12
split_gain=0.00201589 0.00257339 0.000130117 0.000494077 8.4835e-05 8.59794e-05 6.28629e-05 0.000128896 4.80482e-05 1.92992e-05 0.000131029 4.41553e-06
threshold=6.7534722222222232 4.0000000000000009 7.0395900374172458 3.5000000000000004 384.00000000000006 7.200356359288631 7.200356359288631 7.2226790386014175 7.1783939000347887 7.7370665455226684 7.9877857129513661 384.00000000000006
decision_type=2 2 2 2 2 2 2 2 2 2 2 2
left_child=9 2 3 11 5 8 -6 -8 -4 -1 -11 -2
right_child=1 -3 4 -5 6 -7 7 -9 -10 10 -12 -13
leaf_value=0.00015144541766279925 0 -0.00018599474664639546 0 -6.6871349302449545e-05 -4.902871422632355e-06 0 3.8877580606762701e-05 1.0001420948219019e-06 5.3421818174768328e-05 0 0.00011353229745649373 4.5503852446693609e-06
leaf_weight=216 259 188 141 333 2580 509 273 3612 214 61 25 536
leaf_count=216 259 188 141 333 2580 509 273 3612 214 61 25 536
internal_value=3.99246e-07 -3.48162e-06 6.0254e-09 -1.51304e-05 3.01953e-06 1.7944e-05 2.49251e-07 4.95779e-06 3.72309e-05 0.000127639 9.32003e-06 3.17598e-07
internal_weight=8947 8645 8457 1128 7329 864 6465 3885 355 302 86 795
internal_count=8947 8645 8457 1128 7329 864 6465 3885 355 302 86 795
is_linear=0
shrinkage=0.05


Tree=50
num_leaves=13
num_cat=0
split_feature=0 5 12 8 11 7 6 8 6 8 7 5
split_gain=0.00183284 0.00232534 6.09175e-05 3.73064e-05 3.42749e-05 3.02912e-05 9.43166e-05 0.000121318 1.26909e-05 6.81748e-06 4.14294e-06 1.09773e-07
threshold=2.5416666666666674 4.0000000000000009 1.0000000180025095e-35 3.5000000000000004 4.5000000000000009 10.500000000000002 6.0000000000000009 3.5000000000000004 6.0000000000000009 3.5000000000000004 10.500000000000002 4.0000000000000009
decision_type=2 2 2 2 2 2 2 2 2 2 2 2
left_child=11 2 3 -2 10 8 7 -7 9 -4 -5 -1
right_child=1 -3 5 4 -6 6 -8 -9 -10 -11 -12 -13
leaf_value=0.00013433308875465013 0 -0.00017674421708015775 0 0 0 4.6937356519800445e-06 1.4843718113057108e-06 -1.6310799611514166e-05 0 7.7935334625899013e-06 2.4650537033222626e-05 0
leaf_weight=248 236 188 15.999999999999998 40 131 543 3175 2161 369 1234 552 54
leaf_count=248 236 188 16 40 131 543 3175 2161 369 1234 552 54
internal_value=4.34095e-07 -3.23996e-06 4.6343e-08 1.23625e-05 1.82064e-05 -8.63592e-07 -3.06058e-06 -1.02442e-05 4.02476e-06 6.80722e-06 2.34349e-05 0.000121772
internal_weight=8947 8645 8457 959 723 7498 5879 2704 1619 1250 592 302
internal_count=8947 8645 8457 959 723 7498 5879 2704 1619 1250 592 302
is_linear=0
shrinkage=0.05


Tree=51
num_leaves=10
num_cat=0
split_feature=0 5 19 17 17 19 17 17 19
split_gain=0.00166939 0.00210103 0.000164998 0.000481005 5.30678e-05 3.1012e-05 4.23587e-05 6.16744e-05 2.46378e-06
threshold=2.5416666666666674 4.0000000000000009 0.52767307692307708 7.0395900374172458 7.6831204213495203 0.4458076923076924 7.2226790386014175 7.200356359288631 0.537423076923077
decision_type=2 2 2 2 2 2 2 2 2
left_child=-1 2 5 -4 -5 -2 7 -7 -6
right_child=1 -3 3 4 8 6 -8 -9 -10
leaf_value=0.00011627472669313425 0 -0.00016795376098897093 -6.2724695541661706e-05 -4.1804804237533764e-06 0 8.8493418122682068e-06 0 4.8414596073338191e-05 7.2053375519056796e-06
leaf_weight=302 259 188 333 3463 119 1778 786 212 1507
leaf_count=302 259 188 333 3463 119 1778 786 212 1507
internal_value=4.60219e-07 -3.02026e-06 7.44929e-08 -4.53588e-06 0 9.95656e-06 1.16747e-05 1.55978e-05 6.65837e-06
internal_weight=8947 8645 8457 5422 5089 3035 2776 1990 1626
internal_count=8947 8645 8457 5422 5089 3035 2776 1990 1626
is_linear=0
shrinkage=0.05


Tree=52
num_leaves=12
num_cat=0
split_feature=0 15 19 17 17 19 17 17 19 17 17
split_gain=0.0015067 0.0018977 0.000150535 0.00043424 4.7888e-05 2.92461e-05 3.8375e-05 5.27429e-05 2.30975e-05 0.000109231 3.28014e-06
threshold=2.5416666666666674 14.800000000000002 0.52767307692307708 7.0395900374172458 7.6831204213495203 0.4458076923076924 7.2226790386014175 7.200356359288631 0.53667307692307709 7.9877857129513661 7.6893425732886129
decision_type=2 2 2 2 2 2 2 2 2 2 2
left_child=8 2 5 -4 -5 -2 7 -7 -1 -10 -6
right_child=1 -3 3 4 10 6 -8 -9 9 -11 -12
leaf_value=0.00013156488002385208 0 -0.00015960050411719496 -5.9597850874802493e-05 -3.9715158907605617e-06 1.6326634801801419e-05 8.407122618283192e-06 0 4.6005233931803349e-05 0 0.00010248388880147383 6.1481413339979166e-07
leaf_weight=216 259 188 333 3463 272 1778 786 212 61 25 1354
leaf_count=216 259 188 333 3463 272 1778 786 212 61 25 1354
internal_value=4.32102e-07 -2.84629e-06 6.56722e-08 -4.30993e-06 0 9.5284e-06 1.12066e-05 1.49449e-05 0.00011048 0 6.32467e-06
internal_weight=8947 8645 8457 5422 5089 3035 2776 1990 302 86 1626
internal_count=8947 8645 8457 5422 5089 3035 2776 1990 302 86 1626
is_linear=0
shrinkage=0.05


Tree=53
num_leaves=12
num_cat=0
split_feature=0 5 19 17 17 19 17 17 19 17 19
split_gain=0.00136922 0.00171462 0.000136575 0.000392844 4.44407e-05 2.76068e-05 3.47681e-05 4.48003e-05 1.10066e-05 9.89802e-05 2.14298e-06
threshold=2.5416666666666674 4.0000000000000009 0.52767307692307708 7.0395900374172458 7.6831204213495203 0.4458076923076924 7.2226790386014175 7.200356359288631 0.53667307692307709 7.9877857129513661 0.537423076923077
decision_type=2 2 2 2 2 2 2 2 2 2 2
left_child=8 2 5 -4 -5 -2 7 -7 -1 -10 -6
right_child=1 -3 3 4 10 6 -8 -9 9 -11 -12
leaf_value=0.0001250169603883671 0 -0.00015166269995952177 -5.6626878080688824e-05 -3.7729985148249767e-06 0 7.9870033136626817e-06 0 4.3715769802154581e-05 0 9.7556775525355562e-05 6.6728911622882411e-06
leaf_weight=216 259 188 333 3463 119 1778 786 212 61 25 1507
leaf_count=216 259 188 333 3463 119 1778 786 212 61 25 1507
internal_value=4.4691e-07 -2.65181e-06 8.71023e-08 -4.04877e-06 0 9.1216e-06 1.07618e-05 1.43246e-05 0.000105368 0 6.16262e-06
internal_weight=8947 8645 8457 5422 5089 3035 2776 1990 302 86 1626
internal_count=8947 8645 8457 5422 5089 3035 2776 1990 302 86 1626
is_linear=0
shrinkage=0.05


Tree=54
num_leaves=12
num_cat=0
split_feature=0 5 19 17 17 19 16 17 17 19 19
split_gain=0.00124526 0.00154872 0.000124746 0.000354649 4.01014e-05 2.6084e-05 3.16262e-05 2.19447e-05 2.90932e-06 5.6155e-07 6.05907e-05
threshold=2.5416666666666674 4.0000000000000009 0.52767307692307708 7.0395900374172458 7.6831204213495203 0.4458076923076924 1.5000000000000002 7.6831204213495203 7.6893425732886129 0.53667307692307709 0.65192307692307705
decision_type=2 2 2 2 2 2 2 2 2 2 2
left_child=9 2 5 -4 -5 -2 -7 -8 -6 -1 -11
right_child=1 -3 3 4 8 6 7 -9 -10 10 -12
leaf_value=0.00011879491529637769 0 -0.00014411969101746326 -5.3804012292209726e-05 -3.5844054171511894e-06 1.5180869746079921e-05 0 1.3763770413881525e-05 0 2.7999923887159538e-07 0 7.9445138496036331e-05
leaf_weight=216 259 188 333 3463 272 401 2273 102 1354 63 23
leaf_count=216 259 188 333 3463 272 401 2273 102 1354 63 23
internal_value=4.3276e-07 -2.49619e-06 7.76306e-08 -3.84716e-06 0 8.73509e-06 1.03393e-05 1.25785e-05 5.85358e-06 0.000100509 0
internal_weight=8947 8645 8457 5422 5089 3035 2776 2375 1626 302 86
internal_count=8947 8645 8457 5422 5089 3035 2776 2375 1626 302 86
is_linear=0
shrinkage=0.05


Tree=55
num_leaves=9
num_cat=0
split_feature=0 5 19 18 19 16 7 12
split_gain=0.00113524 0.0013985 0.0001103 0.000133132 2.41066e-05 2.88835e-05 5.04815e-07 1.32294e-07
threshold=2.5416666666666674 4.0000000000000009 0.52767307692307708 2.5000000000000004 0.4458076923076924 1.5000000000000002 10.500000000000002 384.00000000000006
decision_type=2 2 2 2 2 2 2 2
left_child=-1 2 4 -4 -2 -6 -7 -5
right_child=1 -3 3 7 5 6 -8 -9
leaf_value=9.5973631786643574e-05 0 -0.00013695183660953291 -1.3692342469179289e-05 0 0 3.3293476080520819e-06 1.6953063473135488e-05 1.4108309579702107e-06
leaf_weight=302 259 188 2119 119 401 1245 1130 3184
leaf_count=302 259 188 2119 119 401 1245 1130 3184
internal_value=4.00037e-07 -2.37109e-06 4.53319e-08 -3.60909e-06 8.21986e-06 9.77598e-06 1.19202e-05 1.34857e-06
internal_weight=8947 8645 8457 5422 3035 2776 2375 3303
internal_count=8947 8645 8457 5422 3035 2776 2375 3303
is_linear=0
shrinkage=0.05


Tree=56
num_leaves=10
num_cat=0
split_feature=0 8 19 18 19 15 19 19 12
split_gain=0.0010243 0.00126344 9.93859e-05 0.000120831 2.26728e-05 2.6918e-05 6.55285e-06 4.84477e-05 1.21335e-07
threshold=2.5416666666666674 4.5000000000000009 0.52767307692307708 2.5000000000000004 0.4458076923076924 12.800000000000002 0.53667307692307709 0.65192307692307705 384.00000000000006
decision_type=2 2 2 2 2 2 2 2 2
left_child=6 2 4 -4 -2 -6 -1 -8 -5
right_child=1 -3 3 8 5 -7 7 -9 -10
leaf_value=0.00010810597251439769 0 -0.00013014047271103928 -1.3008047321612672e-05 0 0 1.142979019293157e-05 0 7.1039655401060973e-05 1.3403112834381245e-06
leaf_weight=216 259 188 2119 119 401 2375 63 23 3184
leaf_count=216 259 188 2119 119 401 2375 63 23 3184
internal_value=3.88766e-07 -2.21514e-06 5.25441e-08 -3.38299e-06 7.8361e-06 9.35642e-06 9.11908e-05 0 1.28059e-06
internal_weight=8947 8645 8457 5422 3035 2776 302 86 3303
internal_count=8947 8645 8457 5422 3035 2776 302 86 3303
is_linear=0
shrinkage=0.05


Tree=57
num_leaves=10
num_cat=0
split_feature=0 6 19 17 17 19 17 17 17
split_gain=0.000933512 0.00114102 8.80739e-05 0.000309438 3.10545e-05 2.10446e-05 2.8038e-05 4.60199e-05 1.9832e-06
threshold=2.5416666666666674 7.5000000000000009 0.52767307692307708 7.0395900374172458 7.6831204213495203 0.4458076923076924 7.2226790386014175 7.200356359288631 7.6893425732886129
decision_type=2 2 2 2 2 2 2 2 2
left_child=-1 2 5 -4 -5 -2 7 -7 -6
right_child=1 -3 3 4 8 6 -8 -9 -10
leaf_value=8.7067884947834154e-05 0 -0.00012366787856937482 -4.9790841123663608e-05 -2.7835092515334884e-06 1.4287553527844461e-05 5.860039434674369e-06 0 4.0095210566727596e-05 1.4063501601755308e-07
leaf_weight=302 259 188 333 3463 272 1778 786 212 1354
leaf_count=302 259 188 333 3463 272 1778 786 212 1354
internal_value=3.6436e-07 -2.09591e-06 2.97883e-08 -3.1682e-06 0 7.38903e-06 8.86766e-06 1.20368e-05 5.58762e-06
internal_weight=8947 8645 8457 5422 5089 3035 2776 1990 1626
internal_count=8947 8645 8457 5422 5089 3035 2776 1990 1626
is_linear=0
shrinkage=0.05


Tree=58
num_leaves=13
num_cat=0
split_feature=1 5 19 17 17 19 7 17 17 19 17 19
split_gain=0.000842077 0.00103101 7.98792e-05 0.000279955 2.91071e-05 1.99367e-05 2.58093e-05 3.4516e-05 3.2432e-05 1.08133e-05 6.51478e-05 1.71491e-06
threshold=6.7534722222222232 4.0000000000000009 0.52767307692307708 7.0395900374172458 7.6831204213495203 0.4458076923076924 10.500000000000002 7.200356359288631 7.6831204213495203 0.53667307692307709 7.9877857129513661 0.537423076923077
decision_type=2 2 2 2 2 2 2 2 2 2 2 2
left_child=9 2 5 -4 -5 -2 7 -7 -8 -1 -11 -6
right_child=1 -3 3 4 11 6 8 -9 -10 10 -12 -13
leaf_value=9.8392254402560584e-05 0 -0.00011751719619881698 -4.7308753183931343e-05 -2.6443739828190896e-06 0 -1.1852944970269345e-06 1.8347724122626843e-05 1.1424904352482377e-05 0 0 7.9146774593167579e-05 5.9190145346133188e-06
leaf_weight=216 259 188 333 3463 119 988 1028 658 102 61 25 1507
leaf_count=216 259 188 333 3463 119 988 1028 658 102 61 25 1507
internal_value=3.65359e-07 -1.94282e-06 4.88453e-08 -2.96404e-06 0 7.07745e-06 8.52702e-06 8.23774e-07 1.53163e-05 8.27289e-05 0 5.46234e-06
internal_weight=8947 8645 8457 5422 5089 3035 2776 1646 1130 302 86 1626
internal_count=8947 8645 8457 5422 5089 3035 2776 1646 1130 302 86 1626
is_linear=0
shrinkage=0.05


Tree=59
num_leaves=12
num_cat=0
split_feature=0 5 17 19 19 17 17 17 17 5 17
split_gain=0.000766139 0.000930715 7.16019e-05 0.000214896 6.93619e-05 4.90162e-05 3.92536e-05 3.47916e-05 0.000109246 4.99571e-06 5.90342e-05
threshold=2.5416666666666674 4.0000000000000009 7.0395900374172458 0.537423076923077 0.51167307692307695 7.200356359288631 7.1783939000347887 7.200356359288631 7.2133000484419894 4.0000000000000009 7.9877857129513661
decision_type=2 2 2 2 2 2 2 2 2 2 2
left_child=9 2 3 -2 5 6 -4 -6 -9 -1 -11
right_child=1 -3 4 -5 7 -7 -8 8 -10 10 -12
leaf_value=8.7318440495305765e-05 0 -0.00011167243075010088 0 -4.495039822751222e-05 -3.6986085208001518e-06 0 4.5004653072980946e-05 5.2464650682687091e-05 8.3792997334432074e-07 0 7.5341650696757892e-05
leaf_weight=248 795 188 141 333 2580 378 214 116 3900 29 25
leaf_count=248 795 188 141 333 2580 378 214 116 3900 29 25
internal_value=3.07498e-07 -1.86835e-06 0 -1.10406e-05 2.37614e-06 1.71064e-05 3.07824e-05 0 3.58654e-06 7.88953e-05 0
internal_weight=8947 8645 8457 1128 7329 733 355 6596 4016 302 54
internal_count=8947 8645 8457 1128 7329 733 355 6596 4016 302 54
is_linear=0
shrinkage=0.05


Tree=60
num_leaves=12
num_cat=0
split_feature=1 5 19 17 17 19 17 17 17 17 17
split_gain=0.000691747 0.00084117 6.70306e-05 0.000228122 2.58592e-05 1.79726e-05 2.58927e-05 3.86357e-05 7.9746e-06 5.34943e-05 1.90376e-06
threshold=6.7534722222222232 4.0000000000000009 0.52767307692307708 7.0395900374172458 7.6831204213495203 0.4458076923076924 7.2226790386014175 7.200356359288631 7.7370665455226684 7.9877857129513661 7.6893425732886129
decision_type=2 2 2 2 2 2 2 2 2 2 2
left_child=8 2 5 -4 -5 -2 7 -7 -1 -10 -6
right_child=1 -3 3 4 10 6 -8 -9 9 -11 -12
leaf_value=8.9154084404063539e-05 0 -0.00010611835442158202 -4.270960730542346e-05 -2.4946340513567539e-06 1.3239182620424428e-05 5.0142536541619021e-06 0 3.6908579120432144e-05 0 7.1719451538788587e-05 0
leaf_weight=216 259 188 333 3463 272 1778 786 212 61 25 1354
leaf_count=216 259 188 333 3463 272 1778 786 212 61 25 1354
internal_value=3.24161e-07 -1.71498e-06 2.70292e-08 -2.67994e-06 0 6.5092e-06 7.90577e-06 1.09402e-05 7.50111e-05 0 5.14635e-06
internal_weight=8947 8645 8457 5422 5089 3035 2776 1990 302 86 1626
internal_count=8947 8645 8457 5422 5089 3035 2776 1990 302 86 1626
is_linear=0
shrinkage=0.05


Tree=61
num_leaves=12
num_cat=0
split_feature=0 6 19 17 17 19 17 19 6 17 17
split_gain=0.000628547 0.000760079 6.07646e-05 0.000206426 2.42854e-05 1.7046e-05 2.39007e-05 3.81718e-05 2.97431e-06 4.84742e-05 7.77582e-07
threshold=2.5416666666666674 7.5000000000000009 0.52767307692307708 7.0395900374172458 7.6831204213495203 0.4458076923076924 7.2226790386014175 0.47441346153846159 7.5000000000000009 7.9877857129513661 7.6893425732886129
decision_type=2 2 2 2 2 2 2 2 2 2 2
left_child=8 2 5 -4 -5 -2 7 -7 -1 -10 -6
right_child=1 -3 3 4 10 6 -8 -9 9 -11 -12
leaf_value=7.910312947267331e-05 0 -0.00010084050987778164 -4.0580519045630621e-05 -2.3699375443896798e-06 1.2579649340765612e-05 3.537613756520331e-05 0 4.5539901906468072e-06 0 6.827140298600379e-05 0
leaf_weight=248 259 188 333 3463 272 222 786 1768 29 25 1354
leaf_count=248 259 188 333 3463 272 222 786 1768 29 25 1354
internal_value=3.32097e-07 -1.58504e-06 4.19281e-08 -2.50236e-06 0 6.23351e-06 7.60436e-06 1.05198e-05 7.15374e-05 0 5.03568e-06
internal_weight=8947 8645 8457 5422 5089 3035 2776 1990 302 54 1626
internal_count=8947 8645 8457 5422 5089 3035 2776 1990 302 54 1626
is_linear=0
shrinkage=0.05


Tree=62
num_leaves=11
num_cat=0
split_feature=0 5 19 17 17 19 17 17 19 17
split_gain=0.000567727 0.000686817 5.51077e-05 0.000186808 2.28448e-05 1.61817e-05 2.20819e-05 3.50064e-05 5.89479e-06 4.39253e-05
threshold=2.5416666666666674 4.0000000000000009 0.52767307692307708 7.0395900374172458 7.6831204213495203 0.4458076923076924 7.2226790386014175 7.200356359288631 0.53667307692307709 7.9877857129513661
decision_type=2 2 2 2 2 2 2 2 2 2
left_child=8 2 5 -4 -5 -2 7 -7 -1 -10
right_child=1 -3 3 4 -6 6 -8 -9 9 -11
leaf_value=8.0795956084564818e-05 0 -9.5825159094399884e-05 -3.8557568046370315e-05 -2.25147672423888e-06 4.9305303571893156e-06 4.3507268467095865e-06 0 3.4787302474412593e-05 0 6.498912358298324e-05
leaf_weight=216 259 188 333 3463 1626 1778 786 212 61 25
leaf_count=216 259 188 333 3463 1626 1778 786 212 61 25
internal_value=3.3225e-07 -1.46156e-06 5.60782e-08 -2.33365e-06 0 5.97157e-06 7.31799e-06 1.01204e-05 6.80185e-05 0
internal_weight=8947 8645 8457 5422 5089 3035 2776 1990 302 86
internal_count=8947 8645 8457 5422 5089 3035 2776 1990 302 86
is_linear=0
shrinkage=0.05


Tree=63
num_leaves=12
num_cat=0
split_feature=2 5 19 17 19 17 17 17 17 17 17
split_gain=0.000516192 0.000620357 5.25562e-05 0.000175354 3.05655e-05 2.97193e-05 9.39171e-05 2.52485e-05 1.52585e-05 1.63353e-06 3.98032e-05
threshold=30.500000000000004 4.0000000000000009 0.51167307692307695 7.0395900374172458 0.46442307692307699 7.200356359288631 7.2133000484419894 7.6831204213495203 7.1783939000347887 7.7370665455226684 7.9877857129513661
decision_type=2 2 2 2 2 2 2 2 2 2 2
left_child=9 2 4 -4 -2 -5 -7 8 -6 -1 -11
right_child=1 -3 3 5 7 6 -8 -9 -10 10 -12
leaf_value=7.6777430558105093e-05 0 -9.105925083594034e-05 -3.6635461662795595e-05 -3.5195340694161767e-06 8.1472547983600934e-07 4.8542159818944669e-05 6.0498255108366022e-07 0 2.5737091890674219e-05 0 6.1864644700947849e-05
leaf_weight=216 299 188 333 2580 677 116 3900 102 450 61 25
leaf_count=216 299 188 333 2580 677 116 3900 102 450 61 25
internal_value=3.12399e-07 -1.37178e-06 4.13531e-08 -1.19491e-06 8.91462e-06 0 3.24607e-06 1.26852e-05 1.52126e-05 6.48706e-05 0
internal_weight=8947 8645 8457 6929 1528 6596 4016 1229 1127 302 86
internal_count=8947 8645 8457 6929 1528 6596 4016 1229 1127 302 86
is_linear=0
shrinkage=0.05


Tree=64
num_leaves=11
num_cat=0
split_feature=0 6 19 17 19 17 17 17 17 6
split_gain=0.000469265 0.00056052 4.77142e-05 0.000158532 2.87589e-05 2.74513e-05 8.42205e-05 2.40327e-05 1.08678e-05 9.50258e-07
threshold=2.5416666666666674 7.5000000000000009 0.51167307692307695 7.0395900374172458 0.46442307692307699 7.200356359288631 7.2133000484419894 7.6831204213495203 7.1783939000347887 7.5000000000000009
decision_type=2 2 2 2 2 2 2 2 2 2
left_child=9 2 4 -4 -2 -5 -7 8 -6 -1
right_child=1 -3 3 5 7 6 -8 -9 -10 -11
leaf_value=6.8329347607990111e-05 0 -8.6530381511827867e-05 -3.480917420363734e-05 -3.3436278490629665e-06 7.7404886963028574e-07 4.6135791536106161e-05 5.7474190633911584e-07 0 2.4453089529396661e-05 0
leaf_weight=248 299 188 333 2580 677 116 3900 102 450 54
leaf_count=248 299 188 333 2580 677 116 3900 102 450 54
internal_value=3.13209e-07 -1.2661e-06 4.81888e-08 -1.09902e-06 8.51785e-06 0 3.14662e-06 1.2192e-05 1.46748e-05 6.18787e-05
internal_weight=8947 8645 8457 6929 1528 6596 4016 1229 1127 302
internal_count=8947 8645 8457 6929 1528 6596 4016 1229 1127 302
is_linear=0
shrinkage=0.05


Tree=65
num_leaves=10
num_cat=0
split_feature=0 5 19 17 19 17 17 17 17
split_gain=0.00042742 0.00050646 4.33391e-05 0.000143327 2.70859e-05 2.5385e-05 7.54802e-05 2.28976e-05 7.00627e-06
threshold=2.5416666666666674 4.0000000000000009 0.51167307692307695 7.0395900374172458 0.46442307692307699 7.200356359288631 7.2133000484419894 7.6831204213495203 7.1783939000347887
decision_type=2 2 2 2 2 2 2 2 2
left_child=-1 2 4 -4 -2 -5 -7 8 -6
right_child=1 -3 3 5 7 6 -8 -9 -10
leaf_value=5.9082420679614598e-05 0 -8.2226753137542547e-05 -3.3073926619518955e-05 -3.1765107757706702e-06 7.3540366171813838e-07 4.3848725898951514e-05 5.4601215583267308e-07 0 2.3233142070368476e-05
leaf_weight=302 299 188 333 2580 677 116 3900 102 450
leaf_count=302 299 188 333 2580 677 116 3900 102 450
internal_value=3.1555e-07 -1.16568e-06 5.46729e-08 -1.00793e-06 8.14087e-06 0 3.0521e-06 1.17233e-05 1.41638e-05
internal_weight=8947 8645 8457 6929 1528 6596 4016 1229 1127
internal_count=8947 8645 8457 6929 1528 6596 4016 1229 1127
is_linear=0
shrinkage=0.05


Tree=66
num_leaves=12
num_cat=0
split_feature=0 5 17 12 17 17 17 17 17 17 17
split_gain=0.000385581 0.000457621 3.54231e-05 2.68735e-05 5.57442e-05 2.59811e-05 6.55442e-05 2.40578e-05 1.18468e-05 3.22081e-06 3.26725e-05
threshold=2.5416666666666674 4.0000000000000009 7.0395900374172458 384.00000000000006 7.200356359288631 7.200356359288631 7.2133000484419894 7.1783939000347887 6.9309201606284425 7.7370665455226684 7.9877857129513661
decision_type=2 2 2 2 2 2 2 2 2 2 2
left_child=9 2 8 4 7 -5 -7 -4 -2 -1 -11
right_child=1 -3 3 5 -6 6 -8 -9 -10 10 -12
leaf_value=6.6615018021521353e-05 0 -7.8137165835378566e-05 0 -3.0177456933170766e-06 0 4.1675022753496837e-05 7.467573726011208e-07 3.6918301979989505e-05 -9.7263214561079241e-06 0 5.6049878476187584e-05
leaf_weight=216 158 188 141 2580 509 116 3769 214 970 61 25
leaf_count=216 158 188 141 2580 509 116 3769 214 970 61 25
internal_value=3.0804e-07 -1.07026e-06 6.0823e-08 1.89593e-06 1.03985e-05 0 3.26589e-06 2.55772e-05 -7.42491e-06 5.6138e-05 0
internal_weight=8947 8645 8457 7329 864 6465 3885 355 1128 302 86
internal_count=8947 8645 8457 7329 864 6465 3885 355 1128 302 86
is_linear=0
shrinkage=0.05


Tree=67
num_leaves=13
num_cat=0
split_feature=0 5 19 17 17 17 17 17 19 17 19 17
split_gain=0.000350271 0.000413523 3.96684e-05 0.000120453 1.94324e-05 1.53771e-05 3.79272e-05 0.00011917 3.93635e-05 1.1016e-06 8.02464e-07 2.96065e-05
threshold=2.5416666666666674 4.0000000000000009 0.52767307692307708 7.0395900374172458 7.6831204213495203 7.2226790386014175 7.200356359288631 7.2133000484419894 0.51805769230769239 7.6893425732886129 0.53667307692307709 7.9877857129513661
decision_type=2 2 2 2 2 2 2 2 2 2 2 2
left_child=10 2 5 -4 -5 6 8 -8 -2 -6 -1 -12
right_child=1 -3 3 4 9 -7 7 -9 -10 -11 11 -13
leaf_value=6.3329999472448085e-05 9.6729033787483582e-06 -7.4250979044735842e-05 -3.0940320460588674e-05 -2.0600299876395232e-06 1.1584175455417218e-05 0 9.453797837652798e-05 0 -1.5043316513608283e-06 0 0 5.3355184365780299e-05
leaf_weight=216 1150 188 333 3463 272 786 55 157 887 1354 61 25
leaf_count=216 1150 188 333 3463 272 786 55 157 887 1354 61 25
internal_value=3.11229e-07 -9.75648e-07 7.07007e-08 -1.85238e-06 0 5.15265e-06 7.27394e-06 3.0839e-05 2.3541e-06 4.56334e-06 5.35324e-05 0
internal_weight=8947 8645 8457 5422 5089 3035 2249 212 2037 1626 302 86
internal_count=8947 8645 8457 5422 5089 3035 2249 212 2037 1626 302 86
is_linear=0
shrinkage=0.05


Tree=68
num_leaves=12
num_cat=0
split_feature=0 5 19 17 17 17 17 17 19 5 17
split_gain=0.000318391 0.00037359 3.56341e-05 0.00010904 1.82902e-05 1.41311e-05 3.50267e-05 0.000106277 3.59635e-05 3.20062e-07 2.46984e-07
threshold=2.5416666666666674 4.0000000000000009 0.52767307692307708 7.0395900374172458 7.6831204213495203 7.2226790386014175 7.200356359288631 7.2133000484419894 0.51805769230769239 4.0000000000000009 7.6893425732886129
decision_type=2 2 2 2 2 2 2 2 2 2 2
left_child=9 2 5 -4 -5 6 8 -8 -2 -1 -6
right_child=1 -3 3 4 10 -7 7 -9 -10 -11 -12
leaf_value=5.634817447191681e-05 9.1896787281556755e-06 -7.055807404131408e-05 -2.9397938131427247e-05 -1.957056933073499e-06 1.1007088439491314e-05 0 8.9895484603143169e-05 0 -1.4292004145629417e-06 0 0
leaf_weight=248 1150 188 333 3463 272 786 55 157 887 54 1354
leaf_count=248 1150 188 333 3463 272 786 55 157 887 54 1354
internal_value=3.01412e-07 -8.98986e-07 6.65455e-08 -1.72066e-06 0 4.90579e-06 6.94085e-06 2.96184e-05 2.11393e-06 5.1055e-05 4.46651e-06
internal_weight=8947 8645 8457 5422 5089 3035 2249 212 2037 302 1626
internal_count=8947 8645 8457 5422 5089 3035 2249 212 2037 302 1626
is_linear=0
shrinkage=0.05


Tree=69
num_leaves=10
num_cat=0
split_feature=0 5 19 17 17 17 17 17 19
split_gain=0.000290079 0.000337516 3.20072e-05 9.87155e-05 1.72435e-05 1.29949e-05 3.24045e-05 9.4678e-05 3.28492e-05
threshold=2.5416666666666674 4.0000000000000009 0.52767307692307708 7.0395900374172458 7.6831204213495203 7.2226790386014175 7.200356359288631 7.2133000484419894 0.51805769230769239
decision_type=2 2 2 2 2 2 2 2 2
left_child=-1 2 5 -4 -5 6 8 -8 -2
right_child=1 -3 3 4 -6 -7 7 -9 -10
leaf_value=4.8749009124233884e-05 8.730593412146813e-06 -6.7048837367947862e-05 -2.7932441334343307e-05 -1.8592341917803852e-06 4.3744984335204e-06 0 8.5480976101410177e-05 0 -1.3578193439726574e-06
leaf_weight=302 1150 188 333 3463 1626 786 55 157 887
leaf_count=302 1150 188 333 3463 1626 786 55 157 887
internal_value=2.93693e-07 -8.26161e-07 6.25734e-08 -1.59552e-06 0 4.6712e-06 6.6243e-06 2.84578e-05 1.88576e-06
internal_weight=8947 8645 8457 5422 5089 3035 2249 212 2037
internal_count=8947 8645 8457 5422 5089 3035 2249 212 2037
is_linear=0
shrinkage=0.05


Tree=70
num_leaves=12
num_cat=0
split_feature=0 5 17 19 19 17 17 17 17 19 17
split_gain=0.000261917 0.000304788 2.90998e-05 7.39718e-05 3.31699e-05 3.37906e-05 2.17823e-05 1.84672e-05 4.40732e-05 2.03321e-06 2.44093e-05
threshold=2.5416666666666674 4.0000000000000009 7.0395900374172458 0.537423076923077 0.51167307692307695 7.200356359288631 7.1783939000347887 7.200356359288631 7.2133000484419894 0.53667307692307709 7.9877857129513661
decision_type=2 2 2 2 2 2 2 2 2 2 2
left_child=9 2 3 -2 5 6 -4 -6 -9 -1 -11
right_child=1 -3 4 -5 7 -7 -8 8 -10 10 -12
leaf_value=5.49474485059728e-05 0 -6.3714133378453363e-05 0 -2.6539999865829209e-05 -2.6004492935422537e-06 0 3.3707730818626489e-05 3.4361001781713312e-05 4.4083283514897258e-07 0 4.8446321430114591e-05
leaf_weight=216 795 188 141 333 2580 378 214 116 3900 61 25
leaf_count=216 795 188 141 333 2580 378 214 116 3900 61 25
internal_value=2.54427e-07 -7.81659e-07 3.35478e-08 -6.67681e-06 1.74923e-06 1.19805e-05 2.30918e-05 0 2.67362e-06 4.63196e-05 0
internal_weight=8947 8645 8457 1128 7329 733 355 6596 4016 302 86
internal_count=8947 8645 8457 1128 7329 733 355 6596 4016 302 86
is_linear=0
shrinkage=0.05


Tree=71
num_leaves=12
num_cat=0
split_feature=0 6 19 17 17 19 17 17 17 19 17
split_gain=0.000237799 0.000275456 2.72622e-05 8.05243e-05 1.53542e-05 1.21935e-05 1.85252e-05 1.53775e-05 2.81734e-07 2.65709e-07 2.21187e-05
threshold=2.5416666666666674 7.5000000000000009 0.52767307692307708 7.0395900374172458 7.6831204213495203 0.4458076923076924 7.2226790386014175 7.200356359288631 7.6893425732886129 0.53667307692307709 7.9877857129513661
decision_type=2 2 2 2 2 2 2 2 2 2 2
left_child=9 2 5 -4 -5 -2 7 -7 -6 -1 -11
right_child=1 -3 3 4 8 6 -8 -9 -10 10 -12
leaf_value=5.221273805860276e-05 0 -6.0545283064206756e-05 -2.5216975032552676e-05 -1.7477969118020347e-06 1.021886490039773e-05 3.1394899999848478e-06 0 2.6958797789974567e-05 0 0 4.6117178146512454e-05
leaf_weight=216 259 188 333 3463 272 1778 786 212 1354 61 25
leaf_count=216 259 188 333 3463 272 1778 786 212 1354 61 25
internal_value=2.62958e-07 -6.97189e-07 4.90848e-08 -1.42929e-06 0 4.33668e-06 5.61588e-06 8.20059e-06 4.13388e-06 4.41612e-05 0
internal_weight=8947 8645 8457 5422 5089 3035 2776 1990 1626 302 86
internal_count=8947 8645 8457 5422 5089 3035 2776 1990 1626 302 86
is_linear=0
shrinkage=0.05


Tree=72
num_leaves=11
num_cat=0
split_feature=1 5 19 17 19 17 17 17 17 5
split_gain=0.000216046 0.000248888 2.51503e-05 7.56907e-05 2.14868e-05 1.76537e-05 1.66344e-05 3.82864e-05 2.58865e-06 1.32661e-07
threshold=6.7534722222222232 4.0000000000000009 0.51167307692307695 7.0395900374172458 0.4458076923076924 7.6831204213495203 7.200356359288631 7.2133000484419894 7.1459464135563868 4.0000000000000009
decision_type=2 2 2 2 2 2 2 2 2 2
left_child=9 2 4 -4 -2 8 -5 -8 -6 -1
right_child=1 -3 3 6 5 -7 7 -9 -10 -11
leaf_value=4.6466508044311439e-05 0 -5.7534036213019625e-05 -2.3959899339671553e-05 -2.4671018491591142e-06 0 0 3.2167696870632596e-05 3.6702671072790068e-07 1.7595394612070044e-05 0
leaf_weight=248 259 188 333 2580 636 102 116 3900 531 54
leaf_count=248 259 188 333 2580 636 102 116 3900 531 54
internal_value=2.59185e-07 -6.29206e-07 5.12907e-08 -6.02425e-07 6.28425e-06 9.47853e-06 0 2.53806e-06 1.16394e-05 4.21099e-05
internal_weight=8947 8645 8457 6929 1528 1269 6596 4016 1167 302
internal_count=8947 8645 8457 6929 1528 1269 6596 4016 1167 302
is_linear=0
shrinkage=0.05


Tree=73
num_leaves=10
num_cat=0
split_feature=1 5 19 17 17 17 17 17 19
split_gain=0.000196828 0.000224869 2.28075e-05 6.5898e-05 1.43023e-05 1.11887e-05 2.50081e-05 7.87811e-05 2.6056e-05
threshold=6.7534722222222232 4.0000000000000009 0.52767307692307708 7.0395900374172458 7.6831204213495203 7.2226790386014175 7.200356359288631 7.2133000484419894 0.51805769230769239
decision_type=2 2 2 2 2 2 2 2 2
left_child=-1 2 5 -4 -5 6 8 -8 -2
right_child=1 -3 3 4 -6 -7 7 -9 -10
leaf_value=4.0208319948967729e-05 7.6646615481441052e-06 -5.4672554039233729e-05 -2.2765490999180421e-05 -1.6411901896018412e-06 4.0301212271480738e-06 0 7.7041866440725112e-05 0 -1.1937103264646284e-06
leaf_weight=302 1150 188 333 3463 1626 786 55 157 887
leaf_count=302 1150 188 333 3463 1626 786 55 157 887
internal_value=2.54327e-07 -5.67592e-07 5.03323e-08 -1.24133e-06 0 4.00443e-06 5.83687e-06 2.52157e-05 1.35526e-06
internal_weight=8947 8645 8457 5422 5089 3035 2249 212 2037
internal_count=8947 8645 8457 5422 5089 3035 2249 212 2037
is_linear=0
shrinkage=0.05


Tree=74
num_leaves=11
num_cat=0
split_feature=0 5 19 18 19 18 19 19 19 12
split_gain=0.000177741 0.000203054 2.06163e-05 3.49951e-05 1.09807e-05 1.56036e-05 1.77211e-06 1.22236e-06 8.64255e-06 1.25424e-07
threshold=2.5416666666666674 4.0000000000000009 0.52767307692307708 2.5000000000000004 0.4458076923076924 2.5000000000000004 0.47441346153846159 0.53667307692307709 0.65192307692307705 384.00000000000006
decision_type=2 2 2 2 2 2 2 2 2 2
left_child=7 2 4 -4 -2 6 -6 -1 -9 -5
right_child=1 -3 3 9 5 -7 -8 8 -10 -11
leaf_value=4.5300361535121356e-05 0 -5.1953387479039118e-05 -6.6205568469088597e-06 0 2.0928506292604429e-05 0 2.8860616823532512e-06 0 3.0004429281689219e-05 8.720371223084433e-07
leaf_weight=216 259 188 2119 119 227 746 1803 63 23 3184
leaf_count=216 259 188 2119 119 227 746 1803 63 23 3184
internal_value=2.14395e-07 -5.38696e-07 1.91092e-08 -1.17946e-06 3.80692e-06 5.07245e-06 7.37477e-06 3.82045e-05 0 7.98847e-07
internal_weight=8947 8645 8457 5422 3035 2776 2030 302 86 3303
internal_count=8947 8645 8457 5422 3035 2776 2030 302 86 3303
is_linear=0
shrinkage=0.05


Tree=75
num_leaves=10
num_cat=0
split_feature=0 6 17 19 19 17 17 17 17
split_gain=0.000161866 0.000183486 2.10493e-05 4.67575e-05 2.32539e-05 2.77939e-05 1.69832e-05 1.34184e-05 3.11825e-05
threshold=2.5416666666666674 7.5000000000000009 7.0395900374172458 0.537423076923077 0.51167307692307695 7.200356359288631 7.1783939000347887 7.200356359288631 7.2133000484419894
decision_type=2 2 2 2 2 2 2 2 2
left_child=-1 2 3 -2 5 6 -4 -6 -9
right_child=1 -3 4 -5 7 -7 -8 8 -10
leaf_value=3.6475992478774524e-05 0 -4.9369463539391605e-05 0 -2.1300589044307901e-05 -2.1019092127619435e-06 0 2.9575250263130939e-05 2.9211280196825535e-05 2.5981750009182509e-07
leaf_weight=302 795 188 141 333 2580 378 214 116 3900
leaf_count=302 795 188 141 333 2580 378 214 116 3900
internal_value=2.17695e-07 -4.74704e-07 2.6784e-08 -5.53969e-06 1.56628e-06 1.01834e-05 2.02236e-05 0 2.34784e-06
internal_weight=8947 8645 8457 1128 7329 733 355 6596 4016
internal_count=8947 8645 8457 1128 7329 733 355 6596 4016
is_linear=0
shrinkage=0.05


Tree=76
num_leaves=12
num_cat=0
split_feature=1 6 17 19 19 17 17 17 17 17 17
split_gain=0.000145998 0.000165812 1.91911e-05 4.23919e-05 2.10591e-05 2.531e-05 1.46894e-05 1.25653e-05 2.77196e-05 2.10922e-06 1.60074e-05
threshold=6.7534722222222232 7.5000000000000009 7.0395900374172458 0.537423076923077 0.51167307692307695 7.200356359288631 7.1783939000347887 7.200356359288631 7.2133000484419894 7.7370665455226684 7.9877857129513661
decision_type=2 2 2 2 2 2 2 2 2 2 2
left_child=9 2 3 -2 5 6 -4 -6 -9 -1 -11
right_child=1 -3 4 -5 7 -7 -8 8 -10 10 -12
leaf_value=4.1249722225188113e-05 0 -4.6914052702492678e-05 0 -2.0238749270221431e-05 -1.9968584135134338e-06 0 2.8103365432904211e-05 2.7763197222390232e-05 2.4682951707428615e-07 0 3.923233571605613e-05
leaf_weight=216 795 188 141 333 2580 378 214 116 3900 61 25
leaf_count=216 795 188 141 333 2580 378 214 116 3900 61 25
internal_value=2.17978e-07 -4.10707e-07 3.73354e-08 -5.22556e-06 1.53007e-06 9.75226e-06 1.93347e-05 0 2.29305e-06 3.46582e-05 0
internal_weight=8947 8645 8457 1128 7329 733 355 6596 4016 302 86
internal_count=8947 8645 8457 1128 7329 733 355 6596 4016 302 86
is_linear=0
shrinkage=0.05


Tree=77
num_leaves=12
num_cat=0
split_feature=0 5 17 12 17 17 17 17 17 17 17
split_gain=0.000132443 0.000149835 1.75144e-05 1.01278e-05 3.19969e-05 1.37071e-05 2.29242e-05 1.26466e-05 5.39424e-06 1.16271e-06 1.45053e-05
threshold=2.5416666666666674 4.0000000000000009 7.0395900374172458 384.00000000000006 7.200356359288631 7.200356359288631 7.2133000484419894 7.1783939000347887 6.9309201606284425 7.7370665455226684 7.9877857129513661
decision_type=2 2 2 2 2 2 2 2 2 2 2
left_child=9 2 8 4 7 -5 -7 -4 -2 -1 -11
right_child=1 -3 3 5 -6 6 -8 -9 -10 10 -12
leaf_value=3.9196741833750694e-05 0 -4.4580760756698465e-05 0 -1.8970500823963362e-06 0 2.6386902253660891e-05 4.6820353573177064e-07 2.6704730422690858e-05 -6.4895875801367788e-06 0 3.734617288081118e-05
leaf_weight=216 158 188 141 2580 509 116 3769 214 970 61 25
leaf_count=216 158 188 141 2580 509 116 3769 214 970 61 25
internal_value=2.21462e-07 -3.49903e-07 4.73518e-08 1.49566e-06 6.9446e-06 0 2.53536e-06 1.849e-05 -4.92709e-06 3.30261e-05 0
internal_weight=8947 8645 8457 7329 864 6465 3885 355 1128 302 86
internal_count=8947 8645 8457 7329 864 6465 3885 355 1128 302 86
is_linear=0
shrinkage=0.05


Tree=78
num_leaves=12
num_cat=0
split_feature=0 5 17 12 17 17 17 17 17 5 17
split_gain=0.000120203 0.000135379 1.59742e-05 8.91152e-06 2.94118e-05 1.28616e-05 2.02248e-05 1.0829e-05 5.00652e-06 8.52003e-07 1.31977e-05
threshold=2.5416666666666674 4.0000000000000009 7.0395900374172458 384.00000000000006 7.200356359288631 7.200356359288631 7.2133000484419894 7.1783939000347887 6.9309201606284425 4.0000000000000009 7.9877857129513661
decision_type=2 2 2 2 2 2 2 2 2 2 2
left_child=9 2 8 4 7 -5 -7 -4 -2 -1 -11
right_child=1 -3 3 5 -6 6 -8 -9 -10 10 -12
leaf_value=3.4843467243285063e-05 0 -4.2363515592004029e-05 0 -1.802235081149947e-06 0 2.5078836912050464e-05 4.4479915509846511e-07 2.5375712316396626e-05 -6.1654429071094656e-06 -2.114922739565363e-06 3.555068370098104e-05
leaf_weight=248 158 188 141 2580 509 116 3769 214 970 29 25
leaf_count=248 158 188 141 2580 509 116 3769 214 970 29 25
internal_value=2.19394e-07 -2.97682e-07 5.11878e-08 1.45715e-06 6.61426e-06 0 2.47327e-06 1.76873e-05 -4.64831e-06 3.14749e-05 0
internal_weight=8947 8645 8457 7329 864 6465 3885 355 1128 302 54
internal_count=8947 8645 8457 7329 864 6465 3885 355 1128 302 54
is_linear=0
shrinkage=0.05


Tree=79
num_leaves=12
num_cat=0
split_feature=0 6 19 17 17 19 17 17 17 17 17
split_gain=0.000108492 0.000122314 1.58288e-05 4.44616e-05 1.15796e-05 9.18745e-06 1.45772e-05 9.78859e-06 1.01835e-06 1.19106e-05 5.91208e-07
threshold=2.5416666666666674 7.5000000000000009 0.52767307692307708 7.0395900374172458 7.6831204213495203 0.4458076923076924 7.2226790386014175 7.200356359288631 7.7370665455226684 7.9877857129513661 7.6893425732886129
decision_type=2 2 2 2 2 2 2 2 2 2 2
left_child=8 2 5 -4 -5 -2 7 -7 -1 -10 -6
right_child=1 -3 3 4 10 6 -8 -9 9 -11 -12
leaf_value=3.5511791590206361e-05 0 -4.0256546839873651e-05 -1.8598984016877916e-05 -1.3618865587166375e-06 9.37657676391549e-06 2.1756856902821163e-06 0 2.2794811770772481e-05 0 3.3841515586783096e-05 0
leaf_weight=216 259 188 333 3463 272 1778 786 212 61 25 1354
leaf_count=216 259 188 333 3463 272 1778 786 212 61 25 1354
internal_value=2.1442e-07 -2.48072e-07 5.48186e-08 -8.99128e-07 0 3.40567e-06 4.57727e-06 6.89394e-06 2.99124e-05 0 3.72075e-06
internal_weight=8947 8645 8457 5422 5089 3035 2776 1990 302 86 1626
internal_count=8947 8645 8457 5422 5089 3035 2776 1990 302 86 1626
is_linear=0
shrinkage=0.05


Tree=80
num_leaves=11
num_cat=0
split_feature=0 8 19 17 19 17 17 17 8 17
split_gain=9.84868e-05 0.000110495 1.47723e-05 4.1489e-05 1.58781e-05 1.39694e-05 9.84734e-06 1.88498e-05 7.6203e-07 1.08415e-05
threshold=2.5416666666666674 4.5000000000000009 0.51167307692307695 7.0395900374172458 0.4458076923076924 7.6831204213495203 7.200356359288631 7.2133000484419894 4.5000000000000009 7.9877857129513661
decision_type=2 2 2 2 2 2 2 2 2 2
left_child=8 2 4 -4 -2 -6 -5 -8 -1 -10
right_child=1 -3 3 6 5 -7 7 -9 9 -11
leaf_value=3.1568019797681384e-05 0 -3.8254368893119078e-05 -1.7671819421125321e-05 -1.7048783502633497e-06 9.7480975565593771e-06 0 2.341792523725611e-05 1.4151787569438721e-07 -2.0127062064905872e-06 3.2214514749984323e-05
leaf_weight=248 259 188 333 2580 1167 102 116 3900 29 25
leaf_count=248 259 188 333 2580 1167 102 116 3900 29 25
internal_value=2.07212e-07 -2.06281e-07 5.27987e-08 -2.90147e-07 4.87723e-06 7.73917e-06 0 2.06422e-06 2.8507e-05 0
internal_weight=8947 8645 8457 6929 1528 1269 6596 4016 302 54
internal_count=8947 8645 8457 6929 1528 1269 6596 4016 302 54
is_linear=0
shrinkage=0.05


Tree=81
num_leaves=12
num_cat=0
split_feature=0 6 17 19 19 17 17 17 17 19 17
split_gain=8.89721e-05 9.97795e-05 1.30473e-05 2.99575e-05 1.39189e-05 1.87144e-05 9.59771e-06 9.28767e-06 1.66324e-05 9.32341e-07 9.78003e-06
threshold=2.5416666666666674 7.5000000000000009 7.0395900374172458 0.537423076923077 0.51167307692307695 7.200356359288631 7.1783939000347887 7.200356359288631 7.2133000484419894 0.53667307692307709 7.9877857129513661
decision_type=2 2 2 2 2 2 2 2 2 2 2
left_child=9 2 3 -2 5 6 -4 -6 -9 -1 -11
right_child=1 -3 4 -5 7 -7 -8 8 -10 10 -12
leaf_value=3.218063781003592e-05 0 -3.6351771648302145e-05 0 -1.6790872614365071e-05 -1.619666235118019e-06 0 2.3519404492405959e-05 2.2257032817126147e-05 1.3444412024828375e-07 0 3.0665742322945814e-05
leaf_weight=216 795 188 141 333 2580 378 214 116 3900 61 25
leaf_count=216 795 188 141 333 2580 378 214 116 3900 61 25
internal_value=1.75109e-07 -1.8991e-07 2.70181e-08 -4.13159e-06 1.34967e-06 8.09932e-06 1.63301e-05 0 2.02353e-06 2.70919e-05 0
internal_weight=8947 8645 8457 1128 7329 733 355 6596 4016 302 86
internal_count=8947 8645 8457 1128 7329 733 355 6596 4016 302 86
is_linear=0
shrinkage=0.05


Tree=82
num_leaves=12
num_cat=0
split_feature=0 5 17 13 17 17 17 17 17 5 17
split_gain=8.0744e-05 9.01474e-05 1.19372e-05 5.70812e-06 2.39203e-05 1.04616e-05 1.31182e-05 8.197e-06 3.63529e-06 6.79485e-07 8.90627e-06
threshold=2.5416666666666674 4.0000000000000009 7.0395900374172458 8.5000000000000018 7.200356359288631 7.200356359288631 7.2133000484419894 7.1783939000347887 6.9309201606284425 4.0000000000000009 7.9877857129513661
decision_type=2 2 2 2 2 2 2 2 2 2 2
left_child=9 2 8 4 7 -5 -7 -4 -2 -1 -11
right_child=1 -3 3 5 -6 6 -8 -9 -10 10 -12
leaf_value=2.8600171460848616e-05 0 -3.454380129085467e-05 0 -1.5387155736425978e-06 0 2.1153698321113475e-05 3.5820442873463325e-07 2.2348906693243702e-05 -5.186470084580047e-06 -1.9154210264483995e-06 2.9191424658235438e-05
leaf_weight=248 158 188 141 2580 509 116 3769 214 970 29 25
leaf_count=248 158 188 141 2580 509 116 3769 214 970 29 25
internal_value=1.79284e-07 -1.40958e-07 3.66582e-08 1.32265e-06 5.5966e-06 0 2.27108e-06 1.56232e-05 -3.88396e-06 2.58183e-05 0
internal_weight=8947 8645 8457 7329 864 6465 3885 355 1128 302 54
internal_count=8947 8645 8457 7329 864 6465 3885 355 1128 302 54
is_linear=0
shrinkage=0.05


Tree=83
num_leaves=10
num_cat=0
split_feature=0 6 19 18 19 18 19 19 12
split_gain=7.28944e-05 8.14311e-05 1.18085e-05 2.1859e-05 7.78891e-06 1.17815e-05 8.16186e-07 2.84026e-06 1.00842e-07
threshold=2.5416666666666674 7.5000000000000009 0.52767307692307708 2.5000000000000004 0.4458076923076924 2.5000000000000004 0.53667307692307709 0.65192307692307705 384.00000000000006
decision_type=2 2 2 2 2 2 2 2 2
left_child=6 2 4 -4 -2 -6 -1 -8 -5
right_child=1 -3 3 8 5 -7 7 -9 -10
leaf_value=2.9155602544537541e-05 0 -3.282574923774018e-05 -5.1300514041597713e-06 0 6.1134994195866251e-06 0 0 1.720058712332198e-05 7.2160562426067468e-07
leaf_weight=216 259 188 2119 119 2030 746 63 23 3184
leaf_count=216 259 188 2119 119 2030 746 63 23 3184
internal_value=1.74486e-07 -1.01007e-07 3.91066e-08 -6.85986e-07 2.98118e-06 4.09003e-06 2.45366e-05 0 6.52424e-07
internal_weight=8947 8645 8457 5422 3035 2776 302 86 3303
internal_count=8947 8645 8457 5422 3035 2776 302 86 3303
is_linear=0
shrinkage=0.05


Tree=84
num_leaves=13
num_cat=0
split_feature=2 5 17 19 19 17 17 17 17 5 17 17
split_gain=6.64926e-05 7.35342e-05 1.10557e-05 2.55624e-05 1.07778e-05 1.49991e-05 8.59883e-06 7.13382e-06 1.81057e-06 2.17429e-07 7.74874e-06 2.02934e-07
threshold=30.500000000000004 4.0000000000000009 7.0395900374172458 0.537423076923077 0.51167307692307695 7.200356359288631 7.6831204213495203 7.1783939000347887 7.6666386962426545 4.0000000000000009 7.9877857129513661 7.6893425732886129
decision_type=2 2 2 2 2 2 2 2 2 2 2 2
left_child=9 2 3 -2 5 7 8 -4 -6 -1 -11 -8
right_child=1 -3 4 -5 6 -7 11 -9 -10 10 -12 -13
leaf_value=2.5890600824556558e-05 0 -3.1193146573656198e-05 0 -1.5439562308518385e-05 0 0 8.841925065055311e-06 2.0932406533596129e-05 -1.8330231324125162e-06 -1.8228398015101658e-06 2.7225667324203703e-05 0
leaf_weight=248 795 188 141 333 3427 378 272 214 1543 29 25 1354
leaf_count=248 795 188 141 333 3427 378 272 214 1543 29 25 1354
internal_value=1.50126e-07 -8.75102e-08 1.64213e-08 -3.73063e-06 1.27568e-06 7.27741e-06 0 1.46467e-05 -3.64755e-07 2.34322e-05 0 3.57858e-06
internal_weight=8947 8645 8457 1128 7329 733 6596 355 4970 302 54 1626
internal_count=8947 8645 8457 1128 7329 733 6596 355 4970 302 54 1626
is_linear=0
shrinkage=0.05


Tree=85
num_leaves=12
num_cat=0
split_feature=0 5 17 19 19 17 17 17 17 17 17
split_gain=6.00318e-05 6.64187e-05 1.01063e-05 2.32101e-05 9.70592e-06 1.39244e-05 8.21847e-06 1.79459e-06 1.21851e-06 4.96196e-07 6.98544e-06
threshold=2.5416666666666674 4.0000000000000009 7.0395900374172458 0.537423076923077 0.51167307692307695 7.6831204213495203 7.6831204213495203 7.200356359288631 7.1459464135563868 7.7370665455226684 7.9877857129513661
decision_type=2 2 2 2 2 2 2 2 2 2 2
left_child=9 2 3 -2 5 8 7 -6 -4 -1 -11
right_child=1 -3 4 -5 6 -7 -8 -9 -10 10 -12
leaf_value=2.6422726335905252e-05 0 -2.9641739469654146e-05 0 -1.4669894520332756e-05 -1.3986080875010429e-06 0 3.5046673733355201e-06 0 1.1757169799139753e-05 0 2.5916737325202948e-05
leaf_weight=216 795 188 100 333 2580 102 1626 2390 531 61 25
leaf_count=216 795 188 100 333 2580 102 1626 2390 531 61 25
internal_value=1.49572e-07 -4.73211e-08 2.28365e-08 -3.50293e-06 1.24802e-06 6.97227e-06 0 -3.36306e-07 1.05612e-05 2.2269e-05 0
internal_weight=8947 8645 8457 1128 7329 733 6596 4970 631 302 86
internal_count=8947 8645 8457 1128 7329 733 6596 4970 631 302 86
is_linear=0
shrinkage=0.05


Tree=86
num_leaves=12
num_cat=0
split_feature=0 6 17 12 17 17 17 17 17 6 17
split_gain=5.45239e-05 5.99774e-05 9.0382e-06 2.99089e-06 1.91735e-05 8.79164e-06 1.20826e-05 5.7279e-06 2.7981e-06 2.18247e-07 6.36602e-06
threshold=2.5416666666666674 7.5000000000000009 7.0395900374172458 384.00000000000006 7.200356359288631 7.200356359288631 7.2133000484419894 7.1783939000347887 6.9309201606284425 7.5000000000000009 7.9877857129513661
decision_type=2 2 2 2 2 2 2 2 2 2 2
left_child=9 2 8 4 7 -5 -7 -4 -2 -1 -11
right_child=1 -3 3 5 -6 6 -8 -9 -10 10 -12
leaf_value=2.3455223780177743e-05 0 -2.8167494847992047e-05 0 -1.3287033028186165e-06 0 2.0133530657388205e-05 2.3145998672519516e-07 1.9305537498101246e-05 -4.4456107724634464e-06 -1.7347351337472505e-06 2.4670740553679366e-05
leaf_weight=248 158 188 141 2580 509 116 3769 214 970 29 25
leaf_count=248 158 188 141 2580 509 116 3769 214 970 29 25
internal_value=1.25932e-07 -3.50345e-08 2.45312e-09 1.19117e-06 4.5462e-06 0 2.1174e-06 1.35965e-05 -3.28659e-06 2.12203e-05 0
internal_weight=8947 8645 8457 7329 864 6465 3885 355 1128 302 54
internal_count=8947 8645 8457 7329 864 6465 3885 355 1128 302 54
is_linear=0
shrinkage=0.05


Tree=87
num_leaves=17
num_cat=0
split_feature=19 15 17 17 0 17 17 17 17 17 19 19 17 13 17 17
split_gain=4.95347e-05 5.02003e-05 3.37292e-05 9.64164e-05 1.66908e-05 8.74993e-06 7.7854e-06 7.00654e-06 2.00519e-05 5.43183e-05 1.16747e-05 2.0032e-05 1.67285e-06 8.64283e-07 4.8553e-07 1.23649e-08
threshold=0.52767307692307708 13.650000000000002 8.2566211272658538 7.8479119156778632 2.5416666666666674 7.0395900374172458 7.6714616578013848 7.2226790386014175 7.200356359288631 7.2133000484419894 0.51805769230769239 0.46442307692307699 7.6666386962426545 8.5000000000000018 8.8669400495053612 7.2226790386014175
decision_type=2 2 2 2 2 2 2 2 2 2 2 2 2 2 2 2
left_child=4 6 3 5 -1 -3 12 8 10 -10 11 -6 -2 -8 -4 -7
right_child=1 2 14 -5 7 15 13 -9 9 -11 -12 -13 -14 -15 -16 -17
leaf_value=2.3630910619869138e-05 0 -1.3716980510999164e-05 5.5086877937355824e-06 -4.880531337131378e-05 0 -1.324153360258311e-07 0 0 6.3214834081009021e-05 0 -9.2366056714462817e-07 9.3921440741141443e-06 -1.6516852189543117e-06 3.8427801662621348e-06 0 0
leaf_weight=215 136 333 39 181 261 1762 120 787 55 157 887 889 1532 1539 21 33
leaf_count=215 136 333 39 181 261 1762 120 787 55 157 887 889 1532 1539 21 33
internal_value=1.22095e-07 -2.08381e-06 -7.93224e-06 -1.00528e-05 5.52397e-06 -4.38673e-06 5.79321e-07 2.58797e-06 4.10187e-06 2.03245e-05 0 4.96985e-06 0 3.52106e-06 0 0
internal_weight=8947 5696 2369 2309 3251 2128 3327 3036 2249 212 2037 1150 1668 1659 60 1795
internal_count=8947 5696 2369 2309 3251 2128 3327 3036 2249 212 2037 1150 1668 1659 60 1795
is_linear=0
shrinkage=0.05


Tree=88
num_leaves=8
num_cat=0
split_feature=1 5 19 18 19 18 12
split_gain=4.7045e-05 4.77266e-05 7.68172e-06 1.62456e-05 6.16028e-06 9.76551e-06 7.9344e-08
threshold=6.7534722222222232 4.0000000000000009 0.52767307692307708 2.5000000000000004 0.4458076923076924 2.5000000000000004 384.00000000000006
decision_type=2 2 2 2 2 2 2
left_child=-1 2 4 -4 -2 -6 -5
right_child=1 -3 3 6 5 -7 -8
leaf_value=1.970729684586277e-05 0 -2.5126176620380081e-05 -4.4130438846483261e-06 0 5.3251774358113854e-06 0 5.4619707499489656e-07
leaf_weight=302 259 188 2119 119 2030 746 3184
leaf_count=302 259 188 2119 119 2030 746 3184
internal_value=8.828e-08 -2.09787e-08 0 -5.12553e-07 2.41997e-06 3.45663e-06 4.77022e-07
internal_weight=8947 8645 8457 5422 3035 2776 3303
internal_count=8947 8645 8457 5422 3035 2776 3303
is_linear=0
shrinkage=0.05


Tree=89
num_leaves=10
num_cat=0
split_feature=0 5 17 17 12 17 17 17 17
split_gain=4.24827e-05 4.30981e-05 8.04803e-06 2.31595e-06 1.97398e-06 1.60292e-05 7.44635e-06 9.02615e-06 5.19848e-06
threshold=2.5416666666666674 4.0000000000000009 7.0395900374172458 6.9309201606284425 384.00000000000006 7.200356359288631 7.200356359288631 7.2133000484419894 7.1783939000347887
decision_type=2 2 2 2 2 2 2 2 2
left_child=-1 2 3 -2 5 8 -6 -8 -4
right_child=1 -3 4 -5 6 -7 7 -9 -10
leaf_value=1.8725184571588097e-05 0 -2.38765156756118e-05 0 -4.2074802643346123e-06 -1.1888514353606108e-06 0 1.7892832496665162e-05 1.4142495366583036e-07 1.7616664579268111e-05
leaf_weight=302 158 188 141 970 2580 509 116 3769 214
leaf_count=302 158 188 141 970 2580 509 116 3769 214
internal_value=6.35474e-08 -1.21569e-08 0 -3.17759e-06 1.09073e-06 3.97323e-06 0 1.96259e-06 1.2285e-05
internal_weight=8947 8645 8457 1128 7329 864 6465 3885 355
internal_count=8947 8645 8457 1128 7329 864 6465 3885 355
is_linear=0
shrinkage=0.05


Tree=90
num_leaves=8
num_cat=0
split_feature=1 6 17 17 15 17 17
split_gain=3.83531e-05 3.89182e-05 7.40107e-06 2.15022e-06 1.77225e-06 1.52717e-06 4.54377e-06
threshold=6.7534722222222232 7.5000000000000009 7.0395900374172458 6.9309201606284425 12.800000000000002 7.200356359288631 7.6666386962426545
decision_type=2 2 2 2 2 2 2
left_child=-1 2 3 -2 -4 -6 -7
right_child=1 -3 4 -5 5 6 -8
leaf_value=1.7792015488600672e-05 0 -2.2689006596227131e-05 0 -3.9973227934476398e-06 0 6.6844680594849335e-06 0
leaf_weight=302 158 188 401 970 2935 625 3368
leaf_count=302 158 188 401 970 2935 625 3368
internal_value=6.13335e-08 0 0 -2.99685e-06 1.06814e-06 1.35882e-06 2.0394e-06
internal_weight=8947 8645 8457 1128 7329 6928 3993
internal_count=8947 8645 8457 1128 7329 6928 3993
is_linear=0
shrinkage=0.05


Tree=91
num_leaves=10
num_cat=0
split_feature=19 15 19 11 19 19 11 11 12
split_gain=3.908e-05 4.13328e-05 3.02409e-05 4.0311e-05 8.61695e-06 3.97602e-06 3.58632e-06 3.30242e-06 3.95325e-08
threshold=0.52767307692307708 13.650000000000002 0.72430769230769243 4.5000000000000009 0.46442307692307699 0.61517307692307699 4.5000000000000009 5.5000000000000009 384.00000000000006
decision_type=2 2 2 2 2 2 2 2 2
left_child=4 8 3 5 -1 -3 -6 -5 -2
right_child=1 2 -4 7 6 -7 -8 -9 -10
leaf_value=0 0 -5.0597358708452482e-06 0 -4.0988088183859454e-05 6.1168740806506999e-06 0 0 0 4.9474685844491924e-07
leaf_weight=329 120 2126 59 155 2910 12.999999999999998 11.999999999999998 15.999999999999998 3207
leaf_count=329 120 2126 59 155 2910 13 12 16 3207
internal_value=5.34657e-08 -1.84132e-06 -7.17359e-06 -9.24598e-06 4.91033e-06 -4.56076e-06 5.84767e-06 -3.84154e-05 4.54149e-07
internal_weight=8947 5696 2369 2310 3251 2139 2922 171 3327
internal_count=8947 5696 2369 2310 3251 2139 2922 171 3327
is_linear=0
shrinkage=0.05


Tree=92
num_leaves=8
num_cat=0
split_feature=0 5 17 17 15 17 17
split_gain=3.49514e-05 3.14553e-05 6.72927e-06 1.92088e-06 1.77699e-06 1.25361e-06 3.75239e-06
threshold=2.5416666666666674 4.0000000000000009 7.0395900374172458 6.9309201606284425 12.800000000000002 7.200356359288631 7.6666386962426545
decision_type=2 2 2 2 2 2 2
left_child=-1 2 3 -2 -4 -6 -7
right_child=1 -3 4 -5 5 6 -8
leaf_value=1.6983126542952047e-05 0 -2.0397915417291829e-05 0 -3.833427134926222e-06 0 6.2321725145360129e-06 0
leaf_weight=302 158 188 401 970 2935 625 3368
leaf_count=302 158 188 401 970 2935 625 3368
internal_value=4.07454e-08 0 0 -2.89571e-06 1.0018e-06 1.30492e-06 1.9336e-06
internal_weight=8947 8645 8457 1128 7329 6928 3993
internal_count=8947 8645 8457 1128 7329 6928 3993
is_linear=0
shrinkage=0.05


Tree=93
num_leaves=16
num_cat=0
split_feature=19 16 17 17 17 17 17 19 19 17 19 17 17 17 12
split_gain=3.37783e-05 3.67816e-05 3.0687e-05 7.63934e-05 1.31024e-05 8.14472e-06 4.17349e-05 1.24157e-05 1.34187e-05 6.64471e-06 3.75624e-06 3.09073e-06 1.62568e-06 1.34226e-06 7.4906e-07
threshold=0.52767307692307708 2.5000000000000004 8.2566211272658538 7.200356359288631 7.0395900374172458 7.200356359288631 7.2133000484419894 0.51805769230769239 0.46442307692307699 7.6714616578013848 0.47441346153846159 7.6455694296173329 7.6666386962426545 8.8669400495053612 384.00000000000006
decision_type=2 2 2 2 2 2 2 2 2 2 2 2 2 2 2
left_child=5 9 3 4 -3 7 -7 8 -1 12 -10 -8 -2 -4 -11
right_child=1 2 13 -5 -6 6 11 -9 10 14 -12 -13 -14 -15 -16
leaf_value=0 0 -1.1960855416094738e-05 9.1592018707160543e-06 -3.5616935236658454e-05 0 5.8163473482376765e-05 0 -1.3896143577808328e-06 1.8418947925590014e-05 0 0 4.7255130039680644e-06 -1.6282341136662099e-06 0 3.5163402771068867e-06
leaf_weight=291 136 333 39 283 1693 55 627 887 212 120 677 502 1532 21 1539
leaf_count=291 136 333 39 283 1693 55 627 887 212 120 677 502 1532 21 1539
internal_value=3.25267e-08 -1.68638e-06 -6.73797e-06 -8.93255e-06 -2.72273e-06 4.58129e-06 8.6476e-06 0 4.983e-06 4.09158e-07 8.40487e-06 1.76129e-06 0 0 3.21601e-06
internal_weight=8947 5696 2369 2309 2026 3251 1184 2067 1180 3327 889 1129 1668 60 1659
internal_count=8947 5696 2369 2309 2026 3251 1184 2067 1180 3327 889 1129 1668 60 1659
is_linear=0
shrinkage=0.05


Tree=94
num_leaves=11
num_cat=0
split_feature=0 17 17 17 12 17 17 17 17 17
split_gain=3.2129e-05 2.52276e-05 5.52187e-06 1.64056e-06 6.57161e-07 1.36987e-05 6.62198e-06 3.8117e-06 1.64205e-06 4.95807e-08
threshold=2.5416666666666674 7.8807743891090611 7.0395900374172458 6.9309201606284425 384.00000000000006 7.200356359288631 7.6831204213495203 7.1783939000347887 7.6666386962426545 7.6893425732886129
decision_type=2 2 2 2 2 2 2 2 2 2
left_child=-1 2 3 -2 5 7 8 -4 -6 -8
right_child=1 -3 4 -5 6 -7 9 -9 -10 -11
leaf_value=1.6283598054575399e-05 0 -1.8030476278946697e-05 0 -3.4368576037857668e-06 0 0 7.7898154014848592e-06 1.5530256944340328e-05 -1.6528450041002443e-06 0
leaf_weight=302 158 193 141 970 3415 509 272 214 1543 1230
leaf_count=302 158 193 141 970 3415 509 272 214 1543 1230
internal_value=4.67463e-08 0 0 -2.55464e-06 9.374e-07 3.05622e-06 0 1.09039e-05 -1.50903e-07 3.30749e-06
internal_weight=8947 8645 8452 1128 7324 864 6460 355 4958 1502
internal_count=8947 8645 8452 1128 7324 864 6460 355 4958 1502
is_linear=0
shrinkage=0.05


Tree=95
num_leaves=8
num_cat=0
split_feature=0 17 17 15 17 17 17
split_gain=2.90075e-05 2.27803e-05 5.08375e-06 1.63184e-06 1.52451e-06 1.39843e-06 3.253e-06
threshold=2.5416666666666674 7.8807743891090611 7.0395900374172458 12.800000000000002 6.9309201606284425 7.200356359288631 7.6666386962426545
decision_type=2 2 2 2 2 2 2
left_child=-1 2 4 -4 -2 -5 -7
right_child=1 -3 3 5 -6 6 -8
leaf_value=1.5472107418588432e-05 0 -1.7133599094918704e-05 0 0 -3.2651923555136492e-06 5.9115601161233289e-06 0
leaf_weight=302 158 193 401 2935 970 625 3363
leaf_count=302 158 193 401 2935 970 625 3363
internal_value=4.11807e-08 0 0 9.17659e-07 -2.407e-06 1.21658e-06 1.8562e-06
internal_weight=8947 8645 8452 7324 1128 6923 3988
internal_count=8947 8645 8452 7324 1128 6923 3988
is_linear=0
shrinkage=0.05


Tree=96
num_leaves=7
num_cat=0
split_feature=0 5 12 18 15 18
split_gain=2.61905e-05 2.05478e-05 2.40944e-07 5.30107e-08 2.25109e-07 1.775e-08
threshold=2.5416666666666674 4.0000000000000009 1.0000000180025095e-35 2.5000000000000004 12.800000000000002 1.5000000000000002
decision_type=2 2 2 2 2 2
left_child=-1 2 -2 5 -5 -4
right_child=1 -3 3 4 -6 -7
leaf_value=1.4701055354368027e-05 7.9212318100492944e-07 -1.6486229291158019e-05 0 0 4.2035051544419492e-07 -2.1208220433680932e-07
leaf_weight=302 959 188 12.999999999999998 369 3184 3932
leaf_count=302 959 188 13 369 3184 3932
internal_value=3.06014e-08 0 0 0 0 -1.83262e-07
internal_weight=8947 8645 8457 7498 3553 3945
internal_count=8947 8645 8457 7498 3553 3945
is_linear=0
shrinkage=0.05


Tree=97
num_leaves=12
num_cat=0
split_feature=19 15 17 17 17 19 17 10 17 17 17
split_gain=2.91901e-05 3.18208e-05 2.94751e-05 6.36912e-05 1.09154e-05 7.0572e-06 5.55204e-06 3.17492e-06 1.8456e-06 1.35277e-06 7.477e-07
threshold=0.52767307692307708 13.650000000000002 8.2566211272658538 7.200356359288631 7.0395900374172458 0.46442307692307699 7.6714616578013848 24.000000000000004 8.8669400495053612 7.6666386962426545 7.6893425732886129
decision_type=2 2 2 2 2 2 2 2 2 2 2
left_child=5 6 3 4 -3 -1 9 -7 -4 -2 -8
right_child=1 2 8 -5 -6 7 10 -9 -10 -11 -12
leaf_value=0 0 -1.101993110440783e-05 1.074010443335282e-05 -3.3163431182888609e-05 0 5.4059188132098115e-06 7.661892692592456e-06 0 0 -1.4852908174449604e-06 0
leaf_weight=329 136 333 39 283 1693 2910 273 11.999999999999998 21 1532 1386
leaf_count=329 136 333 39 283 1693 2910 273 12 21 1532 1386
internal_value=1.60474e-08 -1.53862e-06 -6.25422e-06 -8.48709e-06 -2.55884e-06 4.2771e-06 3.17602e-07 5.13698e-06 0 0 2.92639e-06
internal_weight=8947 5696 2369 2309 2026 3251 3327 2922 60 1668 1659
internal_count=8947 5696 2369 2309 2026 3251 3327 2922 60 1668 1659
is_linear=0
shrinkage=0.05


Tree=98
num_leaves=17
num_cat=0
split_feature=19 15 17 17 17 17 17 19 19 17 17 17 17 19 12 12
split_gain=2.58156e-05 2.94896e-05 2.82107e-05 5.55407e-05 9.70711e-06 6.82582e-06 3.95349e-05 1.08229e-05 1.21443e-05 5.30749e-06 1.955e-06 1.67004e-06 1.22096e-06 8.93128e-07 6.32519e-07 8.54275e-08
threshold=0.52767307692307708 13.650000000000002 8.2566211272658538 7.200356359288631 7.0395900374172458 7.200356359288631 7.2133000484419894 0.51805769230769239 0.46442307692307699 7.6714616578013848 7.6455694296173329 8.8669400495053612 7.6666386962426545 0.47441346153846159 384.00000000000006 756.00000000000011
decision_type=2 2 2 2 2 2 2 2 2 2 2 2 2 2 2 2
left_child=5 9 3 4 -3 7 -7 8 -1 12 -8 -4 -2 -10 -11 -16
right_child=1 2 11 -5 -6 6 10 -9 13 14 -12 -13 -14 -15 15 -17
leaf_value=0 0 -1.0470584166322662e-05 1.0216524322459002e-05 -3.1511098127147064e-05 0 5.4754700644740039e-05 0 -1.5796111505436665e-06 1.6421008277946793e-05 0 3.4101203842080245e-06 0 -1.4110750226979494e-06 0 3.200435662934746e-06 0
leaf_weight=291 136 333 39 283 1693 55 627 887 212 120 502 21 1532 677 1503 36
leaf_count=291 136 333 39 283 1693 55 627 887 212 120 502 21 1532 677 1503 36
internal_value=0 -1.42611e-06 -5.98764e-06 -8.20452e-06 -2.46832e-06 4.03523e-06 7.68675e-06 0 4.58633e-06 3.20363e-07 9.22597e-07 0 0 7.87561e-06 2.86338e-06 3.14081e-06
internal_weight=8947 5696 2369 2309 2026 3251 1184 2067 1180 3327 1129 60 1668 889 1659 1539
internal_count=8947 5696 2369 2309 2026 3251 1184 2067 1180 3327 1129 60 1668 889 1659 1539
is_linear=0
shrinkage=0.05


Tree=99
num_leaves=10
num_cat=0
split_feature=1 17 19 17 17 19 19 17 17
split_gain=2.45519e-05 1.41233e-05 3.85217e-06 2.03987e-05 9.72952e-06 0.000155356 6.97835e-06 8.56001e-06 4.65057e-06
threshold=6.7534722222222232 7.8807743891090611 0.51167307692307695 7.200356359288631 7.2133000484419894 0.537423076923077 0.4458076923076924 7.6831204213495203 7.6831204213495203
decision_type=2 2 2 2 2 2 2 2 2
left_child=-1 2 6 -4 5 -5 -2 -8 -6
right_child=1 -3 3 4 8 -7 7 -9 -10
leaf_value=1.4233040863881656e-05 0 -1.3490773948733382e-05 -3.8303312996220853e-06 9.365058077188829e-05 -2.2606635436434531e-07 0 6.4407831566363527e-06 0 2.6638829256628438e-06
leaf_weight=302 259 193 2913 47 2274 69 1167 102 1621
leaf_count=302 259 193 2913 47 2274 69 1167 102 1621
internal_value=1.40497e-08 0 0 -5.80986e-08 1.43551e-06 1.669e-05 2.50664e-06 4.61536e-06 0
internal_weight=8947 8645 8452 6924 4011 116 1528 1269 3895
internal_count=8947 8645 8452 6924 4011 116 1528 1269 3895
is_linear=0
shrinkage=0.05


Tree=100
num_leaves=12
num_cat=0
split_feature=19 15 17 17 17 19 17 11 17 17 17
split_gain=2.21815e-05 2.52463e-05 2.63997e-05 4.90347e-05 8.82852e-06 6.05732e-06 4.34552e-06 2.81808e-06 1.67691e-06 1.0835e-06 9.41609e-07
threshold=0.52767307692307708 13.650000000000002 8.2566211272658538 7.200356359288631 7.0395900374172458 0.46442307692307699 7.6714616578013848 4.5000000000000009 8.8669400495053612 7.6666386962426545 7.6893425732886129
decision_type=2 2 2 2 2 2 2 2 2 2 2
left_child=5 6 3 4 -3 -1 9 -7 -4 -2 -8
right_child=1 2 8 -5 -6 7 10 -9 -10 -11 -12
leaf_value=0 0 -9.7576788334527285e-06 1.02375277201645e-05 -2.9753926273385756e-05 0 4.8344680092689511e-06 6.9859395380196482e-06 0 0 -1.329270986046105e-06 0
leaf_weight=329 136 333 39 283 1693 2910 273 11.999999999999998 21 1532 1386
leaf_count=329 136 333 39 283 1693 2910 273 12 21 1532 1386
internal_value=0 -1.29853e-06 -5.53347e-06 -7.74504e-06 -2.19089e-06 3.75477e-06 2.15318e-07 4.56792e-06 0 0 2.57632e-06
internal_weight=8947 5696 2369 2309 2026 3251 3327 2922 60 1668 1659
internal_count=8947 5696 2369 2309 2026 3251 3327 2922 60 1668 1659
is_linear=0
shrinkage=0.05


Tree=101
num_leaves=11
num_cat=0
split_feature=0 17 17 19 19 17 17 17 17 17
split_gain=2.24625e-05 1.10051e-05 3.60492e-06 9.40514e-06 1.83978e-06 8.42527e-06 4.0828e-06 2.92865e-06 1.05022e-06 4.50347e-07
threshold=2.5416666666666674 7.8807743891090611 7.0395900374172458 0.537423076923077 0.51167307692307695 7.200356359288631 7.6831204213495203 7.1783939000347887 7.6666386962426545 7.6893425732886129
decision_type=2 2 2 2 2 2 2 2 2 2
left_child=-1 2 3 -2 5 7 8 -4 -6 -8
right_child=1 -3 4 -5 6 -7 9 -9 -10 -11
leaf_value=1.3613736728765686e-05 0 -1.1908729354696127e-05 0 -9.2712560454927235e-06 0 0 6.3589595235528544e-06 1.3082926833005839e-05 -1.375039478403269e-06 0
leaf_weight=302 795 193 141 333 3427 378 272 214 1543 1349
leaf_count=302 795 193 141 333 3427 378 272 214 1543 1349
internal_value=0 0 0 -2.1454e-06 7.21751e-07 3.38598e-06 0 9.0997e-06 -2.43087e-07 2.4722e-06
internal_weight=8947 8645 8452 1128 7324 733 6591 355 4970 1621
internal_count=8947 8645 8452 1128 7324 733 6591 355 4970 1621
is_linear=0
shrinkage=0.05


Tree=102
num_leaves=10
num_cat=0
split_feature=0 17 17 19 19 17 17 17 17
split_gain=2.02794e-05 9.93746e-06 3.2797e-06 8.54524e-06 1.53998e-06 7.79673e-06 3.90086e-06 8.48765e-06 2.49701e-06
threshold=2.5416666666666674 7.8807743891090611 7.0395900374172458 0.537423076923077 0.51167307692307695 7.200356359288631 7.200356359288631 7.2133000484419894 7.1783939000347887
decision_type=2 2 2 2 2 2 2 2 2
left_child=-1 2 3 -2 5 8 -6 -8 -4
right_child=1 -3 4 -5 6 -7 7 -9 -10
leaf_value=1.2935294186475105e-05 0 -1.1316361856141569e-05 0 -8.8090810572385527e-06 -9.9149212304860684e-07 0 1.5589284937446697e-05 0 1.2431821894160535e-05
leaf_weight=302 795 193 141 333 2580 378 116 3895 214
leaf_count=302 795 193 141 333 2580 378 116 3895 214
internal_value=0 0 0 -2.00868e-06 7.05317e-07 3.19527e-06 0 1.34102e-06 8.70648e-06
internal_weight=8947 8645 8452 1128 7324 733 6591 4011 355
internal_count=8947 8645 8452 1128 7324 733 6591 4011 355
is_linear=0
shrinkage=0.05


Tree=103
num_leaves=7
num_cat=0
split_feature=0 6 19 19 19 19
split_gain=1.83085e-05 8.91644e-06 2.18006e-06 5.43036e-06 5.25538e-07 2.84838e-07
threshold=2.5416666666666674 7.5000000000000009 0.51167307692307695 0.4458076923076924 0.59978846153846166 0.52767307692307708
decision_type=2 2 2 2 2 2
left_child=-1 2 3 -2 5 -4
right_child=1 -3 4 -5 -6 -7
leaf_value=1.2290663898095684e-05 0 -1.0860124872393768e-05 0 3.8705491302450142e-06 0 -6.8528830378993028e-07
leaf_weight=302 259 188 1507 1269 1109 4313
leaf_count=302 259 188 1507 1269 1109 4313
internal_value=0 0 0 1.88799e-06 0 -4.75087e-07
internal_weight=8947 8645 8457 1528 6929 5820
internal_count=8947 8645 8457 1528 6929 5820
is_linear=0
shrinkage=0.05


Tree=104
num_leaves=11
num_cat=0
split_feature=0 17 17 19 19 17 17 17 17 17
split_gain=1.65292e-05 8.1167e-06 3.13697e-06 7.54742e-06 9.34955e-07 7.09888e-06 3.90315e-06 2.1781e-06 9.27708e-07 2.00774e-07
threshold=2.5416666666666674 7.8807743891090611 7.0395900374172458 0.537423076923077 0.51167307692307695 7.200356359288631 7.6831204213495203 7.1783939000347887 7.6666386962426545 7.6893425732886129
decision_type=2 2 2 2 2 2 2 2 2 2
left_child=-1 2 3 -2 5 7 8 -4 -6 -8
right_child=1 -3 4 -5 6 -7 9 -9 -10 -11
leaf_value=1.167815947434911e-05 0 -1.0227248330358127e-05 0 -8.3357839704655708e-06 0 0 6.0763158204354638e-06 1.1620497201071229e-05 -1.2723315121971899e-06 0
leaf_weight=302 795 193 141 333 3427 378 272 214 1543 1349
leaf_count=302 795 193 141 333 3427 378 272 214 1543 1349
internal_value=0 0 0 -1.96054e-06 6.91527e-07 2.82078e-06 0 8.13984e-06 -1.90395e-07 2.42999e-06
internal_weight=8947 8645 8452 1128 7324 733 6591 355 4970 1621
internal_count=8947 8645 8452 1128 7324 733 6591 355 4970 1621
is_linear=0
shrinkage=0.05


Tree=105
num_leaves=18
num_cat=0
split_feature=19 15 17 17 17 17 19 19 17 17 17 12 17 10 17 12 12
split_gain=1.56359e-05 2.07871e-05 2.44984e-05 4.32102e-05 6.32352e-06 3.03874e-05 6.4212e-06 9.3341e-06 5.70068e-06 3.70076e-06 2.08832e-06 4.33298e-06 7.37026e-07 6.36147e-07 5.97961e-07 4.98925e-07 2.43985e-07
threshold=0.52767307692307708 13.650000000000002 8.2566211272658538 7.200356359288631 7.200356359288631 7.2133000484419894 0.51805769230769239 0.46442307692307699 7.0395900374172458 7.6714616578013848 8.8669400495053612 384.00000000000006 7.6666386962426545 48.000000000000007 7.6455694296173329 384.00000000000006 756.00000000000011
decision_type=2 2 2 2 2 2 2 2 2 2 2 2 2 2 2 2 2
left_child=4 9 3 8 6 -6 7 -1 -3 12 11 -4 -2 -5 -7 -11 -17
right_child=1 2 10 13 5 14 -8 -9 -10 15 -12 -13 -14 -15 -16 16 -18
leaf_value=0 0 -7.9202431607517424e-06 0 -2.8688654954277337e-05 4.7170632003274344e-05 0 -1.5013489610282701e-06 6.4813163609481341e-06 0 0 0 2.6419063813037878e-05 -1.0963275436912185e-06 0 1.7239404891004964e-06 2.7387735833551058e-06 0
leaf_weight=291 136 333 17 269 55 627 887 889 1693 120 21 22 1532 13.999999999999998 502 1503 36
leaf_count=291 136 333 17 269 55 627 887 889 1693 120 21 22 1532 14 502 1503 36
internal_value=0 -1.04851e-06 -4.94949e-06 -7.18659e-06 3.17715e-06 6.40645e-06 0 3.44933e-06 -1.8181e-06 2.27432e-07 0 1.14245e-05 0 -2.78723e-05 0 2.38267e-06 2.63239e-06
internal_weight=8947 5696 2369 2309 3251 1184 2067 1180 2026 3327 60 39 1668 283 1129 1659 1539
internal_count=8947 5696 2369 2309 3251 1184 2067 1180 2026 3327 60 39 1668 283 1129 1659 1539
is_linear=0
shrinkage=0.05


Tree=106
num_leaves=9
num_cat=0
split_feature=0 17 17 19 17 19 19 19
split_gain=1.53949e-05 6.25272e-06 2.83165e-06 5.97895e-06 5.36731e-07 1.04482e-05 1.83978e-06 2.64087e-07
threshold=2.5416666666666674 7.8807743891090611 7.0395900374172458 0.537423076923077 7.200356359288631 0.47441346153846159 0.51805769230769239 0.51805769230769239
decision_type=2 2 2 2 2 2 2 2
left_child=-1 2 3 -2 5 -4 -6 -7
right_child=1 -3 4 -5 6 7 -8 -9
leaf_value=1.1270329894662432e-05 0 -8.976432576129866e-06 1.0722622751843098e-05 -7.5254159175071441e-06 0 0 1.50438839198614e-06 -8.9365967139110957e-07
leaf_weight=302 795 193 214 333 390 141 3999 2580
leaf_count=302 795 193 214 333 390 141 3999 2580
internal_value=0 0 0 -1.87465e-06 6.51747e-07 0 1.00718e-06 -7.17433e-07
internal_weight=8947 8645 8452 1128 7324 2935 4389 2721
internal_count=8947 8645 8452 1128 7324 2935 4389 2721
is_linear=0
shrinkage=0.05


Tree=107
num_leaves=9
num_cat=0
split_feature=0 17 17 19 17 19 19 19
split_gain=1.38987e-05 5.64615e-06 2.49767e-06 5.42577e-06 4.54235e-07 9.42435e-06 1.72093e-06 2.47942e-07
threshold=2.5416666666666674 7.8807743891090611 7.0395900374172458 0.537423076923077 7.200356359288631 0.47441346153846159 0.51805769230769239 0.51805769230769239
decision_type=2 2 2 2 2 2 2 2
left_child=-1 2 3 -2 5 -4 -6 -7
right_child=1 -3 4 -5 6 7 -8 -9
leaf_value=1.0708673190934085e-05 0 -8.5299245477744029e-06 1.018899354303992e-05 -7.1502721481217611e-06 0 0 1.4291880156906699e-06 -8.4899663435333472e-07
leaf_weight=302 795 193 214 333 390 141 3999 2580
leaf_count=302 795 193 214 333 390 141 3999 2580
internal_value=0 0 0 -1.76367e-06 6.10756e-07 0 9.38664e-07 -6.75084e-07
internal_weight=8947 8645 8452 1128 7324 2935 4389 2721
internal_count=8947 8645 8452 1128 7324 2935 4389 2721
is_linear=0
shrinkage=0.05


Tree=108
num_leaves=16
num_cat=0
split_feature=19 15 17 17 17 17 19 19 17 17 17 17 17 17 17
split_gain=1.3256e-05 1.73105e-05 2.28509e-05 3.8491e-05 6.12306e-06 2.76736e-05 4.85484e-06 8.21063e-06 4.19401e-06 2.91602e-06 2.06262e-06 8.65627e-07 7.98484e-07 7.17771e-07 3.36602e-07
threshold=0.52767307692307708 13.650000000000002 8.2566211272658538 7.200356359288631 7.200356359288631 7.2133000484419894 0.51805769230769239 0.46442307692307699 7.0395900374172458 7.6714616578013848 8.8669400495053612 7.6666386962426545 8.0944061379747652 7.6893425732886129 7.6455694296173329
decision_type=2 2 2 2 2 2 2 2 2 2 2 2 2 2 2
left_child=4 9 3 8 6 -6 7 -1 -3 11 -4 -2 -5 -11 -7
right_child=1 2 10 12 5 14 -8 -9 -10 13 -12 -13 -14 -15 -16
leaf_value=0 0 -6.7938281866947657e-06 1.1354015703545877e-05 -2.7684660699098741e-05 4.4731111515180339e-05 0 -1.3393330595430891e-06 5.9085524670162962e-06 0 5.7594306194682318e-06 0 -1.1881309502502321e-06 0 0 1.2934351177406113e-06
leaf_weight=291 136 333 39 259 55 627 887 889 1693 273 21 1532 24 1386 502
leaf_count=291 136 333 39 259 55 627 887 889 1693 273 21 1532 24 1386 502
internal_value=0 -9.89929e-07 -4.54024e-06 -6.77345e-06 2.91099e-06 6.01438e-06 0 2.98801e-06 -1.55972e-06 3.62795e-08 0 0 -2.63561e-05 2.09624e-06 0
internal_weight=8947 5696 2369 2309 3251 1184 2067 1180 2026 3327 60 1668 283 1659 1129
internal_count=8947 5696 2369 2309 3251 1184 2067 1180 2026 3327 60 1668 283 1659 1129
is_linear=0
shrinkage=0.05


Tree=109
num_leaves=9
num_cat=0
split_feature=0 17 17 19 17 19 19 19
split_gain=1.3012e-05 4.30111e-06 2.24399e-06 4.26449e-06 4.04571e-07 8.01363e-06 1.65591e-06 2.03985e-07
threshold=2.5416666666666674 7.8807743891090611 7.0395900374172458 0.537423076923077 7.200356359288631 0.47441346153846159 0.51805769230769239 0.51805769230769239
decision_type=2 2 2 2 2 2 2 2
left_child=-1 2 3 -2 5 -4 -6 -7
right_child=1 -3 4 -5 6 7 -8 -9
leaf_value=1.036147421407252e-05 0 -7.4449119467279837e-06 9.3906055702719569e-06 -6.4551540482078227e-06 0 0 1.3697570350177556e-06 -7.8354766641096493e-07
leaf_weight=302 795 193 214 333 390 141 3999 2580
leaf_count=302 795 193 214 333 390 141 3999 2580
internal_value=0 0 0 -1.69828e-06 5.6686e-07 0 8.75531e-07 -6.28328e-07
internal_weight=8947 8645 8452 1128 7324 2935 4389 2721
internal_count=8947 8645 8452 1128 7324 2935 4389 2721
is_linear=0
shrinkage=0.05


Tree=110
num_leaves=9
num_cat=0
split_feature=1 17 17 19 17 19 19 19
split_gain=1.17475e-05 3.88386e-06 1.98221e-06 3.86522e-06 3.39426e-07 7.22826e-06 1.54828e-06 1.91516e-07
threshold=6.7534722222222232 7.8807743891090611 7.0395900374172458 0.537423076923077 7.200356359288631 0.47441346153846159 0.51805769230769239 0.51805769230769239
decision_type=2 2 2 2 2 2 2 2
left_child=-1 2 3 -2 5 -4 -6 -7
right_child=1 -3 4 -5 6 7 -8 -9
leaf_value=9.8451098758364615e-06 0 -7.074584946073543e-06 8.9232562066510663e-06 -6.1333632726824572e-06 0 0 1.3012865556720499e-06 -7.4438683199524836e-07
leaf_weight=302 795 193 214 333 390 141 3999 2580
leaf_count=302 795 193 214 333 390 141 3999 2580
internal_value=0 0 0 -1.60309e-06 5.29551e-07 0 8.13143e-07 -5.91196e-07
internal_weight=8947 8645 8452 1128 7324 2935 4389 2721
internal_count=8947 8645 8452 1128 7324 2935 4389 2721
is_linear=0
shrinkage=0.05


Tree=111
num_leaves=9
num_cat=0
split_feature=19 15 19 11 19 11 19 11
split_gain=1.11994e-05 1.46284e-05 2.07488e-05 9.90642e-06 4.35525e-06 2.94675e-06 2.54551e-06 2.10519e-06
threshold=0.52767307692307708 13.650000000000002 0.72430769230769243 4.5000000000000009 0.46442307692307699 5.5000000000000009 0.61517307692307699 4.5000000000000009
decision_type=2 2 2 2 2 2 2 2
left_child=4 -2 3 6 -1 -5 -3 -6
right_child=1 2 -4 5 7 -7 -8 -9
leaf_value=0 0 -3.0843757219548229e-06 0 -2.6737641829197691e-05 3.6756852569067095e-06 0 0 0
leaf_weight=329 3327 2126 59 155 2910 15.999999999999998 12.999999999999998 11.999999999999998
leaf_count=329 3327 2126 59 155 2910 16 13 12
internal_value=0 -9.19816e-07 -4.17906e-06 -6.35264e-06 2.66973e-06 -2.46083e-05 -2.54595e-06 3.41389e-06
internal_weight=8947 5696 2369 2310 3251 171 2139 2922
internal_count=8947 5696 2369 2310 3251 171 2139 2922
is_linear=0
shrinkage=0.05


Tree=112
num_leaves=7
num_cat=0
split_feature=0 6 19 19 19 19
split_gain=1.07466e-05 2.74001e-06 3.98046e-07 2.95407e-06 2.45556e-07 1.93209e-08
threshold=2.5416666666666674 7.5000000000000009 0.51167307692307695 0.4458076923076924 0.59978846153846166 0.52767307692307708
decision_type=2 2 2 2 2 2
left_child=-1 2 3 -2 5 -4
right_child=1 -3 4 -5 -6 -7
leaf_value=9.4163771807108529e-06 0 -6.0202637961425033e-06 0 2.5687853042432746e-06 0 -3.9178896377722715e-07
leaf_weight=302 259 188 1507 1269 1109 4313
leaf_count=302 259 188 1507 1269 1109 4313
internal_value=0 0 0 8.06739e-07 0 -3.24748e-07
internal_weight=8947 8645 8457 1528 6929 5820
internal_count=8947 8645 8457 1528 6929 5820
is_linear=0
shrinkage=0.05


Tree=113
num_leaves=6
num_cat=0
split_feature=0 17 17 19 17
split_gain=9.70216e-06 2.51432e-06 1.83456e-06 3.10137e-06 2.44094e-07
threshold=2.5416666666666674 7.8807743891090611 7.0395900374172458 0.537423076923077 7.200356359288631
decision_type=2 2 2 2 2
left_child=-1 2 3 -2 -4
right_child=1 -3 4 -5 -6
leaf_value=8.9471114080141083e-06 0 -5.6921856952444086e-06 0 -5.6543252331519795e-06 7.1934055634784042e-07
leaf_weight=302 795 193 2935 333 4389
leaf_count=302 795 193 2935 333 4389
internal_value=0 0 0 -1.6096e-06 4.76244e-07
internal_weight=8947 8645 8452 1128 7324
internal_count=8947 8645 8452 1128 7324
is_linear=0
shrinkage=0.05


Tree=114
num_leaves=6
num_cat=0
split_feature=0 17 17 17 17
split_gain=8.75924e-06 2.2704e-06 1.65769e-06 4.18993e-07 2.14304e-07
threshold=2.5416666666666674 7.8807743891090611 7.0395900374172458 6.9309201606284425 7.200356359288631
decision_type=2 2 2 2 2
left_child=-1 2 3 -2 -4
right_child=1 -3 4 -5 -6
leaf_value=8.5012339921545222e-06 0 -5.4090434436541707e-06 0 -1.9460509473172108e-06 6.8338185061927141e-07
leaf_weight=302 158 193 2935 970 4389
leaf_count=302 158 193 2935 970 4389
internal_value=0 0 0 -1.52621e-06 4.54694e-07
internal_weight=8947 8645 8452 1128 7324
internal_count=8947 8645 8452 1128 7324
is_linear=0
shrinkage=0.05


Tree=115
num_leaves=18
num_cat=0
split_feature=19 15 17 17 17 17 17 17 19 19 17 17 19 17 17 17 17
split_gain=8.81211e-06 1.24987e-05 2.02434e-05 3.25942e-05 5.41204e-06 2.71227e-05 4.04829e-06 5.08148e-06 3.30089e-06 6.72946e-06 2.73608e-06 2.34897e-06 2.35722e-06 2.18317e-06 1.05672e-06 8.73647e-07 6.5393e-09
threshold=0.52767307692307708 13.650000000000002 8.2566211272658538 7.200356359288631 7.200356359288631 7.2133000484419894 8.0529439743463929 7.8479119156778632 0.51805769230769239 0.46442307692307699 7.0395900374172458 8.8669400495053612 0.72430769230769243 7.6714616578013848 7.6666386962426545 7.6893425732886129 7.6455694296173329
decision_type=2 2 2 2 2 2 2 2 2 2 2 2 2 2 2 2 2
left_child=4 13 3 10 8 -6 7 -5 9 -1 -3 12 -4 14 -2 -15 -7
right_child=1 2 11 6 5 16 -8 -9 -10 -11 -12 -13 -14 15 -16 -17 -18
leaf_value=0 0 -5.275444113677311e-06 0 0 4.2154672888240641e-05 0 0 -4.0562288455763143e-05 -1.3797069419393532e-06 5.1259954007956578e-06 0 0 2.1272481686677414e-05 5.281165496827091e-06 -1.3127420626128722e-06 0 1.8028174978011987e-07
leaf_weight=291 136 333 13.999999999999998 102 55 627 68 113 887 889 1693 21 25 273 1532 1386 502
leaf_count=291 136 333 14 102 55 627 68 113 887 889 1693 21 25 273 1532 1386 502
internal_value=0 -8.22521e-07 -3.84845e-06 -6.09128e-06 2.36414e-06 5.17264e-06 -2.40846e-05 -2.84524e-05 0 2.35715e-06 -1.10055e-06 0 1.21166e-05 0 0 1.81326e-06 0
internal_weight=8947 5696 2369 2309 3251 1184 283 215 2067 1180 2026 60 39 3327 1668 1659 1129
internal_count=8947 5696 2369 2309 3251 1184 283 215 2067 1180 2026 60 39 3327 1668 1659 1129
is_linear=0
shrinkage=0.05


Tree=116
num_leaves=12
num_cat=0
split_feature=0 19 15 17 17 17 17 19 19 17 17
split_gain=8.53694e-06 1.8645e-06 1.3793e-05 2.1035e-06 2.01565e-06 1.09763e-05 2.296e-05 1.90482e-06 7.14864e-06 9.53756e-07 3.6822e-07
threshold=2.5416666666666674 0.52767307692307708 13.650000000000002 7.6831204213495203 7.2226790386014175 7.200356359288631 7.2133000484419894 0.51805769230769239 0.46442307692307699 7.6666386962426545 7.6893425732886129
decision_type=2 2 2 2 2 2 2 2 2 2 2
left_child=-1 4 3 9 5 7 -7 8 -2 -3 -5
right_child=1 2 -4 10 -6 6 -8 -9 -10 -11 -12
leaf_value=8.3926630171058886e-06 0 0 -4.1059118413082827e-06 4.757602510858888e-06 0 4.008457833801263e-05 0 -1.3107998182038514e-06 4.8699834264011724e-06 -1.2471470047020524e-06 0
leaf_weight=302 261 136 2315 272 787 55 157 887 889 1532 1354
leaf_count=302 261 136 2315 272 787 55 157 887 889 1532 1354
internal_value=0 0 -9.01741e-07 0 1.81057e-07 1.51124e-06 1.23675e-05 0 1.67682e-06 0 1.79782e-06
internal_weight=8947 8645 5609 3294 3036 2249 212 2037 1150 1668 1626
internal_count=8947 8645 5609 3294 3036 2249 212 2037 1150 1668 1626
is_linear=0
shrinkage=0.05


Tree=117
num_leaves=6
num_cat=0
split_feature=0 17 17 17 17
split_gain=7.70726e-06 1.50142e-06 1.67593e-06 3.11617e-07 6.21232e-08
threshold=2.5416666666666674 7.8807743891090611 7.0395900374172458 6.9309201606284425 7.200356359288631
decision_type=2 2 2 2 2
left_child=-1 2 3 -2 -4
right_child=1 -3 4 -5 -6
leaf_value=7.9744150297310534e-06 0 -4.3986639618956399e-06 0 -1.888212128748578e-06 6.1533466292625945e-07
leaf_weight=302 158 193 2935 970 4389
leaf_count=302 158 193 2935 970 4389
internal_value=0 0 0 -1.54154e-06 4.53565e-07
internal_weight=8947 8645 8452 1128 7324
internal_count=8947 8645 8452 1128 7324
is_linear=0
shrinkage=0.05


Tree=118
num_leaves=18
num_cat=0
split_feature=19 15 17 17 17 17 17 17 19 19 17 17 19 17 17 17 19
split_gain=7.10595e-06 1.06083e-05 1.87992e-05 3.1006e-05 5.02931e-06 2.14594e-05 3.79569e-06 3.46517e-06 2.46143e-06 5.84683e-06 2.40104e-06 2.206e-06 2.15067e-06 1.88571e-06 9.06079e-07 5.85476e-07 1.35872e-07
threshold=0.52767307692307708 13.650000000000002 8.2566211272658538 7.200356359288631 7.200356359288631 7.2133000484419894 8.0529439743463929 7.8479119156778632 0.51805769230769239 0.46442307692307699 7.0395900374172458 8.8669400495053612 0.72430769230769243 7.6714616578013848 7.6666386962426545 7.6893425732886129 0.47441346153846159
decision_type=2 2 2 2 2 2 2 2 2 2 2 2 2 2 2 2 2
left_child=4 13 3 10 8 -6 7 -5 9 -1 -3 12 -4 14 -2 -15 -11
right_child=1 2 11 6 5 -7 -8 -9 -10 16 -12 -13 -14 15 -16 -17 -18
leaf_value=0 0 -4.7136519158615947e-06 0 0 3.8085921218485703e-05 0 0 -3.8675897440203184e-05 -1.2453347074836994e-06 9.6251706247318508e-06 0 0 2.0467314114704576e-05 4.7483982847963984e-06 -1.2155754105306418e-06 0 0
leaf_weight=291 136 333 13.999999999999998 102 55 1129 68 113 887 212 1693 21 25 273 1532 1386 677
leaf_count=291 136 333 14 102 55 1129 68 113 887 212 1693 21 25 273 1532 1386 677
internal_value=0 -6.9559e-07 -3.51473e-06 -5.74627e-06 2.14829e-06 4.82449e-06 -2.31629e-05 -2.73744e-05 0 2.01106e-06 -8.36511e-07 0 1.1742e-05 0 0 1.68521e-06 4.66802e-06
internal_weight=8947 5696 2369 2309 3251 1184 283 215 2067 1180 2026 60 39 3327 1668 1659 889
internal_count=8947 5696 2369 2309 3251 1184 283 215 2067 1180 2026 60 39 3327 1668 1659 889
is_linear=0
shrinkage=0.05


Tree=119
num_leaves=12
num_cat=0
split_feature=1 19 15 17 17 17 17 19 19 17 17
split_gain=7.52933e-06 1.36871e-06 1.19662e-05 1.8552e-06 1.63292e-06 9.29615e-06 1.84468e-05 1.46835e-06 6.40992e-06 8.17794e-07 1.20368e-07
threshold=6.7534722222222232 0.52767307692307708 13.650000000000002 7.6831204213495203 7.2226790386014175 7.200356359288631 7.2133000484419894 0.51805769230769239 0.46442307692307699 7.6666386962426545 7.6893425732886129
decision_type=2 2 2 2 2 2 2 2 2 2 2
left_child=-1 4 3 9 5 7 -7 8 -2 -3 -5
right_child=1 2 -4 10 -6 6 -8 -9 -10 -11 -12
leaf_value=7.881824526145881e-06 0 0 -3.7935158096847548e-06 4.2533886939480782e-06 0 3.6215627998379723e-05 0 -1.1831371834436596e-06 4.5533837059992125e-06 -1.1548375332210424e-06 0
leaf_weight=302 261 136 2315 272 787 55 157 887 889 1532 1354
leaf_count=302 261 136 2315 272 787 55 157 887 889 1532 1354
internal_value=0 0 -7.80033e-07 0 5.24926e-08 1.34836e-06 1.13276e-05 0 1.45235e-06 0 1.68839e-06
internal_weight=8947 8645 5609 3294 3036 2249 212 2037 1150 1668 1626
internal_count=8947 8645 5609 3294 3036 2249 212 2037 1150 1668 1626
is_linear=0
shrinkage=0.05


Tree=120
num_leaves=12
num_cat=0
split_feature=0 19 15 17 17 17 17 19 19 17 17
split_gain=6.79758e-06 1.08798e-06 1.09443e-05 1.77789e-06 1.37819e-06 8.67034e-06 1.65161e-05 1.199e-06 5.91198e-06 7.3811e-07 5.74832e-09
threshold=2.5416666666666674 0.52767307692307708 13.650000000000002 7.6831204213495203 7.2226790386014175 7.200356359288631 7.2133000484419894 0.51805769230769239 0.46442307692307699 7.6666386962426545 7.6893425732886129
decision_type=2 2 2 2 2 2 2 2 2 2 2
left_child=-1 4 3 9 5 7 -7 8 -2 -3 -5
right_child=1 2 -4 10 -6 6 -8 -9 -10 -11 -12
leaf_value=7.4890331694050979e-06 0 0 -3.6039205843831914e-06 4.0414988939535637e-06 0 3.4437179607006584e-05 0 -1.1240473552764314e-06 4.3259706593478639e-06 -1.0971331996089897e-06 0
leaf_weight=302 261 136 2315 272 787 55 157 887 889 1532 1354
leaf_count=302 261 136 2315 272 787 55 157 887 889 1532 1354
internal_value=0 0 -6.96305e-07 0 0 1.23746e-06 1.086e-05 0 1.27651e-06 0 1.65283e-06
internal_weight=8947 8645 5609 3294 3036 2249 212 2037 1150 1668 1626
internal_count=8947 8645 5609 3294 3036 2249 212 2037 1150 1668 1626
is_linear=0
shrinkage=0.05


Tree=121
num_leaves=6
num_cat=0
split_feature=0 17 17 15 17
split_gain=6.13695e-06 1.00609e-06 1.53223e-06 1.16894e-06 2.02609e-07
threshold=2.5416666666666674 7.0395900374172458 7.8807743891090611 12.800000000000002 6.9309201606284425
decision_type=2 2 2 2 2
left_child=-1 4 3 -3 -2
right_child=1 2 -4 -5 -6
leaf_value=7.1158188836274063e-06 0 0 -3.3061299109249361e-06 8.1794715889968854e-07 -1.7640880834412913e-06
leaf_weight=302 158 401 193 6923 970
leaf_count=302 158 401 193 6923 970
internal_value=0 0 0 4.83173e-07 -1.4926e-06
internal_weight=8947 8645 7517 7324 1128
internal_count=8947 8645 7517 7324 1128
is_linear=0
shrinkage=0.05


Tree=122
num_leaves=6
num_cat=0
split_feature=0 17 17 8 16
split_gain=5.54052e-06 9.06525e-07 1.34488e-06 1.25462e-06 1.09336e-06
threshold=2.5416666666666674 7.0395900374172458 7.8807743891090611 3.5000000000000004 1.5000000000000002
decision_type=2 2 2 2 2
left_child=-1 3 4 -2 -3
right_child=1 2 -4 -5 -6
leaf_value=6.7612016189339329e-06 0 0 -3.1416750105038467e-06 -4.0219708432619102e-06 7.7705578684744636e-07
leaf_weight=302 795 401 193 333 6923
leaf_count=302 795 401 193 333 6923
internal_value=0 0 0 -1.41681e-06 4.4452e-07
internal_weight=8947 8645 7517 1128 7324
internal_count=8947 8645 7517 1128 7324
is_linear=0
shrinkage=0.05


Tree=123
num_leaves=18
num_cat=0
split_feature=19 15 17 17 17 17 17 17 17 19 17 19 19 17 17 17 19
split_gain=5.02915e-06 8.23057e-06 1.69389e-05 3.04336e-05 4.43528e-06 1.51246e-05 3.92055e-06 2.4412e-06 2.13885e-06 1.94557e-06 1.78891e-06 1.64249e-06 4.85889e-06 1.43918e-06 7.71961e-07 3.2814e-07 3.04339e-07
threshold=0.52767307692307708 13.650000000000002 8.2566211272658538 7.200356359288631 7.200356359288631 7.2133000484419894 8.0529439743463929 7.8479119156778632 8.8669400495053612 0.72430769230769243 7.0395900374172458 0.51805769230769239 0.46442307692307699 7.6714616578013848 7.6666386962426545 7.6893425732886129 0.47441346153846159
decision_type=2 2 2 2 2 2 2 2 2 2 2 2 2 2 2 2 2
left_child=4 13 3 10 11 -6 7 -5 9 -4 -3 12 -1 14 -2 -15 -14
right_child=1 2 8 6 5 -7 -8 -9 -10 -11 -12 -13 16 15 -16 -17 -18
leaf_value=0 0 -3.8214741979828818e-06 0 0 3.2667744256156891e-05 0 0 -3.7017899602161429e-05 0 1.9817468732631255e-05 0 -1.1475687465831836e-06 8.6249074430812679e-06 4.0156225421107758e-06 -1.1220094623300504e-06 0 0
leaf_weight=291 136 333 13.999999999999998 102 55 1129 68 113 21 25 1693 887 212 273 1532 1386 677
leaf_count=291 136 333 14 102 55 1129 68 113 21 25 1693 887 212 273 1532 1386 677
internal_value=0 -5.4793e-07 -3.06655e-06 -5.28962e-06 1.82763e-06 4.30393e-06 -2.22274e-05 -2.63623e-05 0 1.15619e-05 -4.47184e-07 0 1.57693e-06 0 0 1.47223e-06 4.11684e-06
internal_weight=8947 5696 2369 2309 3251 1184 283 215 60 39 2026 2067 1180 3327 1668 1659 889
internal_count=8947 5696 2369 2309 3251 1184 283 215 60 39 2026 2067 1180 3327 1668 1659 889
is_linear=0
shrinkage=0.05


Tree=124
num_leaves=12
num_cat=0
split_feature=0 19 17 17 15 17 19 17 17 17 17
split_gain=5.46659e-06 9.30041e-07 5.43773e-06 5.49652e-06 1.22483e-06 1.69359e-06 1.21279e-06 3.63298e-06 4.70072e-07 3.79463e-06 1.97314e-07
threshold=2.5416666666666674 0.51167307692307695 7.200356359288631 7.4662786483507304 13.650000000000002 7.6831204213495203 0.4458076923076924 7.6831204213495203 7.9877857129513661 7.7370665455226684 6.9309201606284425
decision_type=2 2 2 2 2 2 2 2 2 2 2
left_child=8 6 -3 -4 5 -5 -2 10 9 -1 -8
right_child=1 2 3 4 -6 -7 7 -9 -10 -11 -12
leaf_value=6.6095126164038458e-06 0 -2.3373236197993601e-06 6.4237975614317041e-06 -5.1422167422851514e-07 -3.8276772030632371e-06 1.5070189878143259e-06 0 0 2.389210473316219e-05 -3.3111172547984063e-07 3.5140276180448451e-06
leaf_weight=216 259 2913 332 2037 208 1626 147 103 25 61 1020
leaf_count=216 259 2913 332 2037 208 1626 147 103 25 61 1020
internal_value=0 0 -5.71573e-07 0 0 0 2.37638e-09 1.54451e-06 6.71594e-06 0 3.22055e-06
internal_weight=8947 8645 7116 4203 3871 3663 1529 1270 302 277 1167
internal_count=8947 8645 7116 4203 3871 3663 1529 1270 302 277 1167
is_linear=0
shrinkage=0.05


Tree=125
num_leaves=8
num_cat=0
split_feature=0 17 17 15 8 17 17
split_gain=4.9413e-06 7.95488e-07 8.75013e-07 9.98464e-07 8.54659e-07 4.38247e-07 3.42632e-06
threshold=2.5416666666666674 7.0395900374172458 7.8807743891090611 12.800000000000002 3.5000000000000004 7.9877857129513661 7.7370665455226684
decision_type=2 2 2 2 2 2 2
left_child=5 4 3 -3 -2 6 -1
right_child=1 2 -4 -5 -6 -7 -8
leaf_value=6.2805604434267431e-06 0 0 -2.3090608911590276e-06 7.2598570019062616e-07 -3.5144558209858962e-06 2.2743443707720582e-05 -3.1481433149066219e-07
leaf_weight=216 795 401 193 6923 333 25 61
leaf_count=216 795 401 193 6923 333 25 61
internal_value=0 0 0 3.96774e-07 -1.32721e-06 6.38512e-06 0
internal_weight=8947 8645 7517 7324 1128 302 277
internal_count=8947 8645 7517 7324 1128 302 277
is_linear=0
shrinkage=0.05


Tree=126
num_leaves=8
num_cat=0
split_feature=1 17 17 16 8 17 17
split_gain=4.46649e-06 7.34572e-07 7.58556e-07 9.32478e-07 7.55156e-07 4.08228e-07 3.09376e-06
threshold=6.7534722222222232 7.0395900374172458 7.8807743891090611 1.5000000000000002 3.5000000000000004 7.9877857129513661 7.7370665455226684
decision_type=2 2 2 2 2 2 2
left_child=5 4 3 -3 -2 6 -1
right_child=1 2 -4 -5 -6 -7 -8
leaf_value=5.9679792555529737e-06 0 0 -2.1942034582775457e-06 6.896913191496649e-07 -3.3392602813773097e-06 2.1650016379470999e-05 -2.9932874660457853e-07
leaf_weight=216 795 401 193 6923 333 25 61
leaf_count=216 795 401 193 6923 333 25 61
internal_value=0 0 0 3.62466e-07 -1.27538e-06 6.07061e-06 0
internal_weight=8947 8645 7517 7324 1128 302 277
internal_count=8947 8645 7517 7324 1128 302 277
is_linear=0
shrinkage=0.05


Tree=127
num_leaves=17
num_cat=0
split_feature=19 15 17 17 17 17 17 17 17 19 19 17 17 17 17 19
split_gain=4.12398e-06 7.25688e-06 1.60999e-05 2.94507e-05 3.99118e-06 3.88708e-06 1.37165e-05 1.92394e-06 1.27105e-06 1.24012e-06 4.39541e-06 1.1175e-06 7.56871e-07 3.56331e-07 3.52655e-07 1.37134e-07
threshold=0.52767307692307708 13.650000000000002 8.2566211272658538 7.200356359288631 8.0529439743463929 7.200356359288631 7.2133000484419894 8.8669400495053612 7.0395900374172458 0.51805769230769239 0.46442307692307699 7.6714616578013848 7.6666386962426545 7.6893425732886129 7.8479119156778632 0.47441346153846159
decision_type=2 2 2 2 2 2 2 2 2 2 2 2 2 2 2 2
left_child=5 11 3 8 14 9 -7 -4 -3 10 -1 12 -2 -13 -5 -12
right_child=1 2 7 4 -6 6 -8 -9 -10 -11 15 13 -14 -15 -16 -17
leaf_value=0 0 -3.1727973155992398e-06 1.0965671192934672e-05 0 0 3.0699335994930668e-05 0 0 0 -1.044224050060661e-06 7.9503658057098641e-06 3.6670645300400256e-06 -1.1109892200388192e-06 0 -3.5569969178667589e-05 0
leaf_weight=291 136 333 39 102 68 55 1129 21 1693 887 212 273 1532 1386 113 677
leaf_count=291 136 333 39 102 68 55 1129 21 1693 887 212 273 1532 1386 113 677
internal_value=0 -5.20202e-07 -2.88191e-06 -5.09366e-06 -2.1671e-05 1.64203e-06 3.94968e-06 0 -3.01813e-07 0 1.3436e-06 0 0 1.2973e-06 -2.57619e-05 3.83955e-06
internal_weight=8947 5696 2369 2309 283 3251 1184 60 2026 2067 1180 3327 1668 1659 215 889
internal_count=8947 5696 2369 2309 283 3251 1184 60 2026 2067 1180 3327 1668 1659 215 889
is_linear=0
shrinkage=0.05


Tree=128
num_leaves=8
num_cat=0
split_feature=2 17 8 17 17 17 15
split_gain=4.44682e-06 6.28109e-07 5.86048e-07 5.69073e-07 2.79063e-06 4.96501e-07 8.47501e-07
threshold=30.500000000000004 7.0395900374172458 3.5000000000000004 7.9877857129513661 7.7370665455226684 7.8807743891090611 12.800000000000002
decision_type=2 2 2 2 2 2 2
left_child=3 2 -2 4 -1 6 -3
right_child=1 5 -4 -5 -6 -7 -8
leaf_value=5.67011144881304e-06 0 0 -3.0146316732530908e-06 2.1961267070414919e-05 0 -1.606422439771889e-06 6.4262345439005809e-07
leaf_weight=216 795 401 333 25 61 193 6923
leaf_count=216 795 401 333 25 61 193 6923
internal_value=0 0 -1.17934e-06 6.05722e-06 0 0 3.17975e-07
internal_weight=8947 8645 1128 302 277 7517 7324
internal_count=8947 8645 1128 302 277 7517 7324
is_linear=0
shrinkage=0.05


Tree=129
num_leaves=8
num_cat=0
split_feature=0 17 17 17 8 17 15
split_gain=4.02744e-06 5.81646e-07 5.17754e-07 2.51977e-06 5.14477e-07 4.23191e-07 7.89884e-07
threshold=2.5416666666666674 7.0395900374172458 7.9877857129513661 7.7370665455226684 3.5000000000000004 7.8807743891090611 12.800000000000002
decision_type=2 2 2 2 2 2 2
left_child=2 4 3 -1 -2 6 -3
right_child=1 5 -4 -5 -6 -7 -8
leaf_value=5.3879118970839918e-06 0 0 2.0905444577622861e-05 0 -2.8643513172948559e-06 -1.5265148986426777e-06 6.1049691177682645e-07
leaf_weight=216 795 401 25 61 333 193 6923
leaf_count=216 795 401 25 61 333 193 6923
internal_value=0 0 5.76452e-06 0 -1.13489e-06 0 2.87607e-07
internal_weight=8947 8645 302 277 1128 7517 7324
internal_count=8947 8645 302 277 1128 7517 7324
is_linear=0
shrinkage=0.05


Tree=130
num_leaves=12
num_cat=0
split_feature=19 17 6 17 17 17 17 17 19 19 17
split_gain=3.66208e-06 3.77202e-06 3.95053e-05 1.99947e-05 4.02586e-06 3.64882e-06 1.23043e-05 1.71523e-06 1.12071e-06 4.20089e-06 3.16145e-07
threshold=0.52767307692307708 8.2566211272658538 7.5000000000000009 8.0497542698189957 7.6714616578013848 7.200356359288631 7.2133000484419894 8.8669400495053612 0.51805769230769239 0.46442307692307699 7.6893425732886129
decision_type=2 2 2 2 2 2 2 2 2 2 2
left_child=5 2 4 -4 -2 8 -7 -3 9 -1 -6
right_child=1 7 3 -5 10 6 -8 -9 -10 -11 -12
leaf_value=0 -1.4194072151536727e-06 1.0353827338917648e-05 -4.9567055028791611e-05 0 3.4201640843412273e-06 2.9130237692567916e-05 0 0 -1.0546576520134398e-06 3.7200119361259157e-06 0
leaf_weight=291 3796 39 64 117 273 55 1129 21 887 889 1386
leaf_count=291 3796 39 64 117 273 55 1129 21 887 889 1386
internal_value=0 -5.16208e-07 -1.39362e-06 -2.45522e-05 0 1.53246e-06 3.76069e-06 0 0 1.23936e-06 1.2061e-06
internal_weight=8947 5696 5636 181 5455 3251 1184 60 2067 1180 1659
internal_count=8947 5696 5636 181 5455 3251 1184 60 2067 1180 1659
is_linear=0
shrinkage=0.05


Tree=131
num_leaves=3
num_cat=0
split_feature=0 15
split_gain=4.20154e-06 2.36871e-07
threshold=2.5416666666666674 13.650000000000002
decision_type=2 2
left_child=-1 -2
right_child=1 -3
leaf_value=5.8878016990083866e-06 0 -3.5786285636999409e-07
leaf_weight=302 4022 4623
leaf_count=302 4022 4623
internal_value=0 0
internal_weight=8947 8645
internal_count=8947 8645
is_linear=0
shrinkage=0.05


Tree=132
num_leaves=12
num_cat=0
split_feature=0 17 17 19 17 17 19 17 15 17 17
split_gain=3.79321e-06 1.03183e-06 2.02154e-06 8.87936e-07 4.49299e-06 4.15625e-06 6.46652e-07 2.95992e-06 6.38924e-07 1.20388e-06 1.48927e-07
threshold=2.5416666666666674 7.9877857129513661 7.7370665455226684 0.51167307692307695 7.200356359288631 7.4662786483507304 0.4458076923076924 7.6831204213495203 13.650000000000002 7.6831204213495203 6.9309201606284425
decision_type=2 2 2 2 2 2 2 2 2 2 2
left_child=1 2 -1 6 -5 -6 -2 10 9 -7 -8
right_child=3 -3 -4 4 5 8 7 -9 -10 -11 -12
leaf_value=4.825935278448366e-06 0 2.1539411077705704e-05 0 -2.1485907140332698e-06 5.5859731927174264e-06 -4.9789505583007682e-07 0 0 -2.7645300435376522e-06 1.2406981431783008e-06 3.0324295131392655e-06
leaf_weight=216 259 25 61 2913 332 2037 147 103 208 1626 1020
leaf_count=216 259 25 61 2913 332 2037 147 103 208 1626 1020
internal_value=0 5.59438e-06 0 0 -5.58486e-07 0 0 1.1278e-06 0 0 2.77841e-06
internal_weight=8947 302 277 8645 7116 4203 1529 1270 3871 3663 1167
internal_count=8947 302 277 8645 7116 4203 1529 1270 3871 3663 1167
is_linear=0
shrinkage=0.05


Tree=133
num_leaves=8
num_cat=0
split_feature=0 17 17 17 17 15 8
split_gain=3.4477e-06 9.2455e-07 1.82533e-06 6.10499e-07 3.54826e-07 7.85175e-07 2.41863e-07
threshold=2.5416666666666674 7.9877857129513661 7.7370665455226684 7.0395900374172458 7.8807743891090611 12.800000000000002 3.5000000000000004
decision_type=2 2 2 2 2 2 2
left_child=1 2 -1 6 5 -5 -2
right_child=3 -3 -4 4 -6 -7 -8
leaf_value=4.5857518940331397e-06 0 2.0503857387946193e-05 0 0 -1.2161499076101619e-06 6.0841783873862087e-07 -2.5258570823059997e-06
leaf_weight=216 795 25 61 401 193 6923 333
leaf_count=216 795 25 61 401 193 6923 333
internal_value=0 5.33351e-06 0 0 0 2.86234e-07 -1.16269e-06
internal_weight=8947 302 277 8645 7517 7324 1128
internal_count=8947 302 277 8645 7517 7324 1128
is_linear=0
shrinkage=0.05


Tree=134
num_leaves=5
num_cat=0
split_feature=2 19 15 19
split_gain=3.13448e-06 8.59896e-07 1.77007e-06 4.9767e-07
threshold=30.500000000000004 0.51167307692307695 13.650000000000002 0.4458076923076924
decision_type=2 2 2 2
left_child=-1 3 -3 -2
right_child=1 2 -4 -5
leaf_value=5.0854707972788963e-06 0 0 -1.379698833460304e-06 9.8939098346064109e-07
leaf_weight=302 259 3663 3453 1270
leaf_count=302 259 3663 3453 1270
internal_value=0 0 -5.49597e-07 0
internal_weight=8947 8645 7116 1529
internal_count=8947 8645 7116 1529
is_linear=0
shrinkage=0.05


Tree=135
num_leaves=8
num_cat=0
split_feature=0 17 17 17 17 15 8
split_gain=2.82985e-06 1.03346e-06 1.46225e-06 5.75202e-07 3.22062e-07 7.74465e-07 1.50824e-07
threshold=2.5416666666666674 7.9877857129513661 7.7370665455226684 7.0395900374172458 7.8807743891090611 12.800000000000002 3.5000000000000004
decision_type=2 2 2 2 2 2 2
left_child=1 2 -1 6 5 -5 -2
right_child=3 -3 -4 4 -6 -7 -8
leaf_value=4.1044186232053593e-06 0 1.9273609818460841e-05 0 0 -1.089415758467589e-06 6.0221435324420204e-07 -2.3311637756749313e-06
leaf_weight=216 795 25 61 401 193 6923 333
leaf_count=216 795 25 61 401 193 6923 333
internal_value=0 4.83204e-06 0 0 0 2.80154e-07 -1.12858e-06
internal_weight=8947 302 277 8645 7517 7324 1128
internal_count=8947 302 277 8645 7517 7324 1128
is_linear=0
shrinkage=0.05


Tree=136
num_leaves=16
num_cat=0
split_feature=19 15 17 17 17 17 17 17 17 17 19 19 17 17 19
split_gain=2.78594e-06 5.70054e-06 1.45646e-05 2.81064e-05 3.81527e-06 3.12365e-06 1.14283e-05 1.53208e-06 7.28069e-07 7.18927e-07 6.80499e-07 3.58795e-06 6.54926e-07 3.41311e-07 2.51642e-07
threshold=0.52767307692307708 13.650000000000002 8.2566211272658538 7.200356359288631 8.0529439743463929 7.200356359288631 7.2133000484419894 8.8669400495053612 7.6714616578013848 7.6666386962426545 0.51805769230769239 0.46442307692307699 7.0395900374172458 7.6893425732886129 0.47441346153846159
decision_type=2 2 2 2 2 2 2 2 2 2 2 2 2 2 2
left_child=5 8 3 12 -5 10 -7 -4 9 -2 11 -1 -3 -10 -13
right_child=1 2 7 4 -6 6 -8 -9 13 -11 -12 14 -14 -15 -16
leaf_value=0 0 -2.2149548209188664e-06 9.7854547748283883e-06 -2.4683753339963406e-05 0 2.7452618482389615e-05 0 0 3.1236387358348082e-06 -1.0827827254135284e-06 -8.6835869755763695e-07 7.0646338759453636e-06 0 0 0
leaf_weight=291 136 333 39 215 68 55 1129 21 273 1532 887 212 1693 1386 677
leaf_count=291 136 333 39 215 68 55 1129 21 273 1532 887 212 1693 1386 677
internal_value=0 -4.47419e-07 -2.54842e-06 -4.73558e-06 -2.0732e-05 1.33829e-06 3.39191e-06 0 0 0 0 9.34635e-07 -2.53036e-08 1.04713e-06 3.35226e-06
internal_weight=8947 5696 2369 2309 283 3251 1184 60 3327 1668 2067 1180 2026 1659 889
internal_count=8947 5696 2369 2309 283 3251 1184 60 3327 1668 2067 1180 2026 1659 889
is_linear=0
shrinkage=0.05


Tree=137
num_leaves=8
num_cat=0
split_feature=0 17 17 17 17 15 17
split_gain=2.79584e-06 1.06544e-06 1.31984e-06 5.08891e-07 2.3728e-07 7.34869e-07 1.00014e-07
threshold=2.5416666666666674 7.9877857129513661 7.7370665455226684 7.0395900374172458 7.8807743891090611 12.800000000000002 6.8924876937972295
decision_type=2 2 2 2 2 2 2
left_child=1 2 -1 6 5 -5 -2
right_child=3 -3 -4 4 -6 -7 -8
leaf_value=3.8994235804192888e-06 0 1.9268561871005932e-05 0 0 -7.2270297396150232e-07 5.7997670718612549e-07 -1.1679193063486386e-06
leaf_weight=216 12.999999999999998 25 61 401 193 6923 1115
leaf_count=216 13 25 61 401 193 6923 1115
internal_value=0 4.80292e-06 0 0 0 2.59133e-07 -1.06154e-06
internal_weight=8947 302 277 8645 7517 7324 1128
internal_count=8947 302 277 8645 7517 7324 1128
is_linear=0
shrinkage=0.05


Tree=138
num_leaves=6
num_cat=0
split_feature=19 15 19 19 19
split_gain=2.5548e-06 5.2958e-06 1.36586e-05 2.16609e-06 3.00019e-08
threshold=0.52767307692307708 13.650000000000002 0.72430769230769243 0.4458076923076924 0.55267307692307699
decision_type=2 2 2 2 2
left_child=3 -2 4 -1 -3
right_child=1 2 -4 -5 -6
leaf_value=0 0 -1.249352498081718e-06 0 1.9105549674354484e-06 -1.5453283094913748e-05
leaf_weight=289 3327 2122 59 2962 188
leaf_count=289 3327 2122 59 2962 188
internal_value=0 -4.16153e-07 -2.45002e-06 1.28866e-06 -4.5751e-06
internal_weight=8947 5696 2369 3251 2310
internal_count=8947 5696 2369 3251 2310
is_linear=0
shrinkage=0.05


Tree=139
num_leaves=14
num_cat=0
split_feature=0 17 17 19 17 17 17 17 17 19 17 17 17
split_gain=2.61679e-06 1.12429e-06 1.13992e-06 7.40662e-07 3.81443e-06 3.86523e-06 3.83175e-07 7.91916e-07 4.70727e-07 3.00612e-07 2.40931e-06 9.71903e-08 5.13963e-08
threshold=2.5416666666666674 7.9877857129513661 7.7370665455226684 0.51167307692307695 7.200356359288631 7.4662786483507304 7.6831204213495203 7.6893425732886129 7.6666386962426545 0.4458076923076924 7.6831204213495203 6.9309201606284425 7.200356359288631
decision_type=2 2 2 2 2 2 2 2 2 2 2 2 2
left_child=1 2 -1 9 -5 -6 8 -8 -7 -2 11 -11 -13
right_child=3 -3 -4 4 5 6 7 -9 -10 10 -12 12 -14
leaf_value=3.6239103587936544e-06 0 1.8966263518310503e-05 0 -1.9768509765647161e-06 5.3868608027640669e-06 0 2.6929503518568792e-06 0 -1.1758456229674992e-06 0 0 3.0971435502298184e-06 0
leaf_weight=216 259 25 61 2913 332 515 272 1541 1543 147 103 744 276
leaf_count=216 259 25 61 2913 332 515 272 1541 1543 147 103 744 276
internal_value=0 4.64658e-06 0 0 -5.10072e-07 0 0 0 -6.82088e-07 0 7.68954e-07 2.40839e-06 2.62172e-06
internal_weight=8947 302 277 8645 7116 4203 3871 1813 2058 1529 1270 1167 1020
internal_count=8947 302 277 8645 7116 4203 3871 1813 2058 1529 1270 1167 1020
is_linear=0
shrinkage=0.05


Tree=140
num_leaves=14
num_cat=0
split_feature=0 17 17 19 17 17 17 17 17 19 17 17 17
split_gain=2.38839e-06 1.00162e-06 1.02928e-06 6.41176e-07 3.46995e-06 3.48948e-06 3.35274e-07 7.21045e-07 4.35428e-07 2.33915e-07 2.25857e-06 7.81816e-08 9.50295e-09
threshold=2.5416666666666674 7.9877857129513661 7.7370665455226684 0.51167307692307695 7.200356359288631 7.4662786483507304 7.6831204213495203 7.8807743891090611 7.6666386962426545 0.4458076923076924 7.6831204213495203 6.9309201606284425 7.200356359288631
decision_type=2 2 2 2 2 2 2 2 2 2 2 2 2
left_child=1 2 -1 9 -5 -6 8 -8 -7 -2 11 -11 -13
right_child=3 -3 -4 4 5 6 7 -9 -10 10 -12 12 -14
leaf_value=3.4435496296441763e-06 0 1.8054426182061423e-05 0 -1.8780435470710129e-06 5.1183269654514085e-06 0 1.0541604015520279e-06 -2.8595657926217247e-08 -1.1170939371952487e-06 0 0 2.9424942685412453e-06 0
leaf_weight=216 259 25 61 2913 332 515 1621 192 1543 147 103 744 276
leaf_count=216 259 25 61 2913 332 515 1621 192 1543 147 103 744 276
internal_value=0 4.43917e-06 0 0 -4.74581e-07 0 0 0 -6.38031e-07 0 6.78306e-07 2.30975e-06 2.50888e-06
internal_weight=8947 302 277 8645 7116 4203 3871 1813 2058 1529 1270 1167 1020
internal_count=8947 302 277 8645 7116 4203 3871 1813 2058 1529 1270 1167 1020
is_linear=0
shrinkage=0.05


Tree=141
num_leaves=8
num_cat=0
split_feature=0 17 17 17 17 15 17
split_gain=2.18088e-06 8.90995e-07 9.29373e-07 5.2479e-07 1.9345e-07 7.45435e-07 1.01415e-07
threshold=2.5416666666666674 7.9877857129513661 7.7370665455226684 7.0395900374172458 7.8807743891090611 12.800000000000002 6.8924876937972295
decision_type=2 2 2 2 2 2 2
left_child=1 2 -1 6 5 -5 -2
right_child=3 -3 -4 4 -6 -7 -8
leaf_value=3.2721655411122158e-06 0 1.7186421005485141e-05 0 0 -1.6010168569805032e-07 5.8161713837907645e-07 -1.1843939455339556e-06
leaf_weight=216 12.999999999999998 25 61 401 193 6923 1115
leaf_count=216 13 25 61 401 193 6923 1115
internal_value=0 4.24195e-06 0 0 0 2.55627e-07 -1.07799e-06
internal_weight=8947 302 277 8645 7517 7324 1128
internal_count=8947 302 277 8645 7517 7324 1128
is_linear=0
shrinkage=0.05


Tree=142
num_leaves=13
num_cat=0
split_feature=0 17 17 19 17 17 17 17 17 19 17 17
split_gain=1.99232e-06 7.91291e-07 8.39167e-07 6.29872e-07 3.15992e-06 3.1128e-06 3.1662e-07 6.70166e-07 4.17324e-07 1.83654e-07 2.13592e-06 4.6889e-08
threshold=2.5416666666666674 7.9877857129513661 7.7370665455226684 0.51167307692307695 7.200356359288631 7.4662786483507304 7.6831204213495203 7.6893425732886129 7.6666386962426545 0.4458076923076924 7.6831204213495203 6.9309201606284425
decision_type=2 2 2 2 2 2 2 2 2 2 2 2
left_child=1 2 -1 9 -5 -6 8 -8 -7 -2 11 -11
right_child=3 -3 -4 4 5 6 7 -9 -10 10 -12 -13
leaf_value=3.1093115304609589e-06 0 1.6360153408291237e-05 0 -1.8031548943944908e-06 4.8341858827815925e-06 0 2.4773074665896037e-06 0 -1.0901285932662699e-06 0 0 2.4071705230425121e-06
leaf_weight=216 259 25 61 2913 332 515 272 1541 1543 147 103 1020
leaf_count=216 259 25 61 2913 332 515 272 1541 1543 147 103 1020
internal_value=0 4.05441e-06 0 0 -4.70379e-07 0 0 0 -6.20028e-07 0 6.01032e-07 2.22819e-06
internal_weight=8947 302 277 8645 7116 4203 3871 1813 2058 1529 1270 1167
internal_count=8947 302 277 8645 7116 4203 3871 1813 2058 1529 1270 1167
is_linear=0
shrinkage=0.05


Tree=143
num_leaves=14
num_cat=0
split_feature=0 17 17 19 17 17 17 17 17 19 17 17 17
split_gain=1.82092e-06 7.01468e-07 7.57715e-07 5.45319e-07 2.8751e-06 2.81019e-06 2.76278e-07 6.05058e-07 3.86153e-07 1.2937e-07 1.97653e-06 3.00545e-08 2.43107e-08
threshold=2.5416666666666674 7.9877857129513661 7.7370665455226684 0.51167307692307695 7.200356359288631 7.4662786483507304 7.6831204213495203 7.6893425732886129 7.6666386962426545 0.4458076923076924 7.6831204213495203 6.9309201606284425 7.200356359288631
decision_type=2 2 2 2 2 2 2 2 2 2 2 2 2
left_child=1 2 -1 9 -5 -6 8 -8 -7 -2 11 -11 -13
right_child=3 -3 -4 4 5 6 7 -9 -10 10 -12 12 -14
leaf_value=2.9545622257610194e-06 0 1.5573614778426969e-05 0 -1.7130293647436504e-06 4.5932017114414061e-06 0 2.3538956653860262e-06 0 -1.0356582362280412e-06 0 0 2.6924369399636123e-06 0
leaf_weight=216 259 25 61 2913 332 515 272 1541 1543 147 103 744 276
leaf_count=216 259 25 61 2913 332 515 272 1541 1543 147 103 744 276
internal_value=0 3.87609e-06 0 0 -4.3767e-07 0 0 0 -5.79182e-07 0 5.04444e-07 2.12309e-06 2.28693e-06
internal_weight=8947 302 277 8645 7116 4203 3871 1813 2058 1529 1270 1167 1020
internal_count=8947 302 277 8645 7116 4203 3871 1813 2058 1529 1270 1167 1020
is_linear=0
shrinkage=0.05


Tree=144
num_leaves=8
num_cat=0
split_feature=1 17 17 17 17 15 17
split_gain=1.66509e-06 6.20587e-07 6.8417e-07 5.03124e-07 2.07911e-07 7.65064e-07 9.9257e-08
threshold=6.7534722222222232 7.9877857129513661 7.7370665455226684 7.0395900374172458 7.8807743891090611 12.800000000000002 6.8924876937972295
decision_type=2 2 2 2 2 2 2
left_child=1 2 -1 6 5 -5 -2
right_child=3 -3 -4 4 -6 -7 -8
leaf_value=2.8075145456665251e-06 0 1.4824879785569804e-05 0 0 -1.5213791662109897e-07 5.9216285543919385e-07 -1.1616451437831237e-06
leaf_weight=216 12.999999999999998 25 61 401 193 6923 1115
leaf_count=216 13 25 61 401 193 6923 1115
internal_value=0 3.70653e-06 0 0 0 2.65229e-07 -1.05551e-06
internal_weight=8947 302 277 8645 7517 7324 1128
internal_count=8947 302 277 8645 7517 7324 1128
is_linear=0
shrinkage=0.05


Tree=145
num_leaves=8
num_cat=0
split_feature=0 17 17 17 17 15 17
split_gain=1.52339e-06 5.478e-07 6.17763e-07 4.49925e-07 1.66537e-07 7.11583e-07 9.37753e-08
threshold=2.5416666666666674 7.9877857129513661 7.7370665455226684 7.0395900374172458 7.8807743891090611 12.800000000000002 6.8924876937972295
decision_type=2 2 2 2 2 2 2
left_child=1 2 -1 6 5 -5 -2
right_child=3 -3 -4 4 -6 -7 -8
leaf_value=2.6677856339819822e-06 0 1.4112142201226481e-05 0 0 -1.4457044040475958e-07 5.6255757445470631e-07 -1.1036147267618597e-06
leaf_weight=216 12.999999999999998 25 61 401 193 6923 1115
leaf_count=216 13 25 61 401 193 6923 1115
internal_value=0 3.54531e-06 0 0 0 2.37244e-07 -9.98143e-07
internal_weight=8947 302 277 8645 7517 7324 1128
internal_count=8947 302 277 8645 7517 7324 1128
is_linear=0
shrinkage=0.05


Tree=146
num_leaves=13
num_cat=0
split_feature=19 17 17 17 17 17 17 17 17 19 19 19
split_gain=1.56313e-06 2.93592e-06 1.26474e-05 2.24238e-06 1.04737e-05 1.5022e-06 1.2845e-06 9.63823e-07 6.43224e-07 2.92987e-07 2.65843e-06 2.217e-07
threshold=0.52767307692307708 8.2566211272658538 7.9467970270212396 7.200356359288631 7.2133000484419894 7.6714616578013848 8.8669400495053612 8.0497542698189957 7.6893425732886129 0.51805769230769239 0.46442307692307699 0.47441346153846159
decision_type=2 2 2 2 2 2 2 2 2 2 2 2
left_child=3 2 5 9 -5 -2 -3 -4 -7 10 -1 -12
right_child=1 6 7 4 -6 8 -8 -9 -10 -11 11 -13
leaf_value=0 -9.9452035997023624e-07 8.959970735304516e-06 -2.644007068010978e-05 2.5043278666479243e-05 0 2.4225674683144242e-06 0 0 0 -6.6795446679230996e-07 5.9483646297119024e-06 0
leaf_weight=291 3796 39 59 55 1129 273 21 117 1391 887 212 677
leaf_count=291 3796 39 59 55 1129 273 21 117 1391 887 212 677
internal_value=0 -3.18152e-07 -1.18506e-06 1.0121e-06 2.74625e-06 0 0 -1.49453e-05 0 0 5.33607e-07 2.80095e-06
internal_weight=8947 5696 5636 3251 1184 5460 60 176 1664 2067 1180 889
internal_count=8947 5696 5636 3251 1184 5460 60 176 1664 2067 1180 889
is_linear=0
shrinkage=0.05


Tree=147
num_leaves=12
num_cat=0
split_feature=0 17 17 19 17 17 17 17 17 19 17
split_gain=1.56269e-06 6.03606e-07 5.57556e-07 5.35123e-07 2.52705e-06 2.28721e-06 2.46642e-07 4.73071e-07 3.60941e-07 7.49296e-08 1.78817e-06
threshold=2.5416666666666674 7.9877857129513661 7.7370665455226684 0.51167307692307695 7.200356359288631 7.4662786483507304 7.6831204213495203 7.8807743891090611 7.6666386962426545 0.4458076923076924 7.6831204213495203
decision_type=2 2 2 2 2 2 2 2 2 2 2
left_child=1 2 -1 9 -5 -6 8 -8 -7 -2 -11
right_child=3 -3 -4 4 5 6 7 -9 -10 10 -12
leaf_value=2.5344530736366575e-06 0 1.4432518957899155e-05 0 -1.6208392988489947e-06 4.1438245172231736e-06 0 8.5390060312913669e-07 -3.497117492905707e-09 -9.9185734579145524e-07 1.9969465324798523e-06 0
leaf_weight=216 259 25 61 2913 332 515 1621 192 1543 1167 103
leaf_count=216 259 25 61 2913 332 515 1621 192 1543 1167 103
internal_value=0 3.59075e-06 0 0 -4.33559e-07 0 0 0 -5.47237e-07 0 3.83905e-07
internal_weight=8947 302 277 8645 7116 4203 3871 1813 2058 1529 1270
internal_count=8947 302 277 8645 7116 4203 3871 1813 2058 1529 1270
is_linear=0
shrinkage=0.05


Tree=148
num_leaves=13
num_cat=0
split_feature=0 17 17 19 17 17 17 17 17 19 17 17
split_gain=1.43496e-06 5.28045e-07 5.03438e-07 4.76267e-07 2.28745e-06 2.06486e-06 2.14279e-07 4.43765e-07 3.34102e-07 4.3416e-08 1.64166e-06 3.896e-08
threshold=2.5416666666666674 7.9877857129513661 7.7370665455226684 0.51167307692307695 7.200356359288631 7.4662786483507304 7.6831204213495203 7.6893425732886129 7.6666386962426545 0.4458076923076924 7.200356359288631 6.9309201606284425
decision_type=2 2 2 2 2 2 2 2 2 2 2 2
left_child=1 2 -1 9 -5 -6 8 -8 -7 -2 11 -11
right_child=3 -3 -4 4 5 6 7 -9 -10 10 -12 -13
leaf_value=2.4083146314707484e-06 0 1.37386442377017e-05 0 -1.5398268531757042e-06 3.937254985542606e-06 0 2.0158832386676708e-06 0 -9.4229653881804843e-07 0 0 2.4052748508163844e-06
leaf_weight=216 259 25 61 2913 332 515 272 1541 1543 147 379 744
leaf_count=216 259 25 61 2913 332 515 272 1541 1543 147 379 744
internal_value=0 3.44087e-06 0 0 -4.09022e-07 0 0 0 -5.10072e-07 0 2.92228e-07 2.17319e-06
internal_weight=8947 302 277 8645 7116 4203 3871 1813 2058 1529 1270 891
internal_count=8947 302 277 8645 7116 4203 3871 1813 2058 1529 1270 891
is_linear=0
shrinkage=0.05


Tree=149
num_leaves=5
num_cat=0
split_feature=1 19 15 19
split_gain=1.31855e-06 4.11793e-07 8.82971e-07 2.50177e-08
threshold=6.7534722222222232 0.51167307692307695 13.650000000000002 0.4458076923076924
decision_type=2 2 2 2
left_child=-1 3 -3 -2
right_child=1 2 -4 -5
leaf_value=3.29835308491323e-06 0 0 -9.6806416849195942e-07 2.2183053902830111e-07
leaf_weight=302 259 3663 3453 1270
leaf_count=302 259 3663 3453 1270
internal_value=0 0 -3.80331e-07 0
internal_weight=8947 8645 7116 1529
internal_count=8947 8645 7116 1529
is_linear=0
shrinkage=0.05


Tree=150
num_leaves=3
num_cat=0
split_feature=1 15
split_gain=1.1904e-06 3.87166e-08
threshold=6.7534722222222232 13.650000000000002
decision_type=2 2
left_child=-1 -2
right_child=1 -3
leaf_value=3.1339785694252233e-06 0 -1.446803835173613e-07
leaf_weight=302 4022 4623
leaf_count=302 4022 4623
internal_value=0 0
internal_weight=8947 8645
internal_count=8947 8645
is_linear=0
shrinkage=0.05


Tree=151
num_leaves=8
num_cat=0
split_feature=1 17 17 17 17 15 17
split_gain=1.07471e-06 6.20948e-07 4.11845e-07 3.36288e-07 2.09942e-07 7.70296e-07 8.95639e-08
threshold=6.7534722222222232 7.9877857129513661 7.0395900374172458 7.7370665455226684 7.8807743891090611 12.800000000000002 6.8924876937972295
decision_type=2 2 2 2 2 2 2
left_child=1 3 6 -1 5 -4 -2
right_child=2 -3 4 -5 -6 -7 -8
leaf_value=1.9683198781237682e-06 0 1.276888669683382e-05 0 0 -8.2647280325225363e-08 5.9475709299387553e-07 -1.0598241385447166e-06
leaf_weight=216 12.999999999999998 25 401 61 193 6923 1115
leaf_count=216 13 25 401 61 193 6923 1115
internal_value=0 2.9778e-06 0 0 0 2.67342e-07 -9.5497e-07
internal_weight=8947 302 8645 277 7517 7324 1128
internal_count=8947 302 8645 277 7517 7324 1128
is_linear=0
shrinkage=0.05


Tree=152
num_leaves=6
num_cat=0
split_feature=19 16 19 19 19
split_gain=1.18216e-06 3.50573e-06 1.15535e-05 2.70233e-06 1.55794e-06
threshold=0.52767307692307708 2.5000000000000004 0.72430769230769243 0.55267307692307699 0.46442307692307699
decision_type=2 2 2 2 2
left_child=4 -2 3 -3 -1
right_child=1 2 -4 -5 -6
leaf_value=0 0 -7.0371763969675476e-07 0 -1.520065967212311e-05 1.4949379508327815e-06
leaf_weight=329 3327 2122 59 188 2922
leaf_count=329 3327 2122 59 188 2922
internal_value=0 -2.36191e-07 -1.95758e-06 -4.05319e-06 9.00594e-07
internal_weight=8947 5696 2369 2310 3251
internal_count=8947 5696 2369 2310 3251
is_linear=0
shrinkage=0.05


Tree=153
num_leaves=8
num_cat=0
split_feature=0 17 17 17 17 16 17
split_gain=1.03876e-06 6.56898e-07 3.88697e-07 2.83308e-07 1.50049e-07 7.04044e-07 8.6866e-08
threshold=2.5416666666666674 7.9877857129513661 7.0395900374172458 7.7370665455226684 7.8807743891090611 1.5000000000000002 6.8924876937972295
decision_type=2 2 2 2 2 2 2
left_child=1 3 6 -1 5 -4 -2
right_child=2 -3 4 -5 -6 -7 -8
leaf_value=1.8066319788286821e-06 0 1.2768875950804115e-05 0 0 0 5.5532094126256491e-07 -1.0321476553816273e-06
leaf_weight=216 12.999999999999998 25 401 61 193 6923 1115
leaf_count=216 13 25 401 61 193 6923 1115
internal_value=0 2.92757e-06 0 0 0 2.26299e-07 -9.27745e-07
internal_weight=8947 302 8645 277 7517 7324 1128
internal_count=8947 302 8645 277 7517 7324 1128
is_linear=0
shrinkage=0.05


Tree=154
num_leaves=8
num_cat=0
split_feature=0 17 17 17 17 16 17
split_gain=9.57344e-07 5.79191e-07 3.47162e-07 2.5581e-07 1.17268e-07 6.53566e-07 8.20736e-08
threshold=2.5416666666666674 7.9877857129513661 7.0395900374172458 7.7370665455226684 7.8807743891090611 1.5000000000000002 6.8924876937972295
decision_type=2 2 2 2 2 2 2
left_child=1 3 6 -1 5 -4 -2
right_child=2 -3 4 -5 -6 -7 -8
leaf_value=1.7167174314740981e-06 0 1.2154990198233942e-05 0 0 0 5.2756006920271058e-07 -9.8058632487351048e-07
leaf_weight=216 12.999999999999998 25 401 61 193 6923 1115
leaf_count=216 13 25 401 61 193 6923 1115
internal_value=0 2.81049e-06 0 0 0 2.00058e-07 -8.76777e-07
internal_weight=8947 302 8645 277 7517 7324 1128
internal_count=8947 302 8645 277 7517 7324 1128
is_linear=0
shrinkage=0.05


Tree=155
num_leaves=17
num_cat=0
split_feature=19 15 17 17 17 17 17 17 17 17 17 17 19 19 17 19
split_gain=1.00264e-06 3.30538e-06 1.17484e-05 2.92971e-05 7.24317e-06 8.38202e-06 1.74493e-06 9.60372e-06 1.15061e-06 2.62462e-07 4.547e-07 2.08567e-07 1.69728e-07 2.19332e-06 1.31939e-07 1.23916e-07
threshold=0.52767307692307708 13.650000000000002 8.2566211272658538 7.200356359288631 8.0497542698189957 7.8479119156778632 7.200356359288631 7.2133000484419894 8.8669400495053612 7.6714616578013848 7.6666386962426545 7.6893425732886129 0.51805769230769239 0.46442307692307699 7.0395900374172458 0.47441346153846159
decision_type=2 2 2 2 2 2 2 2 2 2 2 2 2 2 2 2
left_child=6 9 3 14 5 -5 12 -8 -4 10 -2 -11 13 -1 -3 -15
right_child=1 2 8 4 -6 -7 7 -9 -10 11 -12 -13 -14 15 -16 -17
leaf_value=0 0 -9.937640725674022e-07 8.4801550910924498e-06 0 0 -4.8083996185316489e-05 2.3350442518546639e-05 0 0 2.0730916771322463e-06 -8.6111548338182599e-07 0 -5.7961624931137111e-07 5.2715414706530143e-06 0 0
leaf_weight=291 136 333 39 102 117 64 55 1129 21 273 1532 1386 887 212 1693 677
leaf_count=291 136 333 39 102 117 64 55 1129 21 273 1532 1386 887 212 1693 677
internal_value=0 -2.45939e-07 -1.9058e-06 -4.05476e-06 -1.97895e-05 -2.78286e-05 8.15366e-07 2.34644e-06 0 0 0 6.28709e-07 0 3.26623e-07 0 2.51049e-06
internal_weight=8947 5696 2369 2309 283 166 3251 1184 60 3327 1668 1659 2067 1180 2026 889
internal_count=8947 5696 2369 2309 283 166 3251 1184 60 3327 1668 1659 2067 1180 2026 889
is_linear=0
shrinkage=0.05


Tree=156
num_leaves=12
num_cat=0
split_feature=1 17 19 17 17 17 17 17 17 19 17
split_gain=1.15719e-06 7.23416e-07 4.63461e-07 1.97959e-06 1.63564e-06 2.30845e-07 2.2397e-07 3.263e-07 3.174e-07 6.21535e-09 1.40742e-06
threshold=6.7534722222222232 7.9877857129513661 0.51167307692307695 7.200356359288631 7.4662786483507304 7.7370665455226684 7.6831204213495203 7.6893425732886129 7.6666386962426545 0.4458076923076924 7.200356359288631
decision_type=2 2 2 2 2 2 2 2 2 2 2
left_child=1 5 9 -4 -5 -1 8 -8 -6 -2 -11
right_child=2 -3 3 4 6 -7 7 -9 -10 10 -12
leaf_value=1.6307990881614375e-06 0 1.3447229822094613e-05 -1.4477429453503436e-06 3.5042185085673618e-06 0 0 1.7286097735093832e-06 0 -9.3625294593571637e-07 1.9904703053052876e-06 0
leaf_weight=216 259 25 2913 332 515 61 272 1541 1543 891 379
leaf_count=216 259 25 2913 332 515 61 272 1541 1543 891 379
internal_value=0 3.08995e-06 0 -4.03486e-07 0 0 0 0 -5.21479e-07 0 1.10568e-07
internal_weight=8947 302 8645 7116 4203 277 3871 1813 2058 1529 1270
internal_count=8947 302 8645 7116 4203 277 3871 1813 2058 1529 1270
is_linear=0
shrinkage=0.05


Tree=157
num_leaves=5
num_cat=0
split_feature=2 19 15 19
split_gain=1.07367e-06 4.00728e-07 7.05102e-07 8.46309e-10
threshold=30.500000000000004 0.51167307692307695 13.650000000000002 0.4458076923076924
decision_type=2 2 2 2
left_child=-1 3 -3 -2
right_child=1 2 -4 -5
leaf_value=2.9763511622942386e-06 0 0 -8.9464965623629064e-07 4.0800151301524406e-08
leaf_weight=302 259 3663 3453 1270
leaf_count=302 259 3663 3453 1270
internal_value=0 0 -3.75186e-07 0
internal_weight=8947 8645 7116 1529
internal_count=8947 8645 7116 1529
is_linear=0
shrinkage=0.05


Tree=158
num_leaves=5
num_cat=0
split_feature=0 19 15 19
split_gain=9.69324e-07 3.55705e-07 6.42332e-07 7.63855e-10
threshold=2.5416666666666674 0.51167307692307695 13.650000000000002 0.4458076923076924
decision_type=2 2 2 2
left_child=-1 3 -3 -2
right_child=1 2 -4 -5
leaf_value=2.8280239081987641e-06 0 0 -8.4992802453585254e-07 3.8761698035701687e-08
leaf_weight=302 259 3663 3453 1270
leaf_count=302 259 3663 3453 1270
internal_value=0 0 -3.53482e-07 0
internal_weight=8947 8645 7116 1529
internal_count=8947 8645 7116 1529
is_linear=0
shrinkage=0.05


Tree=159
num_leaves=5
num_cat=0
split_feature=0 19 15 19
split_gain=8.75119e-07 3.15422e-07 5.85339e-07 6.89403e-10
threshold=2.5416666666666674 0.51167307692307695 13.650000000000002 0.4458076923076924
decision_type=2 2 2 2
left_child=-1 3 -3 -2
right_child=1 2 -4 -5
leaf_value=2.687089877101675e-06 0 0 -8.0744607394057253e-07 3.6824234388924165e-08
leaf_weight=302 259 3663 3453 1270
leaf_count=302 259 3663 3453 1270
internal_value=0 0 -3.32864e-07 0
internal_weight=8947 8645 7116 1529
internal_count=8947 8645 7116 1529
is_linear=0
shrinkage=0.05


Tree=160
num_leaves=17
num_cat=0
split_feature=19 16 17 17 17 17 17 17 17 17 17 17 17 19 19 19
split_gain=8.25088e-07 2.6255e-06 1.07794e-05 2.89754e-05 6.73518e-06 6.41579e-06 1.52013e-06 8.70137e-06 1.04166e-06 2.30364e-07 3.64799e-07 1.57901e-07 7.41186e-08 6.02528e-08 1.93694e-06 9.58314e-08
threshold=0.52767307692307708 2.5000000000000004 8.2566211272658538 7.200356359288631 8.0497542698189957 7.8479119156778632 7.200356359288631 7.2133000484419894 8.8669400495053612 7.6714616578013848 7.6666386962426545 7.6893425732886129 7.0395900374172458 0.51805769230769239 0.46442307692307699 0.47441346153846159
decision_type=2 2 2 2 2 2 2 2 2 2 2 2 2 2 2 2
left_child=6 9 3 12 5 -5 13 -8 -4 10 -2 -11 -3 14 -1 -16
right_child=1 2 8 4 -6 -7 7 -9 -10 11 -12 -13 -14 -15 15 -17
leaf_value=0 0 -7.4483566460182849e-07 8.0687050995038519e-06 0 0 -4.6233118655016791e-05 2.2162978587272971e-05 0 0 1.8821690265963125e-06 -7.7130439443986377e-07 0 0 -3.5090553144261479e-07 4.904354209771178e-06 0
leaf_weight=291 136 333 39 102 117 64 55 1129 21 273 1532 1386 1693 887 212 677
leaf_count=291 136 333 39 102 117 64 55 1129 21 273 1532 1386 1693 887 212 677
internal_value=0 -1.38571e-07 -1.678e-06 -3.81508e-06 -1.93249e-05 -2.71278e-05 7.75018e-07 2.2035e-06 0 0 0 5.8901e-07 0 0 1.86977e-07 2.34249e-06
internal_weight=8947 5696 2369 2309 283 166 3251 1184 60 3327 1668 1659 2026 2067 1180 889
internal_count=8947 5696 2369 2309 283 166 3251 1184 60 3327 1668 1659 2026 2067 1180 889
is_linear=0
shrinkage=0.05


Tree=161
num_leaves=8
num_cat=0
split_feature=0 17 17 17 15 17 17
split_gain=1.03978e-06 1.05654e-06 2.84519e-07 1.53074e-07 7.08275e-07 1.10166e-07 7.41733e-08
threshold=2.5416666666666674 7.9877857129513661 7.0395900374172458 7.8807743891090611 12.800000000000002 7.7370665455226684 6.8924876937972295
decision_type=2 2 2 2 2 2 2
left_child=1 5 6 4 -4 -1 -2
right_child=2 -3 3 -5 -6 -7 -8
leaf_value=1.1265848887749519e-06 0 1.4197522989259306e-05 0 0 5.5767502470979847e-07 0 -8.9639425950540427e-07
leaf_weight=216 12.999999999999998 25 401 193 6923 61 1115
leaf_count=216 13 25 401 193 6923 61 1115
internal_value=0 2.929e-06 0 0 2.28569e-07 0 -7.93741e-07
internal_weight=8947 302 8645 7517 7324 277 1128
internal_count=8947 302 8645 7517 7324 277 1128
is_linear=0
shrinkage=0.05


Tree=162
num_leaves=13
num_cat=0
split_feature=0 17 19 17 17 17 17 17 17 17 17 17
split_gain=9.70869e-07 9.28732e-07 3.13178e-07 1.53086e-06 1.42651e-06 1.89184e-07 2.8786e-07 2.61592e-07 9.9473e-08 1.32216e-11 5.12461e-07 1.20964e-07
threshold=2.5416666666666674 7.9877857129513661 0.51167307692307695 7.200356359288631 7.4662786483507304 7.6831204213495203 7.6666386962426545 7.8807743891090611 7.7370665455226684 7.6831204213495203 7.1783939000347887 7.200356359288631
decision_type=2 2 2 2 2 2 2 2 2 2 2 2
left_child=1 8 9 -4 -5 6 -6 -7 -1 10 -2 -12
right_child=2 -3 3 4 5 7 -8 -9 -10 -11 11 -13
leaf_value=1.0705147902073524e-06 0 1.3514952196811245e-05 -1.2577970610449235e-06 3.2725466969220229e-06 0 6.3497510191502645e-07 -8.7887166722360504e-07 0 0 0 2.7139568484799796e-06 0
leaf_weight=216 936 25 2913 332 515 1621 1543 192 61 103 214 276
leaf_count=216 936 25 2913 332 515 1621 1543 192 61 103 214 276
internal_value=0 2.83028e-06 0 -3.31678e-07 0 0 -4.79274e-07 0 0 0 4.81282e-09 1.61534e-06
internal_weight=8947 302 8645 7116 4203 3871 2058 1813 277 1529 1426 490
internal_count=8947 302 8645 7116 4203 3871 2058 1813 277 1529 1426 490
is_linear=0
shrinkage=0.05


Tree=163
num_leaves=10
num_cat=0
split_feature=1 17 19 17 17 17 17 17 17
split_gain=9.07509e-07 8.13829e-07 2.75829e-07 1.38847e-06 1.28783e-06 1.64079e-07 2.66482e-07 2.42213e-07 8.9818e-08
threshold=6.7534722222222232 7.9877857129513661 0.51167307692307695 7.200356359288631 7.4662786483507304 7.6831204213495203 7.6666386962426545 7.6893425732886129 7.7370665455226684
decision_type=2 2 2 2 2 2 2 2 2
left_child=1 8 -2 -4 -5 6 -6 -7 -1
right_child=2 -3 3 4 5 7 -8 -9 -10
leaf_value=1.0172362653388358e-06 0 1.2865194406073818e-05 -1.1949257445109366e-06 3.1094099108144853e-06 0 1.4893184309655147e-06 -8.34956266691658e-07 0 0
leaf_weight=216 1529 25 2913 332 515 272 1543 1541 61
leaf_count=216 1529 25 2913 332 515 272 1543 1541 61
internal_value=0 2.73637e-06 0 -3.11273e-07 0 0 -4.46343e-07 0 0
internal_weight=8947 302 8645 7116 4203 3871 2058 1813 277
internal_count=8947 302 8645 7116 4203 3871 2058 1813 277
is_linear=0
shrinkage=0.05


Tree=164
num_leaves=10
num_cat=0
split_feature=0 17 19 17 17 17 17 17 17
split_gain=8.49223e-07 7.10581e-07 2.35907e-07 1.26618e-06 1.20093e-06 8.11001e-08 3.77677e-08 3.50841e-07 2.26428e-07
threshold=2.5416666666666674 7.9877857129513661 0.51167307692307695 7.200356359288631 7.2133000484419894 7.7370665455226684 7.6831204213495203 7.6666386962426545 7.8807743891090611
decision_type=2 2 2 2 2 2 2 2 2
left_child=1 5 -2 -4 -5 -1 7 -6 -8
right_child=2 -3 3 4 6 -7 8 -9 -10
leaf_value=9.6660879765710066e-07 0 1.2246676219197409e-05 -1.1352006853836176e-06 5.0656493896475183e-06 0 0 5.9075832932054676e-07 -7.9323674156752749e-07 0
leaf_weight=216 1529 25 2913 116 731 61 1621 1543 192
leaf_count=216 1529 25 2913 116 731 61 1621 1543 192
internal_value=0 2.64703e-06 0 -2.87867e-07 0 0 0 -2.03723e-07 0
internal_weight=8947 302 8645 7116 4203 277 4087 2274 1813
internal_count=8947 302 8645 7116 4203 277 4087 2274 1813
is_linear=0
shrinkage=0.05


Tree=165
num_leaves=4
num_cat=0
split_feature=2 19 15
split_gain=7.95573e-07 2.02781e-07 4.28622e-07
threshold=30.500000000000004 0.51167307692307695 13.650000000000002
decision_type=2 2 2
left_child=-1 -2 -3
right_child=1 2 -4
leaf_value=2.5620571608123402e-06 0 0 -6.7602406839995522e-07
leaf_weight=302 1529 3663 3453
leaf_count=302 1529 3663 3453
internal_value=0 0 -2.66892e-07
internal_weight=8947 8645 7116
internal_count=8947 8645 7116
is_linear=0
shrinkage=0.05


Tree=166
num_leaves=7
num_cat=0
split_feature=1 17 17 17 17 17
split_gain=7.18255e-07 6.65464e-07 2.12889e-07 2.13525e-07 6.42994e-08 5.43075e-08
threshold=6.7534722222222232 7.9877857129513661 7.0395900374172458 7.2133000484419894 6.8924876937972295 7.7370665455226684
decision_type=2 2 2 2 2 2
left_child=1 5 4 -4 -2 -1
right_child=2 -3 3 -5 -6 -7
leaf_value=7.9098861307240386e-07 0 1.1534726677032607e-05 4.1767017176550554e-07 0 -7.87999228364454e-07 0
leaf_weight=216 12.999999999999998 25 3059 4458 1115 61
leaf_count=216 13 25 3059 4458 1115 61
internal_value=0 2.43438e-06 0 0 -6.86594e-07 0
internal_weight=8947 302 8645 7517 1128 277
internal_count=8947 302 8645 7517 1128 277
is_linear=0
shrinkage=0.05


Tree=167
num_leaves=14
num_cat=0
split_feature=19 15 17 17 17 17 19 17 17 17 17 17 17
split_gain=7.25654e-07 2.15727e-06 1.00289e-05 2.97587e-05 6.6316e-06 4.269e-06 1.30226e-06 8.69147e-07 2.43013e-07 1.47653e-07 2.47537e-07 1.41613e-07 2.25875e-08
threshold=0.52767307692307708 13.650000000000002 8.2566211272658538 7.200356359288631 8.0497542698189957 7.8479119156778632 0.46442307692307699 8.8669400495053612 7.6673031450585656 7.6714616578013848 7.6666386962426545 7.6893425732886129 7.0395900374172458
decision_type=2 2 2 2 2 2 2 2 2 2 2 2 2
left_child=6 9 3 12 5 -5 -1 -4 -8 10 -2 -11 -3
right_child=1 2 7 4 -6 -7 8 -9 -10 11 -12 -13 -14
leaf_value=0 0 -4.1117851237604637e-07 7.3703246566765244e-06 0 0 -4.5087932179180469e-05 1.4242097017993198e-06 0 0 1.6245878848904074e-06 -6.3535892345383015e-07 0 0
leaf_weight=329 136 333 39 102 117 64 2785 21 137 273 1532 1386 1693
leaf_count=329 136 333 39 102 117 64 2785 21 137 273 1532 1386 1693
internal_value=0 -6.78954e-08 -1.51218e-06 -3.63316e-06 -1.92178e-05 -2.69694e-05 7.41469e-07 0 1.31357e-06 0 0 4.7156e-07 0
internal_weight=8947 5696 2369 2309 283 166 3251 60 2922 3327 1668 1659 2026
internal_count=8947 5696 2369 2309 283 166 3251 60 2922 3327 1668 1659 2026
is_linear=0
shrinkage=0.05


Tree=168
num_leaves=8
num_cat=0
split_feature=0 17 17 17 15 17 17
split_gain=8.75324e-07 8.13822e-07 2.06021e-07 1.7045e-07 7.43698e-07 6.31888e-08 4.22996e-08
threshold=2.5416666666666674 7.9877857129513661 7.0395900374172458 7.8807743891090611 12.800000000000002 6.8924876937972295 7.7370665455226684
decision_type=2 2 2 2 2 2 2
left_child=1 6 5 4 -4 -2 -1
right_child=2 -3 3 -5 -6 -7 -8
leaf_value=6.9808515597752724e-07 0 1.2744325750435764e-05 0 0 5.7451272762054043e-07 -7.7657411549879581e-07 0
leaf_weight=216 12.999999999999998 25 401 193 6923 1115 61
leaf_count=216 13 25 401 193 6923 1115 61
internal_value=0 2.6874e-06 0 0 2.41193e-07 -6.75427e-07 0
internal_weight=8947 302 8645 7517 7324 1128 277
internal_count=8947 302 8645 7517 7324 1128 277
is_linear=0
shrinkage=0.05


Tree=169
num_leaves=4
num_cat=0
split_feature=2 19 15
split_gain=8.25593e-07 2.35317e-07 4.2525e-07
threshold=30.500000000000004 0.51167307692307695 13.650000000000002
decision_type=2 2 2
left_child=-1 -2 -3
right_child=1 2 -4
leaf_value=2.6099465917273365e-06 0 0 -6.914606840141541e-07
leaf_weight=302 1529 3663 3453
leaf_count=302 1529 3663 3453
internal_value=0 0 -2.87507e-07
internal_weight=8947 8645 7116
internal_count=8947 8645 7116
is_linear=0
shrinkage=0.05


Tree=170
num_leaves=10
num_cat=0
split_feature=1 17 19 17 17 17 17 17 17
split_gain=7.45356e-07 7.53778e-07 2.08659e-07 1.11195e-06 1.08031e-06 3.28344e-08 3.15105e-07 1.77837e-07 2.47001e-08
threshold=6.7534722222222232 7.9877857129513661 0.51167307692307695 7.200356359288631 7.2133000484419894 7.6831204213495203 7.6666386962426545 7.6893425732886129 7.7370665455226684
decision_type=2 2 2 2 2 2 2 2 2
left_child=1 8 -2 -4 -5 6 -6 -7 -1
right_child=2 -3 3 4 5 7 -8 -9 -10
leaf_value=5.3344514249922577e-07 0 1.2006144254253452e-05 -1.0644188683301685e-06 4.8045336038001568e-06 0 1.276142904962964e-06 -7.5058203794111429e-07 0 0
leaf_weight=216 1529 25 2913 116 731 272 1543 1541 61
leaf_count=216 1529 25 2913 116 731 272 1543 1541 61
internal_value=0 2.47988e-06 0 -2.70733e-07 0 0 -1.89952e-07 0 0
internal_weight=8947 302 8645 7116 4203 4087 2274 1813 277
internal_count=8947 302 8645 7116 4203 4087 2274 1813 277
is_linear=0
shrinkage=0.05


Tree=171
num_leaves=14
num_cat=0
split_feature=19 15 17 17 17 17 19 17 17 17 17 17 17
split_gain=6.11321e-07 1.89437e-06 9.5859e-06 2.89445e-05 6.1048e-06 2.35251e-06 1.21379e-06 7.62747e-07 2.33964e-07 1.15498e-07 2.16953e-07 1.15285e-07 9.34222e-09
threshold=0.52767307692307708 13.650000000000002 8.2566211272658538 7.200356359288631 8.0497542698189957 7.8479119156778632 0.46442307692307699 8.8669400495053612 7.6673031450585656 7.6714616578013848 7.6666386962426545 7.6893425732886129 7.0395900374172458
decision_type=2 2 2 2 2 2 2 2 2 2 2 2 2
left_child=6 9 3 12 5 -5 -1 -4 -8 10 -2 -11 -3
right_child=1 2 7 4 -6 -7 8 -9 -10 11 -12 -13 -14
leaf_value=0 0 -2.6443674215840511e-07 6.9044699721416617e-06 0 0 -4.3360973206850196e-05 1.358484597509501e-06 0 0 1.4510963055926338e-06 -5.9481463733749462e-07 0 0
leaf_weight=329 136 333 39 102 117 64 2785 21 137 273 1532 1386 1693
leaf_count=329 136 333 39 102 117 64 2785 21 137 273 1532 1386 1693
internal_value=0 -3.29268e-08 -1.41453e-06 -3.52522e-06 -1.88646e-05 -2.63929e-05 6.84148e-07 0 1.24855e-06 0 0 4.17064e-07 0
internal_weight=8947 5696 2369 2309 283 166 3251 60 2922 3327 1668 1659 2026
internal_count=8947 5696 2369 2309 283 166 3251 60 2922 3327 1668 1659 2026
is_linear=0
shrinkage=0.05


Tree=172
num_leaves=8
num_cat=0
split_feature=0 17 17 17 19 17 17
split_gain=9.0196e-07 8.90128e-07 1.84705e-07 1.72514e-07 2.99992e-07 5.98359e-08 1.80372e-08
threshold=2.5416666666666674 7.9877857129513661 7.0395900374172458 7.2133000484419894 0.537423076923077 6.8924876937972295 7.7370665455226684
decision_type=2 2 2 2 2 2 2
left_child=1 6 5 4 -4 -2 -1
right_child=2 -3 3 -5 -6 -7 -8
leaf_value=4.5585343190404345e-07 0 1.3126924705619986e-05 9.5397295306958876e-07 0 0 -7.401393626534501e-07 0
leaf_weight=216 12.999999999999998 25 1297 4458 1762 1115 61
leaf_count=216 13 25 1297 4458 1762 1115 61
internal_value=0 2.72799e-06 0 0 3.75423e-07 -6.39532e-07 0
internal_weight=8947 302 8645 7517 3059 1128 277
internal_count=8947 302 8645 7517 3059 1128 277
is_linear=0
shrinkage=0.05


Tree=173
num_leaves=10
num_cat=0
split_feature=0 17 19 17 17 17 17 17 17
split_gain=8.56006e-07 7.6791e-07 1.91198e-07 1.07114e-06 9.76903e-07 1.06333e-07 1.82249e-07 1.59642e-07 1.62865e-08
threshold=2.5416666666666674 7.9877857129513661 0.51167307692307695 7.200356359288631 7.4662786483507304 7.6831204213495203 7.6666386962426545 7.8807743891090611 7.7370665455226684
decision_type=2 2 2 2 2 2 2 2 2
left_child=1 8 -2 -4 -5 6 -6 -7 -1
right_child=2 -3 3 4 5 7 -8 -9 -10
leaf_value=4.3316585605122745e-07 0 1.2495831872981318e-05 -1.0406698450473615e-06 2.708156092260899e-06 0 4.9604198794697685e-07 -6.8356689595595629e-07 0 0
leaf_weight=216 1529 25 2913 332 515 1621 1543 192 61
leaf_count=216 1529 25 2913 332 515 1621 1543 192 61
internal_value=0 2.65759e-06 0 -2.59157e-07 0 0 -3.59315e-07 0 0
internal_weight=8947 302 8645 7116 4203 3871 2058 1813 277
internal_count=8947 302 8645 7116 4203 3871 2058 1813 277
is_linear=0
shrinkage=0.05


Tree=174
num_leaves=3
num_cat=0
split_feature=0 19
split_gain=8.13395e-07 1.67294e-07
threshold=2.5416666666666674 0.51167307692307695
decision_type=2 2
left_child=-1 -2
right_child=1 -3
leaf_value=2.5905940332834173e-06 0 -2.4241618002021787e-07
leaf_weight=302 1529 7116
leaf_count=302 1529 7116
internal_value=0 0
internal_weight=8947 8645
internal_count=8947 8645
is_linear=0
shrinkage=0.05


Tree=175
num_leaves=3
num_cat=0
split_feature=0 19
split_gain=7.34345e-07 1.50984e-07
threshold=2.5416666666666674 0.51167307692307695
decision_type=2 2
left_child=-1 -2
right_child=1 -3
leaf_value=2.461493398729871e-06 0 -2.3029659030483886e-07
leaf_weight=302 1529 7116
leaf_count=302 1529 7116
internal_value=0 0
internal_weight=8947 8645
internal_count=8947 8645
is_linear=0
shrinkage=0.05


Tree=176
num_leaves=8
num_cat=0
split_feature=1 17 17 17 19 17 17
split_gain=6.62976e-07 7.49066e-07 1.52267e-07 2.10566e-07 2.61939e-07 5.4505e-08 2.22672e-09
threshold=6.7534722222222232 7.9877857129513661 7.0395900374172458 7.2133000484419894 0.537423076923077 6.8924876937972295 7.7370665455226684
decision_type=2 2 2 2 2 2 2
left_child=1 6 5 4 -4 -2 -1
right_child=2 -3 3 -5 -6 -7 -8
leaf_value=1.6016688349137324e-07 0 1.1652178990726278e-05 9.539725668496506e-07 0 0 -6.8058709173353113e-07 0
leaf_weight=216 12.999999999999998 25 1297 4458 1762 1115 61
leaf_count=216 13 25 1297 4458 1762 1115 61
internal_value=0 2.33882e-06 0 0 4.14766e-07 -5.80665e-07 0
internal_weight=8947 302 8645 7517 3059 1128 277
internal_count=8947 302 8645 7517 3059 1128 277
is_linear=0
shrinkage=0.05


Tree=177
num_leaves=10
num_cat=0
split_feature=0 17 19 17 17 17 17 17 17
split_gain=6.32837e-07 6.46694e-07 1.42142e-07 9.67405e-07 9.01907e-07 1.47466e-08 2.27113e-07 1.58893e-07 2.01059e-09
threshold=2.5416666666666674 7.9877857129513661 0.51167307692307695 7.200356359288631 7.2133000484419894 7.6831204213495203 7.6666386962426545 7.8807743891090611 7.7370665455226684
decision_type=2 2 2 2 2 2 2 2 2
left_child=1 8 -2 -4 -5 6 -6 -7 -1
right_child=2 -3 3 4 5 7 -8 -9 -10
leaf_value=1.5219551868401854e-07 0 1.1091972343050507e-05 -9.7565930658713615e-07 4.3899338179005242e-06 0 4.9487610203476302e-07 -6.257895969790197e-07 0 0
leaf_weight=216 1529 25 2913 116 731 1621 1543 192 61
leaf_count=216 1529 25 2913 116 731 1621 1543 192 61
internal_value=0 2.28504e-06 0 -2.23451e-07 0 0 -1.27299e-07 0 0
internal_weight=8947 302 8645 7116 4203 4087 2274 1813 277
internal_count=8947 302 8645 7116 4203 4087 2274 1813 277
is_linear=0
shrinkage=0.05


Tree=178
num_leaves=8
num_cat=0
split_feature=0 17 17 17 19 17 17
split_gain=6.04804e-07 5.54652e-07 1.28136e-07 2.23544e-07 2.27153e-07 5.01855e-08 1.81543e-09
threshold=2.5416666666666674 7.9877857129513661 7.0395900374172458 7.2133000484419894 0.537423076923077 6.8924876937972295 7.7370665455226684
decision_type=2 2 2 2 2 2 2
left_child=1 6 5 4 -4 -2 -1
right_child=2 -3 3 -5 -6 -7 -8
leaf_value=1.446206835077093e-07 0 1.0558700618835586e-05 9.3169804830609041e-07 0 0 -6.32032679799046e-07 0
leaf_weight=216 12.999999999999998 25 1297 4458 1762 1115 61
leaf_count=216 13 25 1297 4458 1762 1115 61
internal_value=0 2.23386e-06 0 0 4.27357e-07 -5.3267e-07 0
internal_weight=8947 302 8645 7517 3059 1128 277
internal_count=8947 302 8645 7517 3059 1128 277
is_linear=0
shrinkage=0.05


Tree=179
num_leaves=10
num_cat=0
split_feature=0 17 19 17 17 17 17 17 17
split_gain=5.78715e-07 4.71938e-07 1.26202e-07 8.9817e-07 8.37137e-07 6.76638e-08 1.5063e-07 1.4341e-07 1.63924e-09
threshold=2.5416666666666674 7.9877857129513661 0.51167307692307695 7.200356359288631 7.4662786483507304 7.6831204213495203 7.6666386962426545 7.8807743891090611 7.7370665455226684
decision_type=2 2 2 2 2 2 2 2 2
left_child=1 8 -2 -4 -5 6 -6 -7 -1
right_child=2 -3 3 4 5 7 -8 -9 -10
leaf_value=1.3742350741431059e-07 0 1.0051085936048846e-05 -9.3746264648125823e-07 2.5069521840456547e-06 0 4.7014774999433192e-07 -5.9452032278362894e-07 0 0
leaf_weight=216 1529 25 2913 332 515 1621 1543 192 61
leaf_count=216 1529 25 2913 332 515 1621 1543 192 61
internal_value=0 2.18515e-06 0 -2.10549e-07 0 0 -2.86629e-07 0 0
internal_weight=8947 302 8645 7116 4203 3871 2058 1813 277
internal_count=8947 302 8645 7116 4203 3871 2058 1813 277
is_linear=0
shrinkage=0.05


Tree=180
num_leaves=10
num_cat=0
split_feature=0 17 19 17 17 17 17 17 17
split_gain=5.54418e-07 3.9764e-07 1.09497e-07 8.15029e-07 7.59818e-07 8.70691e-09 1.88316e-07 1.29989e-07 1.48012e-09
threshold=2.5416666666666674 7.9877857129513661 0.51167307692307695 7.200356359288631 7.2133000484419894 7.6831204213495203 7.6666386962426545 7.6893425732886129 7.7370665455226684
decision_type=2 2 2 2 2 2 2 2 2
left_child=1 8 -2 -4 -5 6 -6 -7 -1
right_child=2 -3 3 4 5 7 -8 -9 -10
leaf_value=1.3058346348561321e-07 0 9.5678602631848504e-06 -8.9060424847573716e-07 4.0293220603743018e-06 0 1.0910435946739904e-06 -5.6481292678484767e-07 0 0
leaf_weight=216 1529 25 2913 116 731 272 1543 1541 61
leaf_count=216 1529 25 2913 116 731 272 1543 1541 61
internal_value=0 2.13879e-06 0 -1.9612e-07 0 0 -9.78163e-08 0 0
internal_weight=8947 302 8645 7116 4203 4087 2274 1813 277
internal_count=8947 302 8645 7116 4203 4087 2274 1813 277
is_linear=0
shrinkage=0.05


Tree=181
num_leaves=8
num_cat=0
split_feature=0 17 17 17 19 17 17
split_gain=5.31777e-07 3.30936e-07 1.01678e-07 2.73022e-07 1.81632e-07 4.49829e-08 1.33646e-09
threshold=2.5416666666666674 7.9877857129513661 7.0395900374172458 7.2133000484419894 0.537423076923077 6.8924876937972295 7.7370665455226684
decision_type=2 2 2 2 2 2 2
left_child=1 6 5 4 -4 -2 -1
right_child=2 -3 3 -5 -6 -7 -8
leaf_value=1.2408475249936927e-07 0 9.1078594470253251e-06 9.357786587754416e-07 0 0 -5.7318506451109968e-07 0
leaf_weight=216 12.999999999999998 25 1297 4458 1762 1115 61
leaf_count=216 13 25 1297 4458 1762 1115 61
internal_value=0 2.09466e-06 0 0 4.72289e-07 -4.745e-07 0
internal_weight=8947 302 8645 7517 3059 1128 277
internal_count=8947 302 8645 7517 3059 1128 277
is_linear=0
shrinkage=0.05


Tree=182
num_leaves=10
num_cat=0
split_feature=0 17 19 17 17 17 17 17 17
split_gain=5.10667e-07 2.71086e-07 9.42354e-08 7.61955e-07 7.07815e-07 4.87087e-08 1.29117e-07 1.24188e-07 1.20674e-09
threshold=2.5416666666666674 7.9877857129513661 0.51167307692307695 7.200356359288631 7.4662786483507304 7.6831204213495203 7.6666386962426545 7.8807743891090611 7.7370665455226684
decision_type=2 2 2 2 2 2 2 2 2
left_child=1 8 -2 -4 -5 6 -6 -7 -1
right_child=2 -3 3 4 5 7 -8 -9 -10
leaf_value=1.1790906050143644e-07 0 8.669977542012919e-06 -8.5705829308545316e-07 2.3051957151921238e-06 0 4.3750664898911793e-07 -5.3659177554464875e-07 0 0
leaf_weight=216 1529 25 2913 332 515 1621 1543 192 61
leaf_count=216 1529 25 2913 332 515 1621 1543 192 61
internal_value=0 2.05266e-06 0 -1.8194e-07 0 0 -2.4319e-07 0 0
internal_weight=8947 302 8645 7116 4203 3871 2058 1813 277
internal_count=8947 302 8645 7116 4203 3871 2058 1813 277
is_linear=0
shrinkage=0.05


Tree=183
num_leaves=8
num_cat=0
split_feature=1 17 17 17 19 17 17
split_gain=4.90973e-07 2.17418e-07 8.48879e-08 2.86991e-07 1.46874e-07 4.13424e-08 1.08961e-09
threshold=6.7534722222222232 7.9877857129513661 7.0395900374172458 7.2133000484419894 0.537423076923077 6.8924876937972295 7.7370665455226684
decision_type=2 2 2 2 2 2 2
left_child=1 6 5 4 -4 -2 -1
right_child=2 -3 3 -5 -6 -7 -8
leaf_value=1.1204069556479434e-07 0 8.2531524822115789e-06 9.1413449195093152e-07 0 0 -5.3176478508652885e-07 0
leaf_weight=216 12.999999999999998 25 1297 4458 1762 1115 61
leaf_count=216 13 25 1297 4458 1762 1115 61
internal_value=0 2.01269e-06 0 0 4.84221e-07 -4.33557e-07 0
internal_weight=8947 302 8645 7517 3059 1128 277
internal_count=8947 302 8645 7517 3059 1128 277
is_linear=0
shrinkage=0.05


Tree=184
num_leaves=10
num_cat=0
split_feature=0 17 19 17 17 17 17 17 17
split_gain=4.72589e-07 1.69326e-07 8.58881e-08 7.07623e-07 6.35247e-07 4.09872e-08 1.19511e-07 1.12478e-07 9.83852e-10
threshold=2.5416666666666674 7.9877857129513661 0.51167307692307695 7.200356359288631 7.4662786483507304 7.6831204213495203 7.6666386962426545 7.6893425732886129 7.7370665455226684
decision_type=2 2 2 2 2 2 2 2 2
left_child=1 8 -2 -4 -5 6 -6 -7 -1
right_child=2 -3 3 4 5 7 -8 -9 -10
leaf_value=1.0646454918022196e-07 0 7.8563759318337895e-06 -8.2509098928479257e-07 2.1838324267321747e-06 0 1.0148963773088569e-06 -5.0977832606663059e-07 0 0
leaf_weight=216 1529 25 2913 332 515 272 1543 1541 61
leaf_count=216 1529 25 2913 332 515 272 1543 1541 61
internal_value=0 1.97465e-06 0 -1.73695e-07 0 0 -2.23083e-07 0 0
internal_weight=8947 302 8645 7116 4203 3871 2058 1813 277
internal_count=8947 302 8645 7116 4203 3871 2058 1813 277
is_linear=0
shrinkage=0.05


Tree=185
num_leaves=14
num_cat=0
split_feature=19 15 17 17 17 19 17 17 17 17 17 17 17
split_gain=4.5595e-07 1.30809e-06 8.53416e-06 3.15046e-05 6.53256e-06 1.05423e-06 7.14108e-07 5.7622e-07 2.45973e-07 6.55847e-06 6.51542e-08 9.32502e-08 8.2068e-08
threshold=0.52767307692307708 13.650000000000002 8.2566211272658538 7.200356359288631 8.0497542698189957 0.46442307692307699 7.8479119156778632 8.8669400495053612 7.2133000484419894 7.200356359288631 7.6714616578013848 7.6893425732886129 7.6666386962426545
decision_type=2 2 2 2 2 2 2 2 2 2 2 2 2
left_child=5 10 3 -3 6 -1 -5 -4 9 -7 12 -12 -2
right_child=1 2 7 4 -6 8 -8 -9 -10 -11 11 -13 -14
leaf_value=0 0 0 6.0011431132806983e-06 0 0 0 -4.3231705275292581e-05 0 0 1.9266248772120364e-05 1.2022047184121337e-06 0 -3.6583546512934565e-07
leaf_weight=329 136 2026 39 102 117 1776 64 21 1091 55 273 1386 1532
leaf_count=329 136 2026 39 102 117 1776 64 21 1091 55 273 1386 1532
internal_value=0 0 -1.17467e-06 -3.26371e-06 -1.9078e-05 5.92043e-07 -2.67723e-05 0 1.1365e-06 1.54806e-06 0 3.13247e-07 0
internal_weight=8947 5696 2369 2309 283 3251 166 60 2922 1831 3327 1659 1668
internal_count=8947 5696 2369 2309 283 3251 166 60 2922 1831 3327 1659 1668
is_linear=0
shrinkage=0.05


Tree=186
num_leaves=11
num_cat=0
split_feature=1 7 17 17 17 17 17 17 17 17
split_gain=6.36131e-07 7.41472e-07 6.67174e-06 5.00927e-06 6.30897e-05 6.71392e-07 2.27128e-06 2.39996e-07 8.83496e-10 5.33646e-10
threshold=6.7534722222222232 10.500000000000002 7.6419255179732621 7.200356359288631 7.2133000484419894 7.0395900374172458 7.200356359288631 7.9877857129513661 7.7370665455226684 6.9599592149906035
decision_type=2 2 2 2 2 2 2 2 2 2
left_child=7 2 3 -2 -5 9 -7 8 -1 -3
right_child=1 5 -4 4 -6 6 -8 -9 -10 -11
leaf_value=1.0088865762181488e-07 -1.9805129210831563e-06 0 -8.6272727602988873e-06 5.8861664098609855e-05 0 1.9433285472137077e-06 0 9.1783954905202659e-06 0 -3.7395783572650739e-08
leaf_weight=216 1004 159 248 47 559 1947 3728 25 61 953
leaf_count=216 1004 159 248 47 559 1947 3728 25 61 953
internal_value=0 0 -9.98568e-07 0 3.75991e-06 0 5.43797e-07 2.29098e-06 0 0
internal_weight=8947 8645 1858 1610 606 6787 5675 302 277 1112
internal_count=8947 8645 1858 1610 606 6787 5675 302 277 1112
is_linear=0
shrinkage=0.05


Tree=187
num_leaves=3
num_cat=0
split_feature=0 19
split_gain=6.13314e-07 8.79585e-08
threshold=2.5416666666666674 0.51167307692307695
decision_type=2 2
left_child=-1 -2
right_child=1 -3
leaf_value=2.2495217873367534e-06 0 -1.7577635440439885e-07
leaf_weight=302 1529 7116
leaf_count=302 1529 7116
internal_value=0 0
internal_weight=8947 8645
internal_count=8947 8645
is_linear=0
shrinkage=0.05


Tree=188
num_leaves=8
num_cat=0
split_feature=0 17 19 17 17 17 17
split_gain=5.53709e-07 2.20668e-07 7.93831e-08 6.68767e-07 3.50133e-07 1.27467e-07 1.06861e-07
threshold=2.5416666666666674 7.9877857129513661 0.51167307692307695 7.200356359288631 7.6666386962426545 7.6831204213495203 7.8807743891090611
decision_type=2 2 2 2 2 2 2
left_child=1 -1 -2 -4 -5 -6 -7
right_child=2 -3 3 4 5 6 -8
leaf_value=0 0 8.6289850206902287e-06 -8.0116063735288662e-07 1.0159883513895107e-06 -4.5430215577464627e-07 4.0583852182722563e-07 0
leaf_weight=277 1529 25 2913 847 1543 1621 192
leaf_count=277 1529 25 2913 847 1543 1621 192
internal_value=0 2.13742e-06 0 -1.66988e-07 0 0 0
internal_weight=8947 302 8645 7116 4203 3356 1813
internal_count=8947 302 8645 7116 4203 3356 1813
is_linear=0
shrinkage=0.05


Tree=189
num_leaves=3
num_cat=0
split_feature=0 19
split_gain=5.35419e-07 6.95776e-08
threshold=2.5416666666666674 0.51167307692307695
decision_type=2 2
left_child=-1 -2
right_child=1 -3
leaf_value=2.1018197517165841e-06 0 -1.5633503692329389e-07
leaf_weight=302 1529 7116
leaf_count=302 1529 7116
internal_value=0 0
internal_weight=8947 8645
internal_count=8947 8645
is_linear=0
shrinkage=0.05


Tree=190
num_leaves=7
num_cat=0
split_feature=0 17 17 17 19 17
split_gain=4.83383e-07 2.01164e-07 6.36538e-08 2.47421e-07 1.18195e-07 3.63546e-08
threshold=2.5416666666666674 7.9877857129513661 7.0395900374172458 7.2133000484419894 0.537423076923077 6.8924876937972295
decision_type=2 2 2 2 2 2
left_child=1 -1 5 4 -4 -2
right_child=2 -3 3 -5 -6 -7
leaf_value=0 0 8.1130654479448509e-06 8.3916076525169258e-07 0 0 -4.7332136228340105e-07
leaf_weight=277 12.999999999999998 25 1297 4458 1762 1115
leaf_count=277 13 25 1297 4458 1762 1115
internal_value=0 1.99708e-06 0 0 4.49601e-07 -3.75435e-07
internal_weight=8947 302 8645 7517 3059 1128
internal_count=8947 302 8645 7517 3059 1128
is_linear=0
shrinkage=0.05


Tree=191
num_leaves=6
num_cat=0
split_feature=0 17 17 17 17
split_gain=4.67317e-07 1.52992e-07 5.59749e-08 2.28234e-07 3.42911e-08
threshold=2.5416666666666674 7.9877857129513661 7.0395900374172458 7.2133000484419894 6.8924876937972295
decision_type=2 2 2 2 2
left_child=1 -1 4 -4 -2
right_child=2 -3 3 -5 -6
leaf_value=0 0 7.7230239716859851e-06 4.3181657629782629e-07 0 -4.4967615473089135e-07
leaf_weight=277 12.999999999999998 25 3059 4458 1115
leaf_count=277 13 25 3059 4458 1115
internal_value=0 1.96361e-06 0 0 -3.52062e-07
internal_weight=8947 302 8645 7517 1128
internal_count=8947 302 8645 7517 1128
is_linear=0
shrinkage=0.05


Tree=192
num_leaves=8
num_cat=0
split_feature=0 17 19 17 17 17 17
split_gain=4.52275e-07 1.09823e-07 7.292e-08 6.36083e-07 3.17692e-07 1.10919e-07 1.00396e-07
threshold=2.5416666666666674 7.9877857129513661 0.51167307692307695 7.200356359288631 7.6666386962426545 7.6831204213495203 7.8807743891090611
decision_type=2 2 2 2 2 2 2
left_child=1 -1 -2 -4 -5 -6 -7
right_child=2 -3 3 4 5 6 -8
leaf_value=0 0 7.3517298397536363e-06 -7.7991858496670728e-07 9.6777709003154582e-07 -4.2378911858940183e-07 3.9337109073894399e-07 0
leaf_weight=277 1529 25 2913 847 1543 1621 192
leaf_count=277 1529 25 2913 847 1543 1621 192
internal_value=0 1.93175e-06 0 -1.60046e-07 0 0 0
internal_weight=8947 302 8645 7116 4203 3356 1813
internal_count=8947 302 8645 7116 4203 3356 1813
is_linear=0
shrinkage=0.05


Tree=193
num_leaves=3
num_cat=0
split_feature=1 7
split_gain=4.38185e-07 7.09531e-07
threshold=6.7534722222222232 10.500000000000002
decision_type=2 2
left_child=-1 -2
right_child=1 -3
leaf_value=1.9014167448385879e-06 -9.7682325296466081e-07 0
leaf_weight=302 1858 6787
leaf_count=302 1858 6787
internal_value=0 0
internal_weight=8947 8645
internal_count=8947 8645
is_linear=0
shrinkage=0.05


Tree=194
num_leaves=12
num_cat=0
split_feature=19 15 17 17 17 19 17 17 17 17 17
split_gain=4.15741e-07 1.17075e-06 8.29908e-06 2.98382e-05 6.93332e-06 1.0125e-06 5.58293e-07 9.6066e-08 4.99915e-08 8.69928e-08 5.05377e-08
threshold=0.52767307692307708 13.650000000000002 8.2566211272658538 7.200356359288631 8.0497542698189957 0.4458076923076924 8.8669400495053612 7.6673031450585656 7.6714616578013848 7.6893425732886129 7.6666386962426545
decision_type=2 2 2 2 2 2 2 2 2 2 2
left_child=5 8 3 -3 -5 -1 -4 -7 10 -10 -2
right_child=1 2 6 4 -6 7 -8 -9 9 -11 -12
leaf_value=0 0 0 5.9070556908409281e-06 -2.6310367399624836e-05 0 1.1624715965331394e-06 0 0 1.1179699782441643e-06 0 -2.8708243447332216e-07
leaf_weight=289 136 2026 39 166 117 2819 21 143 273 1386 1532
leaf_count=289 136 2026 39 166 117 2819 21 143 273 1386 1532
internal_value=0 0 -1.11129e-06 -3.20136e-06 -1.86016e-05 5.65335e-07 0 1.09776e-06 0 2.74387e-07 0
internal_weight=8947 5696 2369 2309 283 3251 60 2962 3327 1659 1668
internal_count=8947 5696 2369 2309 283 3251 60 2962 3327 1659 1668
is_linear=0
shrinkage=0.05


Tree=195
num_leaves=3
num_cat=0
split_feature=0 7
split_gain=4.7928e-07 6.97097e-07
threshold=2.5416666666666674 10.500000000000002
decision_type=2 2
left_child=-1 -2
right_child=1 -3
leaf_value=1.9885810937735522e-06 -9.6822647724221787e-07 0
leaf_weight=302 1858 6787
leaf_count=302 1858 6787
internal_value=0 0
internal_weight=8947 8645
internal_count=8947 8645
is_linear=0
shrinkage=0.05


Tree=196
num_leaves=9
num_cat=0
split_feature=1 7 17 17 17 17 17 17
split_gain=4.32701e-07 6.29166e-07 5.87033e-06 4.3189e-06 5.69543e-05 6.95375e-07 2.10193e-06 2.04643e-07
threshold=6.7534722222222232 10.500000000000002 7.6419255179732621 7.200356359288631 7.2133000484419894 7.0395900374172458 7.200356359288631 7.9877857129513661
decision_type=2 2 2 2 2 2 2 2
left_child=7 2 3 -2 -5 -3 -7 -1
right_child=1 5 -4 4 -6 6 -8 -9
leaf_value=0 -1.8190672367630787e-06 0 -8.0781161130903184e-06 5.587512602990803e-05 0 1.8947208169915554e-06 0 7.8283467043477656e-06
leaf_weight=277 1004 1112 248 47 559 1947 3728 25
leaf_count=277 1004 1112 248 47 559 1947 3728 25
internal_value=0 0 -9.19841e-07 0 3.50845e-06 0 5.53424e-07 1.88948e-06
internal_weight=8947 8645 1858 1610 606 6787 5675 302
internal_count=8947 8645 1858 1610 606 6787 5675 302
is_linear=0
shrinkage=0.05


Tree=197
num_leaves=3
num_cat=0
split_feature=0 19
split_gain=4.18035e-07 5.09032e-08
threshold=2.5416666666666674 0.51167307692307695
decision_type=2 2
left_child=-1 -2
right_child=1 -3
leaf_value=1.8571852523873463e-06 0 -1.3371925646312438e-07
leaf_weight=302 1529 7116
leaf_count=302 1529 7116
internal_value=0 0
internal_weight=8947 8645
internal_count=8947 8645
is_linear=0
shrinkage=0.05


Tree=198
num_leaves=6
num_cat=0
split_feature=2 17 17 17 17
split_gain=3.77408e-07 1.86369e-07 5.26084e-08 2.26224e-07 3.35674e-08
threshold=30.500000000000004 7.9877857129513661 7.0395900374172458 7.8807743891090611 6.8924876937972295
decision_type=2 2 2 2 2
left_child=1 -1 4 -4 -2
right_child=2 -3 3 -5 -6
leaf_value=0 0 7.3626979540746844e-06 2.7786590341806772e-07 0 -4.3937013891156682e-07
leaf_weight=277 12.999999999999998 25 7324 193 1115
leaf_count=277 13 25 7324 193 1115
internal_value=0 1.76463e-06 0 0 -3.41311e-07
internal_weight=8947 302 8645 7517 1128
internal_count=8947 302 8645 7517 1128
is_linear=0
shrinkage=0.05


Tree=199
num_leaves=8
num_cat=0
split_feature=0 17 19 17 17 17 17
split_gain=3.64528e-07 1.46343e-07 5.4903e-08 6.1744e-07 3.16349e-07 9.49047e-08 8.27527e-08
threshold=2.5416666666666674 7.9877857129513661 0.51167307692307695 7.200356359288631 7.6666386962426545 7.6831204213495203 7.8807743891090611
decision_type=2 2 2 2 2 2 2
left_child=1 -1 -2 -4 -5 -6 -7
right_child=2 -3 3 4 5 6 -8
leaf_value=0 0 7.0087192580103775e-06 -7.5948765553635015e-07 9.6572951114690339e-07 -3.9200379409606514e-07 3.5713771757726863e-07 0
leaf_weight=277 1529 25 2913 847 1543 1621 192
leaf_count=277 1529 25 2913 847 1543 1621 192
internal_value=0 1.73426e-06 0 -1.38874e-07 0 0 0
internal_weight=8947 302 8645 7116 4203 3356 1813
internal_count=8947 302 8645 7116 4203 3356 1813
is_linear=0
shrinkage=0.05


Tree=200
num_leaves=3
num_cat=0
split_feature=0 19
split_gain=3.52474e-07 4.72955e-08
threshold=2.5416666666666674 0.51167307692307695
decision_type=2 2
left_child=-1 -2
right_child=1 -3
leaf_value=1.7053446808919031e-06 0 -1.2889365326377294e-07
leaf_weight=302 1529 7116
leaf_count=302 1529 7116
internal_value=0 0
internal_weight=8947 8645
internal_count=8947 8645
is_linear=0
shrinkage=0.05


Tree=201
num_leaves=8
num_cat=0
split_feature=17 17 17 17 17 17 17
split_gain=3.42429e-07 1.93784e-06 2.77678e-06 6.27704e-06 5.55894e-07 4.32557e-07 7.29199e-08
threshold=7.0395900374172458 7.7370665455226684 8.2566211272658538 7.9467970270212396 8.0529439743463929 8.8669400495053612 6.8924876937972295
decision_type=2 2 2 2 2 2 2
left_child=6 -2 3 -3 -5 -4 -1
right_child=1 2 5 4 -6 -7 -8
leaf_value=0 9.5147241548060777e-07 0 5.1356986020947174e-06 -1.4846086669755978e-05 0 0 -4.0416719004308187e-07
leaf_weight=43 6296 1256 40 108 68 21 1115
leaf_count=43 6296 1256 40 108 68 21 1115
internal_value=0 3.31503e-07 0 -2.20099e-06 -1.13084e-05 0 0
internal_weight=8947 7789 1493 1432 176 61 1158
internal_count=8947 7789 1493 1432 176 61 1158
is_linear=0
shrinkage=0.05


Tree=202
num_leaves=6
num_cat=0
split_feature=0 17 17 17 17
split_gain=3.51468e-07 1.80181e-07 3.70828e-08 1.82072e-07 2.87337e-08
threshold=2.5416666666666674 7.9877857129513661 7.0395900374172458 7.2133000484419894 6.8924876937972295
decision_type=2 2 2 2 2
left_child=1 -1 4 -4 -2
right_child=2 -3 3 -5 -6
leaf_value=0 0 7.1498280606017562e-06 3.8568320818074395e-07 0 -3.8397697748334248e-07
leaf_weight=277 12.999999999999998 25 3059 4458 1115
leaf_count=277 13 25 3059 4458 1115
internal_value=0 1.70291e-06 0 0 -2.86556e-07
internal_weight=8947 302 8645 7517 1128
internal_count=8947 302 8645 7517 1128
is_linear=0
shrinkage=0.05


Tree=203
num_leaves=8
num_cat=0
split_feature=1 17 19 17 17 17 17
split_gain=3.39398e-07 1.42359e-07 7.17491e-08 6.18934e-07 2.58977e-07 1.05608e-07 7.22889e-08
threshold=6.7534722222222232 7.9877857129513661 0.51167307692307695 7.200356359288631 7.6666386962426545 7.6831204213495203 7.8807743891090611
decision_type=2 2 2 2 2 2 2
left_child=1 -1 -2 -4 -5 -6 -7
right_child=2 -3 3 4 5 6 -8
leaf_value=0 0 6.8060813758235615e-06 -7.6977664812285177e-07 8.7378153585537976e-07 -4.1351796872670657e-07 3.3379537972635098e-07 0
leaf_weight=277 1529 25 2913 847 1543 1621 192
leaf_count=277 1529 25 2913 847 1543 1621 192
internal_value=0 1.67341e-06 0 -1.58756e-07 0 0 0
internal_weight=8947 302 8645 7116 4203 3356 1813
internal_count=8947 302 8645 7116 4203 3356 1813
is_linear=0
shrinkage=0.05


Tree=204
num_leaves=8
num_cat=0
split_feature=0 17 19 17 17 17 17
split_gain=3.28104e-07 1.08443e-07 6.19521e-08 5.61407e-07 2.33756e-07 9.53178e-08 6.52449e-08
threshold=2.5416666666666674 7.9877857129513661 0.51167307692307695 7.200356359288631 7.6666386962426545 7.6831204213495203 7.8807743891090611
decision_type=2 2 2 2 2 2 2
left_child=1 -1 -2 -4 -5 -6 -7
right_child=2 -3 3 4 5 6 -8
leaf_value=0 0 6.4788647712423142e-06 -7.3129825215155802e-07 8.3014391876994889e-07 -3.9285599552074941e-07 3.1711576107995483e-07 0
leaf_weight=277 1529 25 2913 847 1543 1621 192
leaf_count=277 1529 25 2913 847 1543 1621 192
internal_value=0 1.64533e-06 0 -1.4752e-07 0 0 0
internal_weight=8947 302 8645 7116 4203 3356 1813
internal_count=8947 302 8645 7116 4203 3356 1813
is_linear=0
shrinkage=0.05


Tree=205
num_leaves=3
num_cat=0
split_feature=0 19
split_gain=3.17531e-07 5.33117e-08
threshold=2.5416666666666674 0.51167307692307695
decision_type=2 2
left_child=-1 -2
right_child=1 -3
leaf_value=1.6186072985970533e-06 0 -1.3684616679220985e-07
leaf_weight=302 1529 7116
leaf_count=302 1529 7116
internal_value=0 0
internal_weight=8947 8645
internal_count=8947 8645
is_linear=0
shrinkage=0.05


Tree=206
num_leaves=8
num_cat=0
split_feature=17 17 17 17 17 17 17
split_gain=3.01603e-07 1.85382e-06 2.73852e-06 5.81761e-06 4.07719e-07 3.75253e-07 5.17128e-08
threshold=7.0395900374172458 7.7370665455226684 8.2566211272658538 7.9467970270212396 8.0529439743463929 8.8669400495053612 6.8924876937972295
decision_type=2 2 2 2 2 2 2
left_child=6 -2 3 -3 -5 -4 -1
right_child=1 2 5 4 -6 -7 -8
leaf_value=0 9.2505799802685321e-07 0 4.7834401993895823e-06 -1.4338507696157405e-05 0 0 -3.4035883467739566e-07
leaf_weight=43 6296 1256 40 108 68 21 1115
leaf_count=43 6296 1256 40 108 68 21 1115
internal_value=0 3.11114e-07 0 -2.18577e-06 -1.09931e-05 0 0
internal_weight=8947 7789 1493 1432 176 61 1158
internal_count=8947 7789 1493 1432 176 61 1158
is_linear=0
shrinkage=0.05


Tree=207
num_leaves=9
num_cat=0
split_feature=0 17 19 17 17 17 17 17
split_gain=3.17135e-07 1.40268e-07 7.21373e-08 5.43769e-07 1.92358e-07 3.13664e-08 7.37784e-08 5.70382e-08
threshold=2.5416666666666674 7.9877857129513661 0.51167307692307695 7.200356359288631 7.4662786483507304 7.6831204213495203 7.6666386962426545 7.8807743891090611
decision_type=2 2 2 2 2 2 2 2
left_child=1 -1 -2 -4 -5 6 -6 -7
right_child=2 -3 3 4 5 7 -8 -9
leaf_value=0 0 6.6318246535956761e-06 -7.2691334760588045e-07 1.2017207410627974e-06 0 2.9650194916438349e-07 -4.1261051714823231e-07 0
leaf_weight=277 1529 25 2913 332 515 1621 1543 192
leaf_count=277 1529 25 2913 332 515 1621 1543 192
internal_value=0 1.6176e-06 0 -1.59185e-07 0 0 -1.95153e-07 0
internal_weight=8947 302 8645 7116 4203 3871 2058 1813
internal_count=8947 302 8645 7116 4203 3871 2058 1813
is_linear=0
shrinkage=0.05


Tree=208
num_leaves=8
num_cat=0
split_feature=1 17 19 17 17 17 17
split_gain=3.06498e-07 1.07981e-07 6.0695e-08 4.95182e-07 1.78684e-07 9.48991e-08 5.14803e-08
threshold=6.7534722222222232 7.9877857129513661 0.51167307692307695 7.200356359288631 7.6666386962426545 7.6831204213495203 7.8807743891090611
decision_type=2 2 2 2 2 2 2
left_child=1 -1 -2 -4 -5 -6 -7
right_child=2 -3 3 4 5 6 -8
leaf_value=0 0 6.3129863701760667e-06 -6.9058090269801441e-07 7.2579719453599682e-07 -3.9199218066161381e-07 2.8168596949484429e-07 0
leaf_weight=277 1529 25 2913 847 1543 1621 192
leaf_count=277 1529 25 2913 847 1543 1621 192
internal_value=0 1.59024e-06 0 -1.46015e-07 0 0 0
internal_weight=8947 302 8645 7116 4203 3356 1813
internal_count=8947 302 8645 7116 4203 3356 1813
is_linear=0
shrinkage=0.05


Tree=209
num_leaves=9
num_cat=0
split_feature=0 17 19 17 17 17 17 17
split_gain=2.96541e-07 7.90423e-08 5.20056e-08 4.49689e-07 1.62827e-07 2.49586e-08 6.06942e-08 4.74288e-08
threshold=2.5416666666666674 7.9877857129513661 0.51167307692307695 7.200356359288631 7.4662786483507304 7.6831204213495203 7.6666386962426545 7.6893425732886129
decision_type=2 2 2 2 2 2 2 2
left_child=1 -1 -2 -4 -5 6 -6 -7
right_child=2 -3 3 4 5 7 -8 -9
leaf_value=0 0 6.0094764026311628e-06 -6.560618501495667e-07 1.1056333577861934e-06 0 6.5903711571821154e-07 -3.7240634891875946e-07 0
leaf_weight=277 1529 25 2913 332 515 272 1543 1541
leaf_count=277 1529 25 2913 332 515 272 1543 1541
internal_value=0 1.5642e-06 0 -1.35159e-07 0 0 -1.74081e-07 0
internal_weight=8947 302 8645 7116 4203 3871 2058 1813
internal_count=8947 302 8645 7116 4203 3871 2058 1813
is_linear=0
shrinkage=0.05


Tree=210
num_leaves=3
num_cat=0
split_feature=1 19
split_gain=2.87216e-07 4.20493e-08
threshold=6.7534722222222232 0.51167307692307695
decision_type=2 2
left_child=-1 -2
right_child=1 -3
leaf_value=1.5394049268231256e-06 0 -1.2153492272463522e-07
leaf_weight=302 1529 7116
leaf_count=302 1529 7116
internal_value=0 0
internal_weight=8947 8645
internal_count=8947 8645
is_linear=0
shrinkage=0.05


Tree=211
num_leaves=8
num_cat=0
split_feature=17 17 17 17 17 17 17
split_gain=3.03268e-07 1.84896e-06 2.69615e-06 5.38574e-06 4.23688e-07 3.25537e-07 3.76995e-08
threshold=7.0395900374172458 7.7370665455226684 8.2566211272658538 7.9467970270212396 8.0497542698189957 8.8669400495053612 6.8924876937972295
decision_type=2 2 2 2 2 2 2
left_child=6 -2 3 -3 -5 -4 -1
right_child=1 2 5 4 -6 -7 -8
leaf_value=0 9.2437220060253419e-07 0 4.4553157576734545e-06 -1.8825494946213436e-05 0 0 -2.9060668276546094e-07
leaf_weight=43 6296 1256 40 59 117 21 1115
leaf_count=43 6296 1256 40 59 117 21 1115
internal_value=0 3.11971e-07 0 -2.1688e-06 -1.06841e-05 0 0
internal_weight=8947 7789 1493 1432 176 61 1158
internal_count=8947 7789 1493 1432 176 61 1158
is_linear=0
shrinkage=0.05


Tree=212
num_leaves=6
num_cat=0
split_feature=0 17 17 17 17
split_gain=3.01562e-07 1.20774e-07 1.46173e-08 2.23239e-07 1.94097e-08
threshold=2.5416666666666674 7.9877857129513661 7.0395900374172458 7.2133000484419894 6.8924876937972295
decision_type=2 2 2 2 2
left_child=1 -1 4 -4 -2
right_child=2 -3 3 -5 -6
leaf_value=0 0 6.3725337027930185e-06 4.2706491941536867e-07 0 -2.7608917968716503e-07
leaf_weight=277 12.999999999999998 25 3059 4458 1115
leaf_count=277 13 25 3059 4458 1115
internal_value=0 1.57738e-06 0 0 -1.7991e-07
internal_weight=8947 302 8645 7517 1128
internal_count=8947 302 8645 7517 1128
is_linear=0
shrinkage=0.05


Tree=213
num_leaves=9
num_cat=0
split_feature=0 17 19 17 17 17 17 17
split_gain=2.91594e-07 9.1109e-08 6.98572e-08 4.59307e-07 1.34016e-07 3.30265e-08 6.28058e-08 4.2706e-08
threshold=2.5416666666666674 7.9877857129513661 0.51167307692307695 7.200356359288631 7.4662786483507304 7.6831204213495203 7.6666386962426545 7.8807743891090611
decision_type=2 2 2 2 2 2 2 2
left_child=1 -1 -2 -4 -5 6 -6 -7
right_child=2 -3 3 4 5 7 -8 -9
leaf_value=0 0 6.0661635003410754e-06 -6.737837927438659e-07 1.0030581833652332e-06 0 2.5656018015709214e-07 -3.9391468846937094e-07 0
leaf_weight=277 1529 25 2913 332 515 1621 1543 192
leaf_count=277 1529 25 2913 332 515 1621 1543 192
internal_value=0 1.55109e-06 0 -1.56649e-07 0 0 -2.0025e-07 0
internal_weight=8947 302 8645 7116 4203 3871 2058 1813
internal_count=8947 302 8645 7116 4203 3871 2058 1813
is_linear=0
shrinkage=0.05


Tree=214
num_leaves=8
num_cat=0
split_feature=0 17 19 17 17 17 17
split_gain=2.8226e-07 6.45282e-08 5.89091e-08 4.1868e-07 1.24261e-07 8.64937e-08 3.85447e-08
threshold=2.5416666666666674 7.9877857129513661 0.51167307692307695 7.200356359288631 7.6666386962426545 7.6831204213495203 7.8807743891090611
decision_type=2 2 2 2 2 2 2
left_child=1 -1 -2 -4 -5 -6 -7
right_child=2 -3 3 4 5 6 -8
leaf_value=0 0 5.774517149592811e-06 -6.4010704390055193e-07 6.0525573034291851e-07 -3.7422998210564817e-07 2.4373995226106796e-07 0
leaf_weight=277 1529 25 2913 847 1543 1621 192
leaf_count=277 1529 25 2913 847 1543 1621 192
internal_value=0 1.52607e-06 0 -1.43851e-07 0 0 0
internal_weight=8947 302 8645 7116 4203 3356 1813
internal_count=8947 302 8645 7116 4203 3356 1813
is_linear=0
shrinkage=0.05


Tree=215
num_leaves=6
num_cat=0
split_feature=0 17 17 17 17
split_gain=2.73517e-07 4.07283e-08 9.74534e-09 2.56817e-07 1.65478e-08
threshold=2.5416666666666674 7.9877857129513661 7.0395900374172458 7.2133000484419894 6.8924876937972295
decision_type=2 2 2 2 2
left_child=1 -1 4 -4 -2
right_child=2 -3 3 -5 -6
leaf_value=0 0 5.4968979496222168e-06 4.5805872813099418e-07 0 -2.4269423848118166e-07
leaf_weight=277 12.999999999999998 25 3059 4458 1115
leaf_count=277 13 25 3059 4458 1115
internal_value=0 1.50224e-06 0 0 -1.469e-07
internal_weight=8947 302 8645 7517 1128
internal_count=8947 302 8645 7517 1128
is_linear=0
shrinkage=0.05


Tree=216
num_leaves=9
num_cat=0
split_feature=0 19 17 17 17 17 17 17
split_gain=2.65322e-07 5.67415e-08 4.01494e-07 1.11495e-07 2.63998e-08 5.16664e-08 3.47888e-08 1.94346e-08
threshold=2.5416666666666674 0.51167307692307695 7.200356359288631 7.4662786483507304 7.6831204213495203 7.6666386962426545 7.8807743891090611 7.9877857129513661
decision_type=2 2 2 2 2 2 2 2
left_child=7 -2 -3 -4 5 -5 -6 -1
right_child=1 2 3 4 6 -7 -8 -9
leaf_value=0 0 -6.2700277607067876e-07 9.1490580651459974e-07 0 2.3156047689589687e-07 -3.5553124492870431e-07 0 5.2326297960602221e-06
leaf_weight=277 1529 2913 332 515 1621 1543 192 25
leaf_count=277 1529 2913 332 515 1621 1543 192 25
internal_value=0 0 -1.4118e-07 0 0 -1.79037e-07 0 1.47957e-06
internal_weight=8947 8645 7116 4203 3871 2058 1813 302
internal_count=8947 8645 7116 4203 3871 2058 1813 302
is_linear=0
shrinkage=0.05


Tree=217
num_leaves=6
num_cat=0
split_feature=0 17 17 17 17
split_gain=2.57636e-07 7.13202e-09 2.58845e-07 1.47133e-08 3.98172e-10
threshold=2.5416666666666674 7.0395900374172458 7.2133000484419894 6.8924876937972295 7.9877857129513661
decision_type=2 2 2 2 2
left_child=4 3 -3 -2 -1
right_child=1 2 -4 -5 -6
leaf_value=0 0 4.5986332463227429e-07 0 -2.2121630138575698e-07 4.9810643451144962e-06
leaf_weight=277 12.999999999999998 3059 4458 1115 25
leaf_count=277 13 3059 4458 1115 25
internal_value=0 0 0 -1.25669e-07 1.45798e-06
internal_weight=8947 8645 7517 1128 302
internal_count=8947 8645 7517 1128 302
is_linear=0
shrinkage=0.05


Tree=218
num_leaves=8
num_cat=0
split_feature=17 17 17 17 17 17 17
split_gain=2.39135e-07 1.74494e-06 2.73885e-06 5.17372e-06 2.95727e-07 2.71999e-07 1.97172e-08
threshold=7.0395900374172458 7.7370665455226684 8.2566211272658538 7.9467970270212396 8.0497542698189957 8.8669400495053612 6.8924876937972295
decision_type=2 2 2 2 2 2 2
left_child=6 -2 3 -3 -5 -4 -1
right_child=1 2 5 4 -6 -7 -8
leaf_value=0 8.8752798940717146e-07 0 4.0725072371637063e-06 -1.849357492756098e-05 0 0 -2.1016515318244193e-07
leaf_weight=43 6296 1256 40 59 117 21 1115
leaf_count=43 6296 1256 40 59 117 21 1115
internal_value=0 2.77027e-07 0 -2.1859e-06 -1.05716e-05 0 0
internal_weight=8947 7789 1493 1432 176 61 1158
internal_count=8947 7789 1493 1432 176 61 1158
is_linear=0
shrinkage=0.05


Tree=219
num_leaves=6
num_cat=0
split_feature=0 17 17 17 17
split_gain=2.91535e-07 1.81785e-08 4.91908e-09 1.88579e-07 1.28774e-08
threshold=2.5416666666666674 7.9877857129513661 7.0395900374172458 7.2133000484419894 6.8924876937972295
decision_type=2 2 2 2 2
left_child=1 -1 4 -4 -2
right_child=2 -3 3 -5 -6
leaf_value=0 0 5.4571143566415756e-06 3.9251482395509062e-07 0 -1.9966624233843298e-07
leaf_weight=277 12.999999999999998 25 3059 4458 1115
leaf_count=277 13 25 3059 4458 1115
internal_value=0 1.55094e-06 0 0 -1.04367e-07
internal_weight=8947 302 8645 7517 1128
internal_count=8947 302 8645 7517 1128
is_linear=0
shrinkage=0.05


Tree=220
num_leaves=8
num_cat=0
split_feature=0 19 17 17 17 17 17
split_gain=2.83132e-07 8.90888e-08 4.32714e-07 8.74377e-08 3.63452e-08 5.38317e-08 2.83008e-08
threshold=2.5416666666666674 0.51167307692307695 7.200356359288631 7.4662786483507304 7.6831204213495203 7.6666386962426545 7.8807743891090611
decision_type=2 2 2 2 2 2 2
left_child=-1 -2 -3 -4 5 -5 -6
right_child=1 2 3 4 6 -7 -8
leaf_value=1.5284222698226416e-06 0 -6.6908070263158785e-07 8.1020927926463869e-07 0 2.088543781382841e-07 -3.8211490043864275e-07 0
leaf_weight=302 1529 2913 332 515 1621 1543 192
leaf_count=302 1529 2913 332 515 1621 1543 192
internal_value=0 0 -1.76902e-07 0 0 -2.10071e-07 0
internal_weight=8947 8645 7116 4203 3871 2058 1813
internal_count=8947 8645 7116 4203 3871 2058 1813
is_linear=0
shrinkage=0.05


Tree=221
num_leaves=8
num_cat=0
split_feature=2 19 17 17 17 17 17
split_gain=2.55616e-07 7.59497e-08 3.95001e-07 8.07691e-08 8.13898e-08 2.67712e-08 1.71499e-08
threshold=30.500000000000004 0.51167307692307695 7.200356359288631 7.6666386962426545 7.6831204213495203 7.6893425732886129 7.9877857129513661
decision_type=2 2 2 2 2 2 2
left_child=6 -2 -3 -4 -5 -6 -1
right_child=1 2 3 4 5 -7 -8
leaf_value=0 0 -6.356423425244636e-07 4.8797185488445126e-07 -3.6302062654881702e-07 4.9513362009814181e-07 0 5.121276749727807e-06
leaf_weight=277 1529 2913 847 1543 272 1541 25
leaf_count=277 1529 2913 847 1543 272 1541 25
internal_value=0 0 -1.63337e-07 0 0 0 1.45225e-06
internal_weight=8947 8645 7116 4203 3356 1813 302
internal_count=8947 8645 7116 4203 3356 1813 302
is_linear=0
shrinkage=0.05


Tree=222
num_leaves=8
num_cat=0
split_feature=0 19 17 17 17 17 17
split_gain=2.48232e-07 6.4259e-08 3.60783e-07 7.40275e-08 2.91873e-08 4.42715e-08 2.44854e-08
threshold=2.5416666666666674 0.51167307692307695 7.200356359288631 7.4662786483507304 7.6831204213495203 7.6666386962426545 7.8807743891090611
decision_type=2 2 2 2 2 2 2
left_child=-1 -2 -3 -4 5 -5 -6
right_child=1 2 3 4 6 -7 -8
leaf_value=1.4311256336291056e-06 0 -6.0386652524893691e-07 7.4549435213941045e-07 0 1.9426665545306836e-07 -3.4488032907372313e-07 0
leaf_weight=302 1529 2913 332 515 1621 1543 192
leaf_count=302 1529 2913 332 515 1621 1543 192
internal_value=0 0 -1.50241e-07 0 0 -1.88252e-07 0
internal_weight=8947 8645 7116 4203 3871 2058 1813
internal_count=8947 8645 7116 4203 3871 2058 1813
is_linear=0
shrinkage=0.05


Tree=223
num_leaves=8
num_cat=0
split_feature=0 19 17 17 17 17 17
split_gain=2.24108e-07 5.429e-08 3.29326e-07 6.83857e-08 6.63011e-08 2.31861e-08 1.61328e-08
threshold=2.5416666666666674 0.51167307692307695 7.200356359288631 7.6666386962426545 7.6831204213495203 7.6893425732886129 7.9877857129513661
decision_type=2 2 2 2 2 2 2
left_child=6 -2 -3 -4 -5 -6 -1
right_child=1 2 3 4 5 -7 -8
leaf_value=0 0 -5.7368531323619068e-07 4.4900859655736214e-07 -3.2764747793454988e-07 4.6078961498433139e-07 0 4.8062506203467931e-06
leaf_weight=277 1529 2913 847 1543 272 1541 25
leaf_count=277 1529 2913 847 1543 272 1541 25
internal_value=0 0 -1.38096e-07 0 0 0 1.35981e-06
internal_weight=8947 8645 7116 4203 3356 1813 302
internal_count=8947 8645 7116 4203 3356 1813 302
is_linear=0
shrinkage=0.05


Tree=224
num_leaves=8
num_cat=0
split_feature=17 17 17 17 17 17 17
split_gain=2.3164e-07 1.73538e-06 2.7357e-06 4.91314e-06 2.34871e-07 1.44162e-07 1.04032e-08
threshold=7.0395900374172458 7.7370665455226684 8.2566211272658538 7.9467970270212396 8.8669400495053612 8.0529439743463929 6.8924876937972295
decision_type=2 2 2 2 2 2 2
left_child=6 -2 3 -3 -4 -5 -1
right_child=1 2 4 5 -6 -7 -8
leaf_value=0 8.8370510295029302e-07 0 3.7843635126170295e-06 -1.3369319169064383e-05 0 0 -1.5265856468741252e-07
leaf_weight=43 6296 1256 40 108 21 68 1115
leaf_count=43 6296 1256 40 108 21 68 1115
internal_value=0 2.72651e-07 0 -2.18465e-06 0 -1.0394e-05 0
internal_weight=8947 7789 1493 1432 61 176 1158
internal_count=8947 7789 1493 1432 61 176 1158
is_linear=0
shrinkage=0.05


Tree=225
num_leaves=9
num_cat=0
split_feature=1 19 17 17 17 17 17 17
split_gain=2.42343e-07 6.8027e-08 3.28501e-07 5.48824e-08 3.73068e-08 4.07159e-08 2.66765e-08 1.8664e-08
threshold=6.7534722222222232 0.51167307692307695 7.200356359288631 7.4662786483507304 7.6831204213495203 7.6666386962426545 7.9877857129513661 7.8807743891090611
decision_type=2 2 2 2 2 2 2 2
left_child=6 -2 -3 -4 5 -5 -1 -6
right_child=1 2 3 4 7 -7 -8 -9
leaf_value=0 0 -5.8326036509112994e-07 6.4189585661385288e-07 0 1.696084625180156e-07 -3.5543236011725401e-07 5.0859849971647341e-06 0
leaf_weight=277 1529 2913 332 515 1621 1543 25 192
leaf_count=277 1529 2913 332 515 1621 1543 25 192
internal_value=0 0 -1.54583e-07 0 0 -2.12832e-07 1.41405e-06 0
internal_weight=8947 8645 7116 4203 3871 2058 302 1813
internal_count=8947 8645 7116 4203 3871 2058 302 1813
is_linear=0
shrinkage=0.05


Tree=226
num_leaves=9
num_cat=0
split_feature=0 19 17 17 17 17 17 17
split_gain=2.35205e-07 5.75837e-08 3.00299e-07 4.95473e-08 3.27842e-08 3.76365e-08 1.68454e-08 8.57018e-09
threshold=2.5416666666666674 0.51167307692307695 7.200356359288631 7.4662786483507304 7.6831204213495203 7.6666386962426545 7.8807743891090611 7.9877857129513661
decision_type=2 2 2 2 2 2 2 2
left_child=7 -2 -3 -4 5 -5 -6 -1
right_child=1 2 3 4 6 -7 -8 -9
leaf_value=0 0 -5.5410939322061598e-07 6.0989876783150625e-07 0 1.6113324894692674e-07 -3.376730668784957e-07 0 4.8414752102241959e-06
leaf_weight=277 1529 2913 332 515 1621 1543 192 25
leaf_count=277 1529 2913 332 515 1621 1543 192 25
internal_value=0 0 -1.42223e-07 0 0 -1.99514e-07 0 1.39307e-06
internal_weight=8947 8645 7116 4203 3871 2058 1813 302
internal_count=8947 8645 7116 4203 3871 2058 1813 302
is_linear=0
shrinkage=0.05


Tree=227
num_leaves=3
num_cat=0
split_feature=0 19
split_gain=2.28508e-07 4.84671e-08
threshold=2.5416666666666674 0.51167307692307695
decision_type=2 2
left_child=-1 -2
right_child=1 -3
leaf_value=1.3730916543863705e-06 0 -1.3048031452204349e-07
leaf_weight=302 1529 7116
leaf_count=302 1529 7116
internal_value=0 0
internal_weight=8947 8645
internal_count=8947 8645
is_linear=0
shrinkage=0.05


Tree=228
num_leaves=8
num_cat=0
split_feature=17 17 17 17 17 17 17
split_gain=2.21331e-07 1.6873e-06 2.65784e-06 4.50518e-06 2.19221e-07 2.06704e-07 7.10022e-09
threshold=7.0395900374172458 7.7370665455226684 8.2566211272658538 7.9467970270212396 8.0497542698189957 8.8669400495053612 6.8924876937972295
decision_type=2 2 2 2 2 2 2
left_child=6 -2 3 -3 -5 -4 -1
right_child=1 2 5 4 -6 -7 -8
leaf_value=0 8.7049097882928545e-07 0 3.5502015106896691e-06 -1.7538336280267681e-05 0 0 -1.261170292052014e-07
leaf_weight=43 6296 1256 40 59 117 21 1115
leaf_count=43 6296 1256 40 59 117 21 1115
internal_value=0 2.66515e-07 0 -2.15333e-06 -1.00585e-05 0 0
internal_weight=8947 7789 1493 1432 176 61 1158
internal_count=8947 7789 1493 1432 176 61 1158
is_linear=0
shrinkage=0.05


Tree=229
num_leaves=9
num_cat=0
split_feature=0 19 17 17 17 17 17 17
split_gain=2.41514e-07 6.92257e-08 2.93315e-07 4.22672e-08 3.92169e-08 4.12675e-08 3.77879e-08 1.43422e-08
threshold=2.5416666666666674 0.51167307692307695 7.200356359288631 7.9877857129513661 7.4662786483507304 7.6831204213495203 7.6666386962426545 7.8807743891090611
decision_type=2 2 2 2 2 2 2 2
left_child=3 -2 -3 -1 -4 6 -6 -7
right_child=1 2 4 -5 5 7 -8 -9
leaf_value=0 0 -5.5770408981780129e-07 5.4260583691198724e-07 5.2236613387671702e-06 0 1.4868016533381904e-07 -3.5777660733340439e-07 0
leaf_weight=277 1529 2913 332 25 515 1621 1543 192
leaf_count=277 1529 2913 332 25 515 1621 1543 192
internal_value=0 0 -1.55939e-07 1.41163e-06 0 0 -2.23844e-07 0
internal_weight=8947 8645 7116 302 4203 3871 2058 1813
internal_count=8947 8645 7116 302 4203 3871 2058 1813
is_linear=0
shrinkage=0.05


Tree=230
num_leaves=2
num_cat=0
split_feature=1
split_gain=2.34196e-07
threshold=6.7534722222222232
decision_type=2
left_child=-1
right_child=-2
leaf_value=1.3900768611558609e-06 0
leaf_weight=302 8645
leaf_count=302 8645
internal_value=0
internal_weight=8947
internal_count=8947
is_linear=0
shrinkage=0.05


Tree=231
num_leaves=9
num_cat=0
split_feature=0 19 17 17 17 17 17 17
split_gain=2.11435e-07 5.87085e-08 2.68494e-07 3.8849e-08 3.54043e-08 3.6473e-08 3.488e-08 1.29447e-08
threshold=2.5416666666666674 0.51167307692307695 7.200356359288631 7.9877857129513661 7.4662786483507304 7.6831204213495203 7.6666386962426545 7.8807743891090611
decision_type=2 2 2 2 2 2 2 2
left_child=3 -2 -3 -1 -4 6 -6 -7
right_child=1 2 4 -5 5 7 -8 -9
leaf_value=0 0 -5.2982668768532697e-07 5.1555610572724353e-07 4.905687215236507e-06 0 1.4125067705169227e-07 -3.3990095832587247e-07 0
leaf_weight=277 1529 2913 332 25 515 1621 1543 192
leaf_count=277 1529 2913 332 25 515 1621 1543 192
internal_value=0 0 -1.43606e-07 1.3208e-06 0 0 -2.1044e-07 0
internal_weight=8947 8645 7116 302 4203 3871 2058 1813
internal_count=8947 8645 7116 302 4203 3871 2058 1813
is_linear=0
shrinkage=0.05


Tree=232
num_leaves=9
num_cat=0
split_feature=0 19 17 17 17 17 17 17
split_gain=2.05005e-07 4.95205e-08 2.45796e-07 3.19626e-08 3.21914e-08 3.22084e-08 2.17921e-08 1.16834e-08
threshold=2.5416666666666674 0.51167307692307695 7.200356359288631 7.4662786483507304 7.6831204213495203 7.6666386962426545 7.9877857129513661 7.8807743891090611
decision_type=2 2 2 2 2 2 2 2
left_child=6 -2 -3 -4 5 -5 -1 -6
right_child=1 2 3 4 7 -7 -8 -9
leaf_value=0 0 -5.0334849614744606e-07 4.8985628014721451e-07 0 1.3419268141281657e-07 -3.2291534872677862e-07 4.669844996757222e-06 0
leaf_weight=277 1529 2913 332 515 1621 1543 25 192
leaf_count=277 1529 2913 332 515 1621 1543 25 192
internal_value=0 0 -1.31891e-07 0 0 -1.97702e-07 1.30056e-06 0
internal_weight=8947 8645 7116 4203 3871 2058 302 1813
internal_count=8947 8645 7116 4203 3871 2058 302 1813
is_linear=0
shrinkage=0.05


Tree=233
num_leaves=8
num_cat=0
split_feature=17 17 17 17 17 17 17
split_gain=2.12278e-07 1.67045e-06 2.64965e-06 4.25082e-06 1.78385e-07 2.69372e-08 4.12101e-09
threshold=7.0395900374172458 7.7370665455226684 8.2566211272658538 7.9467970270212396 8.8669400495053612 8.0497542698189957 6.8924876937972295
decision_type=2 2 2 2 2 2 2
left_child=6 -2 3 -3 -4 -5 -1
right_child=1 2 4 5 -6 -7 -8
leaf_value=0 8.6456477326645355e-07 0 3.2980539094196661e-06 -1.6989465832011771e-05 0 0 -9.6081539758607679e-08
leaf_weight=43 6296 1256 40 59 21 117 1115
leaf_count=43 6296 1256 40 59 21 117 1115
internal_value=0 2.61008e-07 0 -2.15002e-06 0 -9.8724e-06 0
internal_weight=8947 7789 1493 1432 61 176 1158
internal_count=8947 7789 1493 1432 61 176 1158
is_linear=0
shrinkage=0.05


Tree=234
num_leaves=4
num_cat=0
split_feature=0 19 17
split_gain=2.32271e-07 6.6269e-08 3.88775e-08
threshold=2.5416666666666674 0.51167307692307695 7.9877857129513661
decision_type=2 2 2
left_child=2 -2 -1
right_child=1 -3 -4
leaf_value=0 0 -1.5257266055508529e-07 5.1060746997021614e-06
leaf_weight=277 1529 7116 25
leaf_count=277 1529 7116 25
internal_value=0 0 1.38435e-06
internal_weight=8947 8645 302
internal_count=8947 8645 302
is_linear=0
shrinkage=0.05


Tree=235
num_leaves=4
num_cat=0
split_feature=1 19 17
split_gain=2.25257e-07 5.98091e-08 2.04472e-08
threshold=6.7534722222222232 0.51167307692307695 7.9877857129513661
decision_type=2 2 2
left_child=2 -2 -1
right_child=1 -3 -4
leaf_value=0 0 -1.4494569018579948e-07 4.8605932925756058e-06
leaf_weight=277 1529 7116 25
leaf_count=277 1529 7116 25
internal_value=0 0 1.36329e-06
internal_weight=8947 8645 302
internal_count=8947 8645 302
is_linear=0
shrinkage=0.05


Tree=236
num_leaves=4
num_cat=0
split_feature=0 19 17
split_gain=2.18679e-07 5.3978e-08 3.96701e-09
threshold=2.5416666666666674 0.51167307692307695 7.9877857129513661
decision_type=2 2 2
left_child=2 -2 -1
right_child=1 -3 -4
leaf_value=0 0 -1.3769867743857737e-07 4.626904757550119e-06
leaf_weight=277 1529 7116 25
leaf_count=277 1529 7116 25
internal_value=0 0 1.34324e-06
internal_weight=8947 8645 302
internal_count=8947 8645 302
is_linear=0
shrinkage=0.05


Tree=237
num_leaves=3
num_cat=0
split_feature=0 19
split_gain=2.12508e-07 4.87164e-08
threshold=2.5416666666666674 0.51167307692307695
decision_type=2 2
left_child=-1 -2
right_child=1 -3
leaf_value=1.3241474209322582e-06 0 -1.3081551745068335e-07
leaf_weight=302 1529 7116
leaf_count=302 1529 7116
internal_value=0 0
internal_weight=8947 8645
internal_count=8947 8645
is_linear=0
shrinkage=0.05


Tree=238
num_leaves=9
num_cat=0
split_feature=17 17 17 17 17 17 17 19
split_gain=1.97324e-07 1.59501e-06 2.5347e-06 4.08952e-06 1.55949e-07 3.0632e-09 2.71872e-09 7.36926e-10
threshold=7.0395900374172458 7.7370665455226684 8.2566211272658538 7.9467970270212396 8.8669400495053612 6.8924876937972295 7.1783939000347887 0.46442307692307699
decision_type=2 2 2 2 2 2 2 2
left_child=5 6 3 -3 -4 -1 -2 -8
right_child=1 2 4 -5 -6 -7 7 -9
leaf_value=0 0 0 3.0836805423704568e-06 -9.6727675262714936e-06 0 -8.2837221036184212e-08 0 8.5691031220795372e-07
leaf_weight=43 143 1256 40 176 21 1115 40 6113
leaf_count=43 143 1256 40 176 21 1115 40 6113
internal_value=0 2.51647e-07 0 -2.10286e-06 0 0 8.43554e-07 8.53946e-07
internal_weight=8947 7789 1493 1432 61 1158 6296 6153
internal_count=8947 7789 1493 1432 61 1158 6296 6153
is_linear=0
shrinkage=0.05


Tree=239
num_leaves=4
num_cat=0
split_feature=0 19 19
split_gain=2.06357e-07 6.27215e-08 3.10547e-09
threshold=2.5416666666666674 0.51167307692307695 0.67705769230769242
decision_type=2 2 2
left_child=-1 -2 -3
right_child=1 2 -4
leaf_value=1.3048423026925061e-06 0 -1.5341619933327415e-07 0
leaf_weight=302 1529 6991 125
leaf_count=302 1529 6991 125
internal_value=0 0 -1.48433e-07
internal_weight=8947 8645 7116
internal_count=8947 8645 7116
is_linear=0
shrinkage=0.05


Tree=240
num_leaves=5
num_cat=0
split_feature=0 19 17 19
split_gain=1.86301e-07 5.65144e-08 3.8087e-08 2.89453e-09
threshold=2.5416666666666674 0.51167307692307695 7.9877857129513661 0.67705769230769242
decision_type=2 2 2 2
left_child=2 -2 -1 -3
right_child=1 3 -4 -5
leaf_value=0 0 -1.4574553467004715e-07 4.6449759975075621e-06 0
leaf_weight=277 1529 6991 25 125
leaf_count=277 1529 6991 25 125
internal_value=0 0 1.23981e-06 -1.40897e-07
internal_weight=8947 8645 302 7116
internal_count=8947 8645 302 7116
is_linear=0
shrinkage=0.05


Tree=241
num_leaves=3
num_cat=0
split_feature=0 17
split_gain=1.80587e-07 2.2744e-08
threshold=2.5416666666666674 7.9877857129513661
decision_type=2 2
left_child=1 -1
right_child=-2 -3
leaf_value=0 0 4.4216564856469527e-06
leaf_weight=277 8645 25
leaf_count=277 8645 25
internal_value=0 1.22065e-06
internal_weight=8947 302
internal_count=8947 302
is_linear=0
shrinkage=0.05


Tree=242
num_leaves=10
num_cat=0
split_feature=17 17 17 17 17 17 17 17 19
split_gain=1.75337e-07 1.48872e-06 2.38664e-06 3.68209e-06 2.1968e-07 1.36452e-07 2.46003e-09 1.14486e-09 2.936e-10
threshold=7.0395900374172458 7.7370665455226684 8.2566211272658538 7.9467970270212396 8.0497542698189957 8.8669400495053612 6.8924876937972295 7.1783939000347887 0.46442307692307699
decision_type=2 2 2 2 2 2 2 2 2
left_child=6 7 3 -3 -5 -4 -1 -2 -9
right_child=1 2 5 4 -6 -7 -8 8 -10
leaf_value=0 0 0 2.88448551500772e-06 -1.6186943180703864e-05 0 0 -7.4234915026012685e-08 0 8.2523847570262322e-07
leaf_weight=43 143 1256 40 59 117 21 1115 40 6113
leaf_count=43 143 1256 40 59 117 21 1115 40 6113
internal_value=0 2.37213e-07 0 -2.04052e-06 -9.25832e-06 0 0 8.12808e-07 8.2248e-07
internal_weight=8947 7789 1493 1432 176 61 1158 6296 6153
internal_count=8947 7789 1493 1432 176 61 1158 6296 6153
is_linear=0
shrinkage=0.05


Tree=243
num_leaves=3
num_cat=0
split_feature=1 17
split_gain=2.05055e-07 3.86311e-08
threshold=6.7534722222222232 7.9877857129513661
decision_type=2 2
left_child=1 -1
right_child=-2 -3
leaf_value=0 0 4.8405976177981168e-06
leaf_weight=277 8645 25
leaf_count=277 8645 25
internal_value=0 1.30072e-06
internal_weight=8947 302
internal_count=8947 302
is_linear=0
shrinkage=0.05


Tree=244
num_leaves=2
num_cat=0
split_feature=0
split_gain=1.98807e-07
threshold=2.5416666666666674
decision_type=2
left_child=-1
right_child=-2
leaf_value=1.280751410124841e-06 0
leaf_weight=302 8645
leaf_count=302 8645
internal_value=0
internal_weight=8947
internal_count=8947
is_linear=0
shrinkage=0.05


Tree=245
num_leaves=3
num_cat=0
split_feature=0 17
split_gain=1.79486e-07 3.54709e-08
threshold=2.5416666666666674 7.9877857129513661
decision_type=2 2
left_child=1 -1
right_child=-2 -3
leaf_value=0 0 4.5463104302493325e-06
leaf_weight=277 8645 25
leaf_count=277 8645 25
internal_value=0 1.21693e-06
internal_weight=8947 302
internal_count=8947 302
is_linear=0
shrinkage=0.05


Tree=246
num_leaves=5
num_cat=0
split_feature=1 19 17 19
split_gain=1.73996e-07 7.66357e-08 2.07882e-08 2.97662e-09
threshold=6.7534722222222232 0.51167307692307695 7.9877857129513661 0.67705769230769242
decision_type=2 2 2 2
left_child=2 -2 -1 -3
right_child=1 3 -4 -5
leaf_value=0 0 -1.6871719815323715e-07 4.3277299174895555e-06 0
leaf_weight=277 1529 6991 25 125
leaf_count=277 1529 6991 25 125
internal_value=0 0 1.19817e-06 -1.64073e-07
internal_weight=8947 8645 302 7116
internal_count=8947 8645 302 7116
is_linear=0
shrinkage=0.05


Tree=247
num_leaves=2
num_cat=0
split_feature=0
split_gain=1.68849e-07
threshold=2.5416666666666674
decision_type=2
left_child=-1
right_child=-2
leaf_value=1.1803158489747499e-06 0
leaf_weight=302 8645
leaf_count=302 8645
internal_value=0
internal_weight=8947
internal_count=8947
is_linear=0
shrinkage=0.05


Tree=248
num_leaves=5
num_cat=0
split_feature=0 19 17 19
split_gain=1.5244e-07 6.90882e-08 1.92368e-08 2.76094e-09
threshold=2.5416666666666674 0.51167307692307695 7.9877857129513661 0.67705769230769242
decision_type=2 2 2 2
left_child=2 -2 -1 -3
right_child=1 3 -4 -5
leaf_value=0 0 -1.6028028468992726e-07 4.0629244624422042e-06 0
leaf_weight=277 1529 6991 25 125
leaf_count=277 1529 6991 25 125
internal_value=0 0 1.1215e-06 -1.55784e-07
internal_weight=8947 8645 302 7116
internal_count=8947 8645 302 7116
is_linear=0
shrinkage=0.05


Tree=249
num_leaves=3
num_cat=0
split_feature=0 17
split_gain=1.47917e-07 7.6482e-09
threshold=2.5416666666666674 7.9877857129513661
decision_type=2 2
left_child=1 -1
right_child=-2 -3
leaf_value=0 0 3.8675813434215588e-06
leaf_weight=277 8645 25
leaf_count=277 8645 25
internal_value=0 1.10473e-06
internal_weight=8947 302
internal_count=8947 302
is_linear=0
shrinkage=0.05


Tree=250
num_leaves=8
num_cat=0
split_feature=17 17 17 17 17 17 17
split_gain=1.4607e-07 1.39882e-06 2.32836e-06 3.59208e-06 1.18779e-07 1.13282e-07 1.92215e-09
threshold=7.0395900374172458 7.7370665455226684 8.2566211272658538 7.9467970270212396 8.0497542698189957 8.8669400495053612 6.8924876937972295
decision_type=2 2 2 2 2 2 2
left_child=6 -2 3 -3 -5 -4 -1
right_child=1 2 5 4 -6 -7 -8
leaf_value=0 7.8316192692379185e-07 0 2.6281985260649781e-06 -1.5862975735217329e-05 0 0 -6.5619376682889768e-08
leaf_weight=43 6296 1256 40 59 117 21 1115
leaf_count=43 6296 1256 40 59 117 21 1115
internal_value=0 2.16512e-07 0 -2.01545e-06 -9.14451e-06 0 0
internal_weight=8947 7789 1493 1432 176 61 1158
internal_count=8947 7789 1493 1432 176 61 1158
is_linear=0
shrinkage=0.05


Tree=251
num_leaves=3
num_cat=0
split_feature=1 17
split_gain=1.7049e-07 2.19896e-08
threshold=6.7534722222222232 7.9877857129513661
decision_type=2 2
left_child=1 -1
right_child=-2 -3
leaf_value=0 0 4.3020504884994841e-06
leaf_weight=277 8645 25
leaf_count=277 8645 25
internal_value=0 1.18604e-06
internal_weight=8947 302
internal_count=8947 302
is_linear=0
shrinkage=0.05


Tree=252
num_leaves=4
num_cat=0
split_feature=0 19 19
split_gain=1.65425e-07 8.88377e-08 2.74571e-09
threshold=2.5416666666666674 0.51167307692307695 0.67705769230769242
decision_type=2 2 2
left_child=-1 -2 -3
right_child=1 2 -4
leaf_value=1.1682878745944159e-06 0 -1.8095791714095953e-07 0
leaf_weight=302 1529 6991 125
leaf_count=302 1529 6991 125
internal_value=0 0 -1.76653e-07
internal_weight=8947 8645 7116
internal_count=8947 8645 7116
is_linear=0
shrinkage=0.05


Tree=253
num_leaves=4
num_cat=0
split_feature=0 19 19
split_gain=1.49348e-07 8.01239e-08 2.53189e-09
threshold=2.5416666666666674 0.51167307692307695 0.67705769230769242
decision_type=2 2 2
left_child=-1 -2 -3
right_child=1 2 -4
leaf_value=1.1100660027511925e-06 0 -1.7191189429778168e-07 0
leaf_weight=302 1529 6991 125
leaf_count=302 1529 6991 125
internal_value=0 0 -1.67765e-07
internal_weight=8947 8645 7116
internal_count=8947 8645 7116
is_linear=0
shrinkage=0.05


Tree=254
num_leaves=4
num_cat=0
split_feature=0 19 19
split_gain=1.34834e-07 7.22611e-08 2.33616e-09
threshold=2.5416666666666674 0.51167307692307695 0.67705769230769242
decision_type=2 2 2
left_child=-1 -2 -3
right_child=1 2 -4
leaf_value=1.0547457011600965e-06 0 -1.6331679665140455e-07 0
leaf_weight=302 1529 6991 125
leaf_count=302 1529 6991 125
internal_value=0 0 -1.59321e-07
internal_weight=8947 8645 7116
internal_count=8947 8645 7116
is_linear=0
shrinkage=0.05


Tree=255
num_leaves=9
num_cat=0
split_feature=17 17 17 17 17 17 17 19
split_gain=1.31904e-07 1.32727e-06 2.23018e-06 3.43079e-06 9.97227e-08 2.18053e-09 1.33272e-09 5.99727e-10
threshold=7.0395900374172458 7.7370665455226684 8.2566211272658538 7.9467970270212396 8.8669400495053612 7.1783939000347887 6.8924876937972295 0.46442307692307699
decision_type=2 2 2 2 2 2 2 2
left_child=6 5 3 -3 -4 -2 -1 -7
right_child=1 2 4 -5 -6 7 -8 -9
leaf_value=0 0 0 2.465897583844213e-06 -8.9418786602709048e-06 0 0 -5.463950939336266e-08 7.731682868708348e-07
leaf_weight=43 143 1256 40 176 21 40 1115 6113
leaf_count=43 143 1256 40 176 21 40 1115 6113
internal_value=0 2.05745e-07 0 -1.9725e-06 0 7.61126e-07 0 7.70493e-07
internal_weight=8947 7789 1493 1432 61 6296 1158 6153
internal_count=8947 7789 1493 1432 61 6296 1158 6153
is_linear=0
shrinkage=0.05


Tree=256
num_leaves=5
num_cat=0
split_feature=0 19 17 19
split_gain=1.32651e-07 8.50748e-08 5.76037e-08 6.86676e-09
threshold=2.5416666666666674 0.51167307692307695 7.9877857129513661 0.67705769230769242
decision_type=2 2 2 2
left_child=2 -2 -1 -3
right_child=1 3 -4 -5
leaf_value=0 0 -1.8131147062462688e-07 4.2771188040765329e-06 0
leaf_weight=277 1529 6991 25 125
leaf_count=277 1529 6991 25 125
internal_value=0 0 1.04617e-06 -1.72871e-07
internal_weight=8947 8645 302 7116
internal_count=8947 8645 302 7116
is_linear=0
shrinkage=0.05


Tree=257
num_leaves=5
num_cat=0
split_feature=1 19 17 19
split_gain=1.28214e-07 7.65353e-08 4.41869e-08 6.44283e-09
threshold=6.7534722222222232 0.51167307692307695 7.9877857129513661 0.67705769230769242
decision_type=2 2 2 2
left_child=2 -2 -1 -3
right_child=1 3 -4 -5
leaf_value=0 0 -1.7224678018806894e-07 4.0714926301286665e-06 0
leaf_weight=277 1529 6991 25 125
leaf_count=277 1529 6991 25 125
internal_value=0 0 1.02853e-06 -1.63965e-07
internal_weight=8947 8645 302 7116
internal_count=8947 8645 302 7116
is_linear=0
shrinkage=0.05


Tree=258
num_leaves=3
num_cat=0
split_feature=0 17
split_gain=1.24061e-07 3.21618e-08
threshold=2.5416666666666674 7.9877857129513661
decision_type=2 2
left_child=1 -1
right_child=-2 -3
leaf_value=0 0 3.8757474304964811e-06
leaf_weight=277 8645 25
leaf_count=277 8645 25
internal_value=0 1.01173e-06
internal_weight=8947 302
internal_count=8947 302
is_linear=0
shrinkage=0.05


Tree=259
num_leaves=4
num_cat=0
split_feature=0 19 19
split_gain=1.20171e-07 6.88425e-08 6.04765e-09
threshold=2.5416666666666674 0.51167307692307695 0.67705769230769242
decision_type=2 2 2
left_child=-1 -2 -3
right_child=1 2 -4
leaf_value=9.9574410600169614e-07 0 -1.636370621054292e-07 0
leaf_weight=302 1529 6991 125
leaf_count=302 1529 6991 125
internal_value=0 0 -1.55507e-07
internal_weight=8947 8645 7116
internal_count=8947 8645 7116
is_linear=0
shrinkage=0.05


Tree=260
num_leaves=4
num_cat=0
split_feature=0 19 19
split_gain=1.08492e-07 6.19106e-08 5.67892e-09
threshold=2.5416666666666674 0.51167307692307695 0.67705769230769242
decision_type=2 2 2
left_child=-1 -2 -3
right_child=1 2 -4
leaf_value=9.4612225757223215e-07 0 -1.5545658052207029e-07 0
leaf_weight=302 1529 6991 125
leaf_count=302 1529 6991 125
internal_value=0 0 -1.4747e-07
internal_weight=8947 8645 7116
internal_count=8947 8645 7116
is_linear=0
shrinkage=0.05


Tree=261
num_leaves=10
num_cat=0
split_feature=17 17 17 17 17 17 17 17 19
split_gain=1.35162e-07 1.27958e-06 2.07394e-06 3.14437e-06 2.73757e-07 8.52994e-08 1.59663e-09 7.82777e-10 4.44527e-10
threshold=7.0395900374172458 7.7370665455226684 8.2566211272658538 7.9467970270212396 8.0497542698189957 8.8669400495053612 7.1783939000347887 6.8924876937972295 0.46442307692307699
decision_type=2 2 2 2 2 2 2 2 2
left_child=7 6 3 -3 -5 -4 -2 -1 -8
right_child=1 2 5 4 -6 -7 8 -9 -10
leaf_value=0 0 0 2.2806103498158092e-06 -1.5127330630396799e-05 0 0 0 -4.1875210891086962e-08 7.6112997620746326e-07
leaf_weight=43 143 1256 40 59 117 21 40 1115 6113
leaf_count=43 143 1256 40 59 117 21 40 1115 6113
internal_value=0 2.08271e-07 0 -1.90215e-06 -8.58516e-06 0 7.49448e-07 0 7.58533e-07
internal_weight=8947 7789 1493 1432 176 61 6296 1158 6153
internal_count=8947 7789 1493 1432 176 61 6296 1158 6153
is_linear=0
shrinkage=0.05


Tree=262
num_leaves=5
num_cat=0
split_feature=0 19 17 19
split_gain=1.19131e-07 8.01213e-08 6.34013e-08 6.14131e-09
threshold=2.5416666666666674 0.51167307692307695 7.9877857129513661 0.67705769230769242
decision_type=2 2 2 2
left_child=2 -2 -1 -3
right_child=1 3 -4 -5
leaf_value=0 0 -1.7562269333567474e-07 4.1894168736269736e-06 0
leaf_weight=277 1529 6991 25 125
leaf_count=277 1529 6991 25 125
internal_value=0 0 9.91429e-07 -1.67763e-07
internal_weight=8947 8645 302 7116
internal_count=8947 8645 302 7116
is_linear=0
shrinkage=0.05


Tree=263
num_leaves=3
num_cat=0
split_feature=0 17
split_gain=1.15014e-07 5.03895e-08
threshold=2.5416666666666674 7.9877857129513661
decision_type=2 2
left_child=1 -1
right_child=-2 -3
leaf_value=0 0 3.9880049343292426e-06
leaf_weight=277 8645 25
leaf_count=277 8645 25
internal_value=0 9.74146e-07
internal_weight=8947 302
internal_count=8947 302
is_linear=0
shrinkage=0.05


Tree=264
num_leaves=9
num_cat=0
split_feature=17 17 17 17 17 17 17 17
split_gain=1.12183e-07 1.19357e-06 2.00267e-06 2.96781e-06 9.28751e-08 7.44428e-08 6.16498e-10 2.89445e-10
threshold=7.0395900374172458 7.7370665455226684 8.2566211272658538 7.9467970270212396 8.0497542698189957 8.8669400495053612 6.8924876937972295 7.1783939000347887
decision_type=2 2 2 2 2 2 2 2
left_child=6 7 3 -3 -5 -4 -1 -2
right_child=1 2 5 4 -6 -7 -8 -9
leaf_value=0 0 0 2.1305385909239107e-06 -1.4524921551734827e-05 0 0 -3.7162411456433373e-08 7.2839919622013193e-07
leaf_weight=43 143 1256 40 59 117 21 1115 6153
leaf_count=43 143 1256 40 59 117 21 1115 6153
internal_value=0 1.89743e-07 0 -1.86918e-06 -8.37882e-06 0 0 7.20001e-07
internal_weight=8947 7789 1493 1432 176 61 1158 6296
internal_count=8947 7789 1493 1432 176 61 1158 6296
is_linear=0
shrinkage=0.05


Tree=265
num_leaves=5
num_cat=0
split_feature=1 19 17 19
split_gain=1.32755e-07 9.83363e-08 6.55318e-08 6.47219e-09
threshold=6.7534722222222232 0.51167307692307695 7.9877857129513661 0.67705769230769242
decision_type=2 2 2 2
left_child=2 -2 -1 -3
right_child=1 3 -4 -5
leaf_value=0 0 -1.935831578337766e-07 4.3664639815688031e-06 0
leaf_weight=277 1529 6991 25 125
leaf_count=277 1529 6991 25 125
internal_value=0 0 1.04658e-06 -1.85857e-07
internal_weight=8947 8645 302 7116
internal_count=8947 8645 302 7116
is_linear=0
shrinkage=0.05


Tree=266
num_leaves=5
num_cat=0
split_feature=0 19 17 19
split_gain=1.28224e-07 8.85316e-08 5.14551e-08 6.0585e-09
threshold=2.5416666666666674 0.51167307692307695 7.9877857129513661 0.67705769230769242
decision_type=2 2 2 2
left_child=2 -2 -1 -3
right_child=1 3 -4 -5
leaf_value=0 0 -1.8390440406624426e-07 4.1565447687529502e-06 0
leaf_weight=277 1529 6991 25 125
leaf_count=277 1529 6991 25 125
internal_value=0 0 1.02857e-06 -1.76348e-07
internal_weight=8947 8645 302 7116
internal_count=8947 8645 302 7116
is_linear=0
shrinkage=0.05


Tree=267
num_leaves=4
num_cat=0
split_feature=1 19 19
split_gain=1.23984e-07 7.96945e-08 5.67404e-09
threshold=6.7534722222222232 0.51167307692307695 0.67705769230769242
decision_type=2 2 2
left_child=-1 -2 -3
right_child=1 2 -4
leaf_value=1.0114216334847324e-06 0 -1.7471022958311476e-07 0
leaf_weight=302 1529 6991 125
leaf_count=302 1529 6991 125
internal_value=0 0 -1.67315e-07
internal_weight=8947 8645 7116
internal_count=8947 8645 7116
is_linear=0
shrinkage=0.05


Tree=268
num_leaves=5
num_cat=0
split_feature=0 19 17 19
split_gain=1.11935e-07 7.17299e-08 4.69049e-08 5.31651e-09
threshold=2.5416666666666674 0.51167307692307695 7.9877857129513661 0.67705769230769242
decision_type=2 2 2 2
left_child=2 -2 -1 -3
right_child=1 3 -4 -5
leaf_value=0 0 -1.6597605434701824e-07 3.9080750698653449e-06 0
leaf_weight=277 1529 6991 25 125
leaf_count=277 1529 6991 25 125
internal_value=0 0 9.61017e-07 -1.58735e-07
internal_weight=8947 8645 302 7116
internal_count=8947 8645 302 7116
is_linear=0
shrinkage=0.05


Tree=269
num_leaves=4
num_cat=0
split_feature=0 19 19
split_gain=1.08211e-07 6.45528e-08 4.98384e-09
threshold=2.5416666666666674 0.51167307692307695 0.67705769230769242
decision_type=2 2 2
left_child=-1 -2 -3
right_child=1 2 -4
leaf_value=9.4489537743488758e-07 0 -1.5767977566929505e-07 0
leaf_weight=302 1529 6991 125
leaf_count=302 1529 6991 125
internal_value=0 0 -1.50584e-07
internal_weight=8947 8645 7116
internal_count=8947 8645 7116
is_linear=0
shrinkage=0.05


Tree=270
num_leaves=9
num_cat=0
split_feature=17 17 17 17 17 17 17 17
split_gain=1.22097e-07 1.17974e-06 1.88824e-06 2.89892e-06 6.31159e-08 1.49751e-08 2.20785e-10 1.92828e-10
threshold=7.0395900374172458 7.7370665455226684 8.2566211272658538 7.9467970270212396 8.8669400495053612 8.0529439743463929 6.8924876937972295 7.1783939000347887
decision_type=2 2 2 2 2 2 2 2
left_child=6 7 3 -3 -4 -5 -1 -2
right_child=1 2 4 5 -6 -7 -8 -9
leaf_value=0 0 0 1.9617679359592863e-06 -1.0494789709534639e-05 0 0 -2.2239376752016198e-08 7.2727908243785403e-07
leaf_weight=43 143 1256 40 108 21 68 1115 6153
leaf_count=43 143 1256 40 108 21 68 1115 6153
internal_value=0 1.97949e-07 0 -1.81499e-06 0 -8.22285e-06 0 7.1892e-07
internal_weight=8947 7789 1493 1432 61 176 1158 6296
internal_count=8947 7789 1493 1432 61 176 1158 6296
is_linear=0
shrinkage=0.05


Tree=271
num_leaves=4
num_cat=0
split_feature=0 19 19
split_gain=1.10673e-07 7.86673e-08 8.37572e-09
threshold=2.5416666666666674 0.51167307692307695 0.67705769230769242
decision_type=2 2 2
left_child=-1 -2 -3
right_child=1 2 -4
leaf_value=9.5558548811054636e-07 0 -1.7641535721884571e-07 0
leaf_weight=302 1529 6991 125
leaf_count=302 1529 6991 125
internal_value=0 0 -1.66234e-07
internal_weight=8947 8645 7116
internal_count=8947 8645 7116
is_linear=0
shrinkage=0.05


Tree=272
num_leaves=9
num_cat=0
split_feature=17 17 17 17 17 17 19 17
split_gain=1.03064e-07 1.09442e-06 1.79644e-06 2.63631e-06 5.68894e-08 1.66485e-08 1.2499e-09 1.52721e-10
threshold=7.0395900374172458 7.7370665455226684 8.2566211272658538 7.9467970270212396 8.8669400495053612 8.0497542698189957 0.46442307692307699 6.8924876937972295
decision_type=2 2 2 2 2 2 2 2
left_child=7 6 3 -3 -4 -5 -2 -1
right_child=1 2 4 5 -6 -7 -8 -9
leaf_value=0 0 0 1.8624890426730261e-06 -1.3615850359201427e-05 0 0 6.9206864034263263e-07 -1.8496423349281575e-08
leaf_weight=43 40 1256 40 59 21 117 6256 1115
leaf_count=43 40 1256 40 59 21 117 6256 1115
internal_value=0 1.81868e-07 0 -1.77033e-06 0 -7.91261e-06 6.89507e-07 0
internal_weight=8947 7789 1493 1432 61 176 6296 1158
internal_count=8947 7789 1493 1432 61 176 6296 1158
is_linear=0
shrinkage=0.05


Tree=273
num_leaves=4
num_cat=0
split_feature=1 19 19
split_gain=1.19051e-07 9.53157e-08 8.92886e-09
threshold=6.7534722222222232 0.51167307692307695 0.67705769230769242
decision_type=2 2 2
left_child=-1 -2 -3
right_child=1 2 -4
leaf_value=9.9109328027642402e-07 0 -1.9306160823037334e-07 0
leaf_weight=302 1529 6991 125
leaf_count=302 1529 6991 125
internal_value=0 0 -1.8298e-07
internal_weight=8947 8645 7116
internal_count=8947 8645 7116
is_linear=0
shrinkage=0.05


Tree=274
num_leaves=4
num_cat=0
split_feature=1 19 19
split_gain=1.07481e-07 8.56934e-08 8.38918e-09
threshold=6.7534722222222232 0.51167307692307695 0.67705769230769242
decision_type=2 2 2
left_child=-1 -2 -3
right_child=1 2 -4
leaf_value=9.4170217335426938e-07 0 -1.8341042135196325e-07 0
leaf_weight=302 1529 6991 125
leaf_count=302 1529 6991 125
internal_value=0 0 -1.73498e-07
internal_weight=8947 8645 7116
internal_count=8947 8645 7116
is_linear=0
shrinkage=0.05


Tree=275
num_leaves=5
num_cat=0
split_feature=1 17 19 19
split_gain=9.7035e-08 1.11714e-07 7.70263e-08 7.88495e-09
threshold=6.7534722222222232 7.9877857129513661 0.51167307692307695 0.67705769230769242
decision_type=2 2 2 2
left_child=1 -1 -2 -4
right_child=2 -3 3 -5
leaf_value=0 0 4.4801829454417313e-06 -1.7424164733754405e-07 0
leaf_weight=277 1529 25 6991 125
leaf_count=277 1529 25 6991 125
internal_value=0 8.94773e-07 0 -1.64491e-07
internal_weight=8947 302 8645 7116
internal_count=8947 302 8645 7116
is_linear=0
shrinkage=0.05


Tree=276
num_leaves=8
num_cat=0
split_feature=17 5 17 19 19 19 17
split_gain=9.89468e-08 1.05499e-06 3.26309e-05 1.13808e-05 1.13728e-06 4.10095e-10 3.90737e-11
threshold=7.0395900374172458 4.0000000000000009 8.0497542698189957 0.63055769230769243 0.67705769230769242 0.46442307692307699 6.8924876937972295
decision_type=2 2 2 2 2 2 2
left_child=6 5 3 -3 -4 -2 -1
right_child=1 2 4 -5 -6 -7 -8
leaf_value=0 0 0 0 -4.7386625439536814e-05 4.6766140966120945e-06 6.1997803980498544e-07 -9.3557812314391276e-09
leaf_weight=43 40 15.999999999999998 49 48 129 7507 1115
leaf_count=43 40 16 49 48 129 7507 1115
internal_value=0 1.78198e-07 0 -3.54265e-05 0 6.18223e-07 0
internal_weight=8947 7789 242 64 178 7547 1158
internal_count=8947 7789 242 64 178 7547 1158
is_linear=0
shrinkage=0.05


Tree=277
num_leaves=5
num_cat=0
split_feature=0 17 19 19
split_gain=1.61926e-07 1.42855e-07 9.82233e-08 4.55681e-09
threshold=2.5416666666666674 7.9877857129513661 0.51167307692307695 0.67705769230769242
decision_type=2 2 2 2
left_child=1 -1 -2 -4
right_child=2 -3 3 -5
leaf_value=0 0 5.4134836850257921e-06 -1.9170080794591668e-07 0
leaf_weight=277 1529 25 6991 125
leaf_count=277 1529 25 6991 125
internal_value=0 1.15586e-06 0 -1.8575e-07
internal_weight=8947 302 8645 7116
internal_count=8947 302 8645 7116
is_linear=0
shrinkage=0.05


Tree=278
num_leaves=5
num_cat=0
split_feature=0 17 19 19
split_gain=1.55729e-07 1.2045e-07 8.85181e-08 4.24232e-09
threshold=2.5416666666666674 7.9877857129513661 0.51167307692307695 0.67705769230769242
decision_type=2 2 2 2
left_child=1 -1 -2 -4
right_child=2 -3 3 -5
leaf_value=0 0 5.1532193230321677e-06 -1.8211707378043616e-07 0
leaf_weight=277 1529 25 6991 125
leaf_count=277 1529 25 6991 125
internal_value=0 1.13353e-06 0 -1.76335e-07
internal_weight=8947 302 8645 7116
internal_count=8947 302 8645 7116
is_linear=0
shrinkage=0.05


Tree=279
num_leaves=3
num_cat=0
split_feature=0 17
split_gain=1.49942e-07 1.00319e-07
threshold=2.5416666666666674 7.9877857129513661
decision_type=2 2
left_child=1 -1
right_child=-2 -3
leaf_value=0 0 4.9054651306225601e-06
leaf_weight=277 8645 25
leaf_count=277 8645 25
internal_value=0 1.11227e-06
internal_weight=8947 302
internal_count=8947 302
is_linear=0
shrinkage=0.05


Tree=280
num_leaves=5
num_cat=0
split_feature=0 17 19 19
split_gain=1.44536e-07 8.22413e-08 7.97662e-08 3.95193e-09
threshold=2.5416666666666674 7.9877857129513661 0.51167307692307695 0.67705769230769242
decision_type=2 2 2 2
left_child=1 -1 -2 -4
right_child=2 -3 3 -5
leaf_value=0 0 4.6696363446804087e-06 -1.7301314617892453e-07 0
leaf_weight=277 1529 25 6991 125
leaf_count=277 1529 25 6991 125
internal_value=0 1.09204e-06 0 -1.67391e-07
internal_weight=8947 302 8645 7116
internal_count=8947 302 8645 7116
is_linear=0
shrinkage=0.05


Tree=281
num_leaves=5
num_cat=0
split_feature=2 19 17 19
split_gain=1.39481e-07 7.18734e-08 6.60144e-08 3.68358e-09
threshold=30.500000000000004 0.51167307692307695 7.9877857129513661 0.67705769230769242
decision_type=2 2 2 2
left_child=2 -2 -1 -3
right_child=1 3 -4 -5
leaf_value=0 0 -1.6436390118923858e-07 4.4451338740495428e-06 0
leaf_weight=277 1529 6991 25 125
leaf_count=277 1529 6991 25 125
internal_value=0 0 1.07277e-06 -1.58893e-07
internal_weight=8947 8645 302 7116
internal_count=8947 8645 302 7116
is_linear=0
shrinkage=0.05


Tree=282
num_leaves=5
num_cat=0
split_feature=0 19 17 19
split_gain=1.34753e-07 6.4756e-08 5.14577e-08 3.43546e-09
threshold=2.5416666666666674 0.51167307692307695 7.9877857129513661 0.67705769230769242
decision_type=2 2 2 2
left_child=2 -2 -1 -3
right_child=1 3 -4 -5
leaf_value=0 0 -1.561472595527433e-07 4.2314204172446067e-06 0
leaf_weight=277 1529 6991 25 125
leaf_count=277 1529 6991 25 125
internal_value=0 0 1.05443e-06 -1.50821e-07
internal_weight=8947 8645 302 7116
internal_count=8947 8645 302 7116
is_linear=0
shrinkage=0.05


Tree=283
num_leaves=5
num_cat=0
split_feature=0 19 17 19
split_gain=1.30329e-07 5.83369e-08 3.84076e-08 3.20584e-09
threshold=2.5416666666666674 0.51167307692307695 7.9877857129513661 0.67705769230769242
decision_type=2 2 2 2
left_child=2 -2 -1 -3
right_child=1 3 -4 -5
leaf_value=0 0 -1.4833975967186173e-07 4.0279810603421358e-06 0
leaf_weight=277 1529 6991 25 125
leaf_count=277 1529 6991 25 125
internal_value=0 0 1.03698e-06 -1.43151e-07
internal_weight=8947 8645 302 7116
internal_count=8947 8645 302 7116
is_linear=0
shrinkage=0.05


Tree=284
num_leaves=3
num_cat=0
split_feature=0 17
split_gain=1.26185e-07 2.67169e-08
threshold=2.5416666666666674 7.9877857129513661
decision_type=2 2
left_child=1 -1
right_child=-2 -3
leaf_value=0 0 3.8343358140152131e-06
leaf_weight=277 8645 25
leaf_count=277 8645 25
internal_value=0 1.02036e-06
internal_weight=8947 302
internal_count=8947 302
is_linear=0
shrinkage=0.05


Tree=285
num_leaves=5
num_cat=0
split_feature=0 19 17 19
split_gain=1.22303e-07 5.25508e-08 1.62498e-08 2.99332e-09
threshold=2.5416666666666674 0.51167307692307695 7.9877857129513661 0.67705769230769242
decision_type=2 2 2 2
left_child=2 -2 -1 -3
right_child=1 3 -4 -5
leaf_value=0 0 -1.4092505361671908e-07 3.6499840923799812e-06 0
leaf_weight=277 1529 6991 25 125
leaf_count=277 1529 6991 25 125
internal_value=0 0 1.00454e-06 -1.35866e-07
internal_weight=8947 8645 302 7116
internal_count=8947 8645 302 7116
is_linear=0
shrinkage=0.05


Tree=286
num_leaves=8
num_cat=0
split_feature=17 5 17 19 19 17 19
split_gain=1.27155e-07 1.10152e-06 3.0617e-05 1.01206e-05 9.98744e-07 1.88462e-09 7.00457e-10
threshold=7.0395900374172458 4.0000000000000009 8.0497542698189957 0.63055769230769243 0.67705769230769242 7.1783939000347887 0.46442307692307699
decision_type=2 2 2 2 2 2 2
left_child=-1 5 3 -3 -4 -2 -7
right_child=1 2 4 -5 -6 6 -8
leaf_value=0 0 0 0 -4.5590023890289726e-05 4.3825348839163766e-06 0 6.464855947195633e-07
leaf_weight=1158 143 15.999999999999998 49 48 129 40 7364
leaf_count=1158 143 16 49 48 129 40 7364
internal_value=0 2.02008e-07 0 -3.43158e-05 0 6.3793e-07 6.44554e-07
internal_weight=8947 7789 242 64 178 7547 7404
internal_count=8947 7789 242 64 178 7547 7404
is_linear=0
shrinkage=0.05


Tree=287
num_leaves=5
num_cat=0
split_feature=0 19 17 19
split_gain=1.91421e-07 7.27485e-08 2.6785e-08 1.33429e-10
threshold=2.5416666666666674 0.51167307692307695 7.9877857129513661 0.67705769230769242
decision_type=2 2 2 2
left_child=2 -2 -1 -3
right_child=1 3 -4 -5
leaf_value=0 0 -1.6142809267415672e-07 4.580543698886256e-06 0
leaf_weight=277 1529 6991 25 125
leaf_count=277 1529 6991 25 125
internal_value=0 0 1.25674e-06 -1.59858e-07
internal_weight=8947 8645 302 7116
internal_count=8947 8645 302 7116
is_linear=0
shrinkage=0.05


Tree=288
num_leaves=5
num_cat=0
split_feature=1 19 17 19
split_gain=1.85708e-07 6.57118e-08 1.20218e-08 6.57421e-11
threshold=6.7534722222222232 0.51167307692307695 7.9877857129513661 0.67705769230769242
decision_type=2 2 2 2
left_child=2 -2 -1 -3
right_child=1 3 -4 -5
leaf_value=0 0 -1.5335862205709568e-07 4.3603333716209019e-06 0
leaf_weight=277 1529 6991 25 125
leaf_count=277 1529 6991 25 125
internal_value=0 0 1.23784e-06 -1.5193e-07
internal_weight=8947 8645 302 7116
internal_count=8947 8645 302 7116
is_linear=0
shrinkage=0.05


Tree=289
num_leaves=2
num_cat=0
split_feature=1
split_gain=1.8035e-07
threshold=6.7534722222222232
decision_type=2
left_child=-1
right_child=-2
leaf_value=1.2198512318694691e-06 0
leaf_weight=302 8645
leaf_count=302 8645
internal_value=0
internal_weight=8947
internal_count=8947
is_linear=0
shrinkage=0.05


Tree=290
num_leaves=5
num_cat=0
split_feature=0 19 17 19
split_gain=1.62822e-07 5.93571e-08 1.13242e-08 7.35322e-12
threshold=2.5416666666666674 0.51167307692307695 7.9877857129513661 0.67705769230769242
decision_type=2 2 2 2
left_child=2 -2 -1 -3
right_child=1 3 -4 -5
leaf_value=0 0 -1.4569099225359555e-07 4.0920470984509259e-06 0
leaf_weight=277 1529 6991 25 125
leaf_count=277 1529 6991 25 125
internal_value=0 0 1.15906e-06 -1.44397e-07
internal_weight=8947 8645 302 7116
internal_count=8947 8645 302 7116
is_linear=0
shrinkage=0.05


Tree=291
num_leaves=3
num_cat=0
split_feature=0 19
split_gain=1.58114e-07 5.36206e-08
threshold=2.5416666666666674 0.51167307692307695
decision_type=2 2
left_child=-1 -2
right_child=1 -3
leaf_value=1.1421780406632651e-06 0 -1.3724213524935238e-07
leaf_weight=302 1529 7116
leaf_count=302 1529 7116
internal_value=0 0
internal_weight=8947 8645
internal_count=8947 8645
is_linear=0
shrinkage=0.05


Tree=292
num_leaves=4
num_cat=0
split_feature=0 19 19
split_gain=1.42748e-07 4.83947e-08 4.31371e-12
threshold=2.5416666666666674 0.51167307692307695 0.67705769230769242
decision_type=2 2 2
left_child=-1 -2 -3
right_child=1 2 -4
leaf_value=1.0852583251023662e-06 0 -1.3154897927619586e-07 0
leaf_weight=302 1529 6991 125
leaf_count=302 1529 6991 125
internal_value=0 0 -1.30383e-07
internal_weight=8947 8645 7116
internal_count=8947 8645 7116
is_linear=0
shrinkage=0.05


Tree=293
num_leaves=2
num_cat=0
split_feature=0
split_gain=1.28874e-07
threshold=2.5416666666666674
decision_type=2
left_child=-1
right_child=-2
leaf_value=1.0311731929574214e-06 0
leaf_weight=302 8645
leaf_count=302 8645
internal_value=0
internal_weight=8947
internal_count=8947
is_linear=0
shrinkage=0.05


Tree=294
num_leaves=8
num_cat=0
split_feature=17 8 17 19 19 17 19
split_gain=1.28702e-07 1.07644e-06 2.83268e-05 9.10565e-06 8.93306e-07 1.604e-09 6.29357e-10
threshold=7.0395900374172458 4.5000000000000009 8.0497542698189957 0.63055769230769243 0.67705769230769242 7.1783939000347887 0.46442307692307699
decision_type=2 2 2 2 2 2 2
left_child=-1 5 3 -3 -4 -2 -7
right_child=1 2 4 -5 -6 6 -8
leaf_value=0 0 0 0 -4.3701455662293088e-05 4.1447514651316341e-06 0 6.4018365528206465e-07
leaf_weight=1158 143 15.999999999999998 49 48 129 40 7364
leaf_count=1158 143 16 49 48 129 40 7364
internal_value=0 2.03233e-07 0 -3.30074e-05 0 6.3179e-07 6.38286e-07
internal_weight=8947 7789 242 64 178 7547 7404
internal_count=8947 7789 242 64 178 7547 7404
is_linear=0
shrinkage=0.05


Tree=295
num_leaves=3
num_cat=0
split_feature=0 17
split_gain=1.84937e-07 5.46095e-08
threshold=2.5416666666666674 7.9877857129513661
decision_type=2 2
left_child=1 -1
right_child=-2 -3
leaf_value=0 0 4.7993024166386758e-06
leaf_weight=277 8645 25
leaf_count=277 8645 25
internal_value=0 1.23527e-06
internal_weight=8947 302
internal_count=8947 302
is_linear=0
shrinkage=0.05


Tree=296
num_leaves=4
num_cat=0
split_feature=1 19 17
split_gain=1.79056e-07 6.79138e-08 3.80111e-08
threshold=6.7534722222222232 0.51167307692307695 7.9877857129513661
decision_type=2 2 2
left_child=2 -2 -1
right_child=1 -3 -4
leaf_value=0 0 -1.5445444698801893e-07 4.5685708307875933e-06
leaf_weight=277 1529 7116 25
leaf_count=277 1529 7116 25
internal_value=0 0 1.21547e-06
internal_weight=8947 8645 302
internal_count=8947 8645 302
is_linear=0
shrinkage=0.05


Tree=297
num_leaves=4
num_cat=0
split_feature=0 19 17
split_gain=1.73546e-07 6.12925e-08 2.3151e-08
threshold=2.5416666666666674 0.51167307692307695 7.9877857129513661
decision_type=2 2 2
left_child=2 -2 -1
right_child=1 -3 -4
leaf_value=0 0 -1.4673208569437282e-07 4.3489300430967149e-06
leaf_weight=277 1529 7116 25
leaf_count=277 1529 7116 25
internal_value=0 0 1.19662e-06
internal_weight=8947 8645 302
internal_count=8947 8645 302
is_linear=0
shrinkage=0.05


Tree=298
num_leaves=4
num_cat=0
split_feature=1 19 17
split_gain=1.68381e-07 5.5317e-08 9.85716e-09
threshold=6.7534722222222232 0.51167307692307695 7.9877857129513661
decision_type=2 2 2
left_child=2 -2 -1
right_child=1 -3 -4
leaf_value=0 0 -1.3939611958909635e-07 4.1398418565782109e-06
leaf_weight=277 1529 7116 25
leaf_count=277 1529 7116 25
internal_value=0 0 1.17868e-06
internal_weight=8947 8645 302
internal_count=8947 8645 302
is_linear=0
shrinkage=0.05


Tree=299
num_leaves=3
num_cat=0
split_feature=0 19
split_gain=1.63537e-07 4.99252e-08
threshold=2.5416666666666674 0.51167307692307695
decision_type=2 2
left_child=-1 -2
right_child=1 -3
leaf_value=1.161600424287219e-06 0 -1.3242844963817002e-07
leaf_weight=302 1529 7116
leaf_count=302 1529 7116
internal_value=0 0
internal_weight=8947 8645
internal_count=8947 8645
is_linear=0
shrinkage=0.05


Tree=300
num_leaves=4
num_cat=0
split_feature=0 19 17
split_gain=1.47643e-07 4.50587e-08 9.32376e-09
threshold=2.5416666666666674 0.51167307692307695 7.9877857129513661
decision_type=2 2 2
left_child=2 -2 -1
right_child=1 -3 -4
leaf_value=0 0 -1.258088013811013e-07 3.8849702104926007e-06
leaf_weight=277 1529 7116 25
leaf_count=277 1529 7116 25
internal_value=0 0 1.10371e-06
internal_weight=8947 8645 302
internal_count=8947 8645 302
is_linear=0
shrinkage=0.05


Tree=301
num_leaves=3
num_cat=0
split_feature=0 19
split_gain=1.43386e-07 4.06645e-08
threshold=2.5416666666666674 0.51167307692307695
decision_type=2 2
left_child=-1 -2
right_child=1 -3
leaf_value=1.0876841725944456e-06 0 -1.1951693849049029e-07
leaf_weight=302 1529 7116
leaf_count=302 1529 7116
internal_value=0 0
internal_weight=8947 8645
internal_count=8947 8645
is_linear=0
shrinkage=0.05


Tree=302
num_leaves=8
num_cat=0
split_feature=17 8 17 19 19 17 19
split_gain=1.39015e-07 1.07101e-06 2.63299e-05 8.13164e-06 8.07858e-07 1.61242e-09 6.43922e-10
threshold=7.0395900374172458 4.5000000000000009 8.0497542698189957 0.63055769230769243 0.67705769230769242 7.1783939000347887 0.46442307692307699
decision_type=2 2 2 2 2 2 2
left_child=-1 5 3 -3 -4 -2 -7
right_child=1 2 4 -5 -6 6 -8
leaf_value=0 0 0 0 -4.1931386827966383e-05 3.9415403858024178e-06 0 6.4148376845270195e-07
leaf_weight=1158 143 15.999999999999998 49 48 129 40 7364
leaf_count=1158 143 16 49 48 129 40 7364
internal_value=0 2.11219e-07 0 -3.18228e-05 0 6.3307e-07 6.39579e-07
internal_weight=8947 7789 242 64 178 7547 7404
internal_count=8947 7789 242 64 178 7547 7404
is_linear=0
shrinkage=0.05


Tree=303
num_leaves=3
num_cat=0
split_feature=0 17
split_gain=1.97848e-07 2.83689e-08
threshold=2.5416666666666674 7.9877857129513661
decision_type=2 2
left_child=1 -1
right_child=-2 -3
leaf_value=0 0 4.6638621447177929e-06
leaf_weight=277 8645 25
leaf_count=277 8645 25
internal_value=0 1.27766e-06
internal_weight=8947 302
internal_count=8947 302
is_linear=0
shrinkage=0.05


Tree=304
num_leaves=3
num_cat=0
split_feature=0 17
split_gain=1.91934e-07 1.30539e-08
threshold=2.5416666666666674 7.9877857129513661
decision_type=2 2
left_child=1 -1
right_child=-2 -3
leaf_value=0 0 4.4396345933469339e-06
leaf_weight=277 8645 25
leaf_count=277 8645 25
internal_value=0 1.25842e-06
internal_weight=8947 302
internal_count=8947 302
is_linear=0
shrinkage=0.05


Tree=305
num_leaves=3
num_cat=0
split_feature=1 19
split_gain=1.86388e-07 5.90889e-08
threshold=6.7534722222222232 0.51167307692307695
decision_type=2 2
left_child=-1 -2
right_child=1 -3
leaf_value=1.2401015954568556e-06 0 -1.4407032395043547e-07
leaf_weight=302 1529 7116
leaf_count=302 1529 7116
internal_value=0 0
internal_weight=8947 8645
internal_count=8947 8645
is_linear=0
shrinkage=0.05


Tree=306
num_leaves=4
num_cat=0
split_feature=0 19 17
split_gain=1.68273e-07 5.33285e-08 1.22742e-08
threshold=2.5416666666666674 0.51167307692307695 7.9877857129513661
decision_type=2 2 2
left_child=2 -2 -1
right_child=1 -3 -4
leaf_value=0 0 -1.3686781053215052e-07 4.1665717099721514e-06
leaf_weight=277 1529 7116 25
leaf_count=277 1529 7116 25
internal_value=0 0 1.1783e-06
internal_weight=8947 8645 302
internal_count=8947 8645 302
is_linear=0
shrinkage=0.05


Tree=307
num_leaves=2
num_cat=0
split_feature=0
split_gain=1.634e-07
threshold=2.5416666666666674
decision_type=2
left_child=-1
right_child=-2
leaf_value=1.1611121186829799e-06 0
leaf_weight=302 8645
leaf_count=302 8645
internal_value=0
internal_weight=8947
internal_count=8947
is_linear=0
shrinkage=0.05


Tree=308
num_leaves=4
num_cat=0
split_feature=2 19 17
split_gain=1.47519e-07 4.81289e-08 1.15127e-08
threshold=30.500000000000004 0.51167307692307695 7.9877857129513661
decision_type=2 2 2
left_child=2 -2 -1
right_child=1 -3 -4
leaf_value=0 0 -1.3002434291151439e-07 3.9104391964009076e-06
leaf_weight=277 1529 7116 25
leaf_count=277 1529 7116 25
internal_value=0 0 1.10325e-06
internal_weight=8947 8645 302
internal_count=8947 8645 302
is_linear=0
shrinkage=0.05


Tree=309
num_leaves=3
num_cat=0
split_feature=0 19
split_gain=1.43236e-07 4.34377e-08
threshold=2.5416666666666674 0.51167307692307695
decision_type=2 2
left_child=-1 -2
right_child=1 -3
leaf_value=1.0871147460660737e-06 0 -1.2352499676663917e-07
leaf_weight=302 1529 7116
leaf_count=302 1529 7116
internal_value=0 0
internal_weight=8947 8645
internal_count=8947 8645
is_linear=0
shrinkage=0.05


Tree=310
num_leaves=8
num_cat=0
split_feature=17 5 17 19 19 17 19
split_gain=1.3092e-07 1.03001e-06 2.44736e-05 7.26298e-06 7.27308e-07 1.08543e-09 4.97407e-10
threshold=7.0395900374172458 4.0000000000000009 8.0497542698189957 0.63055769230769243 0.67705769230769242 7.1783939000347887 0.46442307692307699
decision_type=2 2 2 2 2 2 2
left_child=-1 5 3 -3 -4 -2 -7
right_child=1 2 4 -5 -6 6 -8
leaf_value=0 0 0 0 -4.0239420320306499e-05 3.7398789489770913e-06 0 6.2817827632946273e-07
leaf_weight=1158 143 15.999999999999998 49 48 129 40 7364
leaf_count=1158 143 16 49 48 129 40 7364
internal_value=0 2.04977e-07 0 -3.06805e-05 0 6.20094e-07 6.26345e-07
internal_weight=8947 7789 242 64 178 7547 7404
internal_count=8947 7789 242 64 178 7547 7404
is_linear=0
shrinkage=0.05


Tree=311
num_leaves=4
num_cat=0
split_feature=0 19 17
split_gain=1.94512e-07 6.16762e-08 3.01097e-08
threshold=2.5416666666666674 0.51167307692307695 7.9877857129513661
decision_type=2 2 2
left_child=2 -2 -1
right_child=1 -3 -4
leaf_value=0 0 -1.471906358340396e-07 4.6473902721817572e-06
leaf_weight=277 1529 7116 25
leaf_count=277 1529 7116 25
internal_value=0 0 1.26684e-06
internal_weight=8947 8645 302
internal_count=8947 8645 302
is_linear=0
shrinkage=0.05


Tree=312
num_leaves=4
num_cat=0
split_feature=1 19 17
split_gain=1.88669e-07 5.56631e-08 1.48736e-08
threshold=6.7534722222222232 0.51167307692307695 7.9877857129513661
decision_type=2 2 2
left_child=2 -2 -1
right_child=1 -3 -4
leaf_value=0 0 -1.3983158797651979e-07 4.4239570315067476e-06
leaf_weight=277 1529 7116 25
leaf_count=277 1529 7116 25
internal_value=0 0 1.24767e-06
internal_weight=8947 8645 302
internal_count=8947 8645 302
is_linear=0
shrinkage=0.05


Tree=313
num_leaves=4
num_cat=0
split_feature=0 19 17
split_gain=1.8319e-07 5.02362e-08 1.25193e-09
threshold=2.5416666666666674 0.51167307692307695 7.9877857129513661
decision_type=2 2 2
left_child=2 -2 -1
right_child=1 -3 -4
leaf_value=0 0 -1.3284036516704307e-07 4.2112671340314141e-06
leaf_weight=277 1529 7116 25
leaf_count=277 1529 7116 25
internal_value=0 0 1.22942e-06
internal_weight=8947 8645 302
internal_count=8947 8645 302
is_linear=0
shrinkage=0.05


Tree=314
num_leaves=3
num_cat=0
split_feature=0 19
split_gain=1.78049e-07 4.53401e-08
threshold=2.5416666666666674 0.51167307692307695
decision_type=2 2
left_child=-1 -2
right_child=1 -3
leaf_value=1.2120437355352428e-06 0 -1.2620098040211599e-07
leaf_weight=302 1529 7116
leaf_count=302 1529 7116
internal_value=0 0
internal_weight=8947 8645
internal_count=8947 8645
is_linear=0
shrinkage=0.05


Tree=315
num_leaves=4
num_cat=0
split_feature=0 19 17
split_gain=1.60745e-07 4.09195e-08 1.56444e-09
threshold=2.5416666666666674 0.51167307692307695 7.9877857129513661
decision_type=2 2 2
left_child=2 -2 -1
right_child=1 -3 -4
leaf_value=0 0 -1.1989109754231214e-07 3.950529051228201e-06
leaf_weight=277 1529 7116 25
leaf_count=277 1529 7116 25
internal_value=0 0 1.15164e-06
internal_weight=8947 8645 302
internal_count=8947 8645 302
is_linear=0
shrinkage=0.05


Tree=316
num_leaves=3
num_cat=0
split_feature=0 19
split_gain=1.56227e-07 3.69299e-08
threshold=2.5416666666666674 0.51167307692307695
decision_type=2 2
left_child=-1 -2
right_child=1 -3
leaf_value=1.1353437793010794e-06 0 -1.138965471398766e-07
leaf_weight=302 1529 7116
leaf_count=302 1529 7116
internal_value=0 0
internal_weight=8947 8645
internal_count=8947 8645
is_linear=0
shrinkage=0.05


Tree=317
num_leaves=4
num_cat=0
split_feature=0 19 17
split_gain=1.41044e-07 3.333e-08 1.79528e-09
threshold=2.5416666666666674 0.51167307692307695 7.9877857129513661
decision_type=2 2 2
left_child=2 -2 -1
right_child=1 -3 -4
leaf_value=0 0 -1.0820290721914782e-07 3.7060192642876627e-06
leaf_weight=277 1529 7116 25
leaf_count=277 1529 7116 25
internal_value=0 0 1.07876e-06
internal_weight=8947 8645 302
internal_count=8947 8645 302
is_linear=0
shrinkage=0.05


Tree=318
num_leaves=8
num_cat=0
split_feature=17 5 17 19 19 17 19
split_gain=1.45097e-07 1.03376e-06 2.28012e-05 6.44975e-06 6.59469e-07 1.22192e-09 5.50432e-10
threshold=7.0395900374172458 4.0000000000000009 8.0497542698189957 0.63055769230769243 0.67705769230769242 7.1783939000347887 0.46442307692307699
decision_type=2 2 2 2 2 2 2
left_child=-1 5 3 -3 -4 -2 -7
right_child=1 2 4 -5 -6 6 -8
leaf_value=0 0 0 0 -3.8631536085538716e-05 3.561191956849211e-06 0 6.3305305592357506e-07
leaf_weight=1158 143 15.999999999999998 49 48 129 40 7364
leaf_count=1158 143 16 49 48 129 40 7364
internal_value=0 2.1579e-07 0 -2.96137e-05 0 6.24862e-07 6.31194e-07
internal_weight=8947 7789 242 64 178 7547 7404
internal_count=8947 7789 242 64 178 7547 7404
is_linear=0
shrinkage=0.05


Tree=319
num_leaves=4
num_cat=0
split_feature=0 19 17
split_gain=2.00742e-07 5.02099e-08 6.70872e-09
threshold=2.5416666666666674 0.51167307692307695 7.9877857129513661
decision_type=2 2 2
left_child=2 -2 -1
right_child=1 -3 -4
leaf_value=0 0 -1.3280556507012188e-07 4.4662310168720106e-06
leaf_weight=277 1529 7116 25
leaf_count=277 1529 7116 25
internal_value=0 0 1.28697e-06
internal_weight=8947 8645 302
internal_count=8947 8645 302
is_linear=0
shrinkage=0.05


Tree=320
num_leaves=3
num_cat=0
split_feature=0 19
split_gain=1.95036e-07 4.5315e-08
threshold=2.5416666666666674 0.51167307692307695
decision_type=2 2
left_child=-1 -2
right_child=1 -3
leaf_value=1.2685443031088296e-06 0 -1.2616605388070296e-07
leaf_weight=302 1529 7116
leaf_count=302 1529 7116
internal_value=0 0
internal_weight=8947 8645
internal_count=8947 8645
is_linear=0
shrinkage=0.05


Tree=321
num_leaves=3
num_cat=0
split_feature=1 17
split_gain=1.76081e-07 6.54776e-09
threshold=6.7534722222222232 7.9877857129513661
decision_type=2 2
left_child=1 -1
right_child=-2 -3
leaf_value=0 0 4.1905192371744271e-06
leaf_weight=277 8645 25
leaf_count=277 8645 25
internal_value=0 1.20533e-06
internal_weight=8947 302
internal_count=8947 302
is_linear=0
shrinkage=0.05


Tree=322
num_leaves=2
num_cat=0
split_feature=0
split_gain=1.71067e-07
threshold=2.5416666666666674
decision_type=2
left_child=-1
right_child=-2
leaf_value=1.1880403801817255e-06 0
leaf_weight=302 8645
leaf_count=302 8645
internal_value=0
internal_weight=8947
internal_count=8947
is_linear=0
shrinkage=0.05


Tree=323
num_leaves=4
num_cat=0
split_feature=1 19 17
split_gain=1.54441e-07 4.08975e-08 6.34508e-09
threshold=6.7534722222222232 0.51167307692307695 7.9877857129513661
decision_type=2 2 2
left_child=2 -2 -1
right_child=1 -3 -4
leaf_value=0 0 -1.198587818470345e-07 3.9319491658646215e-06
leaf_weight=277 1529 7116 25
leaf_count=277 1529 7116 25
internal_value=0 0 1.12883e-06
internal_weight=8947 8645 302
internal_count=8947 8645 302
is_linear=0
shrinkage=0.05


Tree=324
num_leaves=3
num_cat=0
split_feature=0 19
split_gain=1.50035e-07 3.69105e-08
threshold=2.5416666666666674 0.51167307692307695
decision_type=2 2
left_child=-1 -2
right_child=1 -3
leaf_value=1.1126133851497964e-06 0 -1.1386663795789961e-07
leaf_weight=302 1529 7116
leaf_count=302 1529 7116
internal_value=0 0
internal_weight=8947 8645
internal_count=8947 8645
is_linear=0
shrinkage=0.05


Tree=325
num_leaves=4
num_cat=0
split_feature=0 19 17
split_gain=1.35453e-07 3.33127e-08 6.10899e-09
threshold=2.5416666666666674 0.51167307692307695 7.9877857129513661
decision_type=2 2 2
left_child=2 -2 -1
right_child=1 -3 -4
leaf_value=0 0 -1.0817496021815759e-07 3.6894085888679106e-06
leaf_weight=277 1529 7116 25
leaf_count=277 1529 7116 25
internal_value=0 0 1.05717e-06
internal_weight=8947 8645 302
internal_count=8947 8645 302
is_linear=0
shrinkage=0.05


Tree=326
num_leaves=8
num_cat=0
split_feature=17 5 17 19 19 17 19
split_gain=1.40229e-07 1.00201e-06 2.12388e-05 5.727e-06 5.95073e-07 8.23702e-10 4.42137e-10
threshold=7.0395900374172458 4.0000000000000009 8.0497542698189957 0.63055769230769243 0.67705769230769242 7.1783939000347887 0.46442307692307699
decision_type=2 2 2 2 2 2 2
left_child=-1 5 3 -3 -4 -2 -7
right_child=1 2 4 -5 -6 6 -8
leaf_value=0 0 0 0 -3.7091833691359777e-05 3.3828568727515682e-06 0 6.2302143216432337e-07
leaf_weight=1158 143 15.999999999999998 49 48 129 40 7364
leaf_count=1158 143 16 49 48 129 40 7364
internal_value=0 2.12139e-07 0 -2.8581e-05 0 6.15082e-07 6.21216e-07
internal_weight=8947 7789 242 64 178 7547 7404
internal_count=8947 7789 242 64 178 7547 7404
is_linear=0
shrinkage=0.05


Tree=327
num_leaves=3
num_cat=0
split_feature=0 17
split_gain=1.91201e-07 1.13643e-08
threshold=2.5416666666666674 7.9877857129513661
decision_type=2 2
left_child=1 -1
right_child=-2 -3
leaf_value=0 0 4.4133229396090947e-06
leaf_weight=277 8645 25
leaf_count=277 8645 25
internal_value=0 1.25601e-06
internal_weight=8947 302
internal_count=8947 302
is_linear=0
shrinkage=0.05


Tree=328
num_leaves=2
num_cat=0
split_feature=0
split_gain=1.85698e-07
threshold=2.5416666666666674
decision_type=2
left_child=-1
right_child=-2
leaf_value=1.2378036463325804e-06 0
leaf_weight=302 8645
leaf_count=302 8645
internal_value=0
internal_weight=8947
internal_count=8947
is_linear=0
shrinkage=0.05


Tree=329
num_leaves=4
num_cat=0
split_feature=0 19 17
split_gain=1.67651e-07 4.97938e-08 1.07415e-08
threshold=2.5416666666666674 0.51167307692307695 7.9877857129513661
decision_type=2 2 2
left_child=2 -2 -1
right_child=1 -3 -4
leaf_value=0 0 -1.322540720253944e-07 4.1416283840170168e-06
leaf_weight=277 1529 7116 25
leaf_count=277 1529 7116 25
internal_value=0 0 1.17612e-06
internal_weight=8947 8645 302
internal_count=8947 8645 302
is_linear=0
shrinkage=0.05


Tree=330
num_leaves=3
num_cat=0
split_feature=0 19
split_gain=1.62815e-07 4.49397e-08
threshold=2.5416666666666674 0.51167307692307695
decision_type=2 2
left_child=-1 -2
right_child=1 -3
leaf_value=1.1590324819054162e-06 0 -1.2564247502320964e-07
leaf_weight=302 1529 7116
leaf_count=302 1529 7116
internal_value=0 0
internal_weight=8947 8645
internal_count=8947 8645
is_linear=0
shrinkage=0.05


Tree=331
num_leaves=3
num_cat=0
split_feature=2 17
split_gain=1.46991e-07 1.01226e-08
threshold=30.500000000000004 7.9877857129513661
decision_type=2 2
left_child=1 -1
right_child=-2 -3
leaf_value=0 0 3.8867871850155763e-06
leaf_weight=277 8645 25
leaf_count=277 8645 25
internal_value=0 1.10127e-06
internal_weight=8947 302
internal_count=8947 302
is_linear=0
shrinkage=0.05


Tree=332
num_leaves=3
num_cat=0
split_feature=0 19
split_gain=1.42742e-07 4.05583e-08
threshold=2.5416666666666674 0.51167307692307695
decision_type=2 2
left_child=-1 -2
right_child=1 -3
leaf_value=1.0852369102541805e-06 0 -1.1936065063404488e-07
leaf_weight=302 1529 7116
leaf_count=302 1529 7116
internal_value=0 0
internal_weight=8947 8645
internal_count=8947 8645
is_linear=0
shrinkage=0.05


Tree=333
num_leaves=4
num_cat=0
split_feature=0 19 17
split_gain=1.28869e-07 3.66036e-08 9.51252e-09
threshold=2.5416666666666674 0.51167307692307695 7.9877857129513661
decision_type=2 2 2
left_child=2 -2 -1
right_child=1 -3 -4
leaf_value=0 0 -1.1339226063284286e-07 3.6477310081513924e-06
leaf_weight=277 1529 7116 25
leaf_count=277 1529 7116 25
internal_value=0 0 1.03115e-06
internal_weight=8947 8645 302
internal_count=8947 8645 302
is_linear=0
shrinkage=0.05


Tree=334
num_leaves=8
num_cat=0
split_feature=17 5 17 19 19 17 19
split_gain=1.29697e-07 9.61201e-07 1.98058e-05 5.06598e-06 5.3531e-07 2.93333e-10 2.92927e-10
threshold=7.0395900374172458 4.0000000000000009 8.0497542698189957 0.63055769230769243 0.67705769230769242 7.1783939000347887 0.46442307692307699
decision_type=2 2 2 2 2 2 2
left_child=-1 5 3 -3 -4 -2 -7
right_child=1 2 4 -5 -6 6 -8
leaf_value=0 0 0 0 -3.5622587275444243e-05 3.2084931829278766e-06 0 6.0868477887416091e-07
leaf_weight=1158 143 15.999999999999998 49 48 129 40 7364
leaf_count=1158 143 16 49 48 129 40 7364
internal_value=0 2.04017e-07 0 -2.76e-05 0 6.01099e-07 6.06957e-07
internal_weight=8947 7789 242 64 178 7547 7404
internal_count=8947 7789 242 64 178 7547 7404
is_linear=0
shrinkage=0.05


Tree=335
num_leaves=4
num_cat=0
split_feature=0 19 17
split_gain=1.80792e-07 5.30322e-08 1.49412e-08
threshold=2.5416666666666674 0.51167307692307695 7.9877857129513661
decision_type=2 2 2
left_child=2 -2 -1
right_child=1 -3 -4
leaf_value=0 0 -1.3648699679484567e-07 4.3382601311000388e-06
leaf_weight=277 1529 7116 25
leaf_count=277 1529 7116 25
internal_value=0 0 1.22134e-06
internal_weight=8947 8645 302
internal_count=8947 8645 302
is_linear=0
shrinkage=0.05


Tree=336
num_leaves=2
num_cat=0
split_feature=0
split_gain=1.75533e-07
threshold=2.5416666666666674
decision_type=2
left_child=-1
right_child=-2
leaf_value=1.2034483610501769e-06 0
leaf_weight=302 8645
leaf_count=302 8645
internal_value=0
internal_weight=8947
internal_count=8947
is_linear=0
shrinkage=0.05


Tree=337
num_leaves=4
num_cat=0
split_feature=1 19 17
split_gain=1.58473e-07 4.78633e-08 1.39559e-08
threshold=6.7534722222222232 0.51167307692307695 7.9877857129513661
decision_type=2 2 2
left_child=2 -2 -1
right_child=1 -3 -4
leaf_value=0 0 -1.2966496061272651e-07 4.0718203840347334e-06
leaf_weight=277 1529 7116 25
leaf_count=277 1529 7116 25
internal_value=0 0 1.14347e-06
internal_weight=8947 8645 302
internal_count=8947 8645 302
is_linear=0
shrinkage=0.05


Tree=338
num_leaves=3
num_cat=0
split_feature=0 19
split_gain=1.53851e-07 4.31958e-08
threshold=2.5416666666666674 0.51167307692307695
decision_type=2 2
left_child=-1 -2
right_child=1 -3
leaf_value=1.1266770668131084e-06 0 -1.2318065448650336e-07
leaf_weight=302 1529 7116
leaf_count=302 1529 7116
internal_value=0 0
internal_weight=8947 8645
internal_count=8947 8645
is_linear=0
shrinkage=0.05


Tree=339
num_leaves=4
num_cat=0
split_feature=1 19 17
split_gain=1.38899e-07 3.89854e-08 1.30127e-08
threshold=6.7534722222222232 0.51167307692307695 7.9877857129513661
decision_type=2 2 2
left_child=2 -2 -1
right_child=1 -3 -4
leaf_value=0 0 -1.1702329077964972e-07 3.8218981801317182e-06
leaf_weight=277 1529 7116 25
leaf_count=277 1529 7116 25
internal_value=0 0 1.07053e-06
internal_weight=8947 8645 302
internal_count=8947 8645 302
is_linear=0
shrinkage=0.05


Tree=340
num_leaves=4
num_cat=0
split_feature=0 19 17
split_gain=1.34838e-07 3.51853e-08 2.81873e-09
threshold=2.5416666666666674 0.51167307692307695 7.9877857129513661
decision_type=2 2 2
left_child=2 -2 -1
right_child=1 -3 -4
leaf_value=0 0 -1.1117366344833799e-07 3.6381616686972183e-06
leaf_weight=277 1529 7116 25
leaf_count=277 1529 7116 25
internal_value=0 0 1.05476e-06
internal_weight=8947 8645 302
internal_count=8947 8645 302
is_linear=0
shrinkage=0.05


Tree=341
num_leaves=3
num_cat=0
split_feature=0 19
split_gain=1.31028e-07 3.17546e-08
threshold=2.5416666666666674 0.51167307692307695
decision_type=2 2
left_child=-1 -2
right_child=1 -3
leaf_value=1.039752675598431e-06 0 -1.0561481085726203e-07
leaf_weight=302 1529 7116
leaf_count=302 1529 7116
internal_value=0 0
internal_weight=8947 8645
internal_count=8947 8645
is_linear=0
shrinkage=0.05


Tree=342
num_leaves=3
num_cat=0
split_feature=0 19
split_gain=1.18293e-07 2.8659e-08
threshold=2.5416666666666674 0.51167307692307695
decision_type=2 2
left_child=-1 -2
right_child=1 -3
leaf_value=9.8793618703758876e-07 0 -1.0033495946204804e-07
leaf_weight=302 1529 7116
leaf_count=302 1529 7116
internal_value=0 0
internal_weight=8947 8645
internal_count=8947 8645
is_linear=0
shrinkage=0.05


Tree=343
num_leaves=8
num_cat=0
split_feature=17 5 17 19 19 17 19
split_gain=1.36454e-07 9.54434e-07 1.85349e-05 4.46273e-06 4.86199e-07 2.53242e-10 2.92782e-10
threshold=7.0395900374172458 4.0000000000000009 8.0497542698189957 0.63055769230769243 0.67705769230769242 7.1783939000347887 0.46442307692307699
decision_type=2 2 2 2 2 2 2
left_child=-1 5 3 -3 -4 -2 -7
right_child=1 2 4 -5 -6 6 -8
leaf_value=0 0 0 0 -3.4254191215245089e-05 3.0577734229294786e-06 0 6.0867057185685881e-07
leaf_weight=1158 143 15.999999999999998 49 48 129 40 7364
leaf_count=1158 143 16 49 48 129 40 7364
internal_value=0 2.09264e-07 0 -2.66998e-05 0 6.01096e-07 6.06943e-07
internal_weight=8947 7789 242 64 178 7547 7404
internal_count=8947 7789 242 64 178 7547 7404
is_linear=0
shrinkage=0.05


Tree=344
num_leaves=4
num_cat=0
split_feature=0 19 17
split_gain=1.56198e-07 4.37977e-08 2.71354e-08
threshold=2.5416666666666674 0.51167307692307695 7.9877857129513661
decision_type=2 2 2
left_child=2 -2 -1
right_child=1 -3 -4
leaf_value=0 0 -1.2403582824345034e-07 4.1985930874943631e-06
leaf_weight=277 1529 7116 25
leaf_count=277 1529 7116 25
internal_value=0 0 1.13524e-06
internal_weight=8947 8645 302
internal_count=8947 8645 302
is_linear=0
shrinkage=0.05


Tree=345
num_leaves=4
num_cat=0
split_feature=0 19 17
split_gain=1.51468e-07 3.95269e-08 1.46608e-08
threshold=2.5416666666666674 0.51167307692307695 7.9877857129513661
decision_type=2 2 2
left_child=2 -2 -1
right_child=1 -3 -4
leaf_value=0 0 -1.1783332218175882e-07 3.996733396958836e-06
leaf_weight=277 1529 7116 25
leaf_count=277 1529 7116 25
internal_value=0 0 1.11791e-06
internal_weight=8947 8645 302
internal_count=8947 8645 302
is_linear=0
shrinkage=0.05


Tree=346
num_leaves=4
num_cat=0
split_feature=0 19 17
split_gain=1.47033e-07 3.56745e-08 3.50598e-09
threshold=2.5416666666666674 0.51167307692307695 7.9877857129513661
decision_type=2 2 2
left_child=2 -2 -1
right_child=1 -3 -4
leaf_value=0 0 -1.1194395609154749e-07 3.8045836397661506e-06
leaf_weight=277 1529 7116 25
leaf_count=277 1529 7116 25
internal_value=0 0 1.10143e-06
internal_weight=8947 8645 302
internal_count=8947 8645 302
is_linear=0
shrinkage=0.05


Tree=347
num_leaves=3
num_cat=0
split_feature=0 19
split_gain=1.42872e-07 3.21973e-08
threshold=2.5416666666666674 0.51167307692307695
decision_type=2 2
left_child=-1 -2
right_child=1 -3
leaf_value=1.0857308781383053e-06 0 -1.0634851702183848e-07
leaf_weight=302 1529 7116
leaf_count=302 1529 7116
internal_value=0 0
internal_weight=8947 8645
internal_count=8947 8645
is_linear=0
shrinkage=0.05


Tree=348
num_leaves=7
num_cat=0
split_feature=17 17 17 17 17 19
split_gain=1.30602e-07 9.0575e-07 1.0414e-06 4.98264e-07 1.77503e-09 7.58683e-10
threshold=7.0395900374172458 7.7370665455226684 8.2566211272658538 7.9467970270212396 7.1783939000347887 0.46442307692307699
decision_type=2 2 2 2 2 2
left_child=-1 4 3 -3 -2 -6
right_child=1 2 -4 -5 5 -7
leaf_value=0 0 0 0 -4.6633387478451576e-06 0 6.5176531102333142e-07
leaf_weight=1158 143 1256 61 176 40 6113
leaf_count=1158 143 1256 61 176 40 6113
internal_value=0 2.04727e-07 0 -1.3479e-06 6.41441e-07 6.49406e-07
internal_weight=8947 7789 1493 1432 6296 6153
internal_count=8947 7789 1493 1432 6296 6153
is_linear=0
shrinkage=0.05


Tree=349
num_leaves=3
num_cat=0
split_feature=0 19
split_gain=1.3306e-07 4.19668e-08
threshold=2.5416666666666674 0.51167307692307695
decision_type=2 2
left_child=-1 -2
right_child=1 -3
leaf_value=1.04778718181022e-06 0 -1.2141558585714322e-07
leaf_weight=302 1529 7116
leaf_count=302 1529 7116
internal_value=0 0
internal_weight=8947 8645
internal_count=8947 8645
is_linear=0
shrinkage=0.05


Tree=350
num_leaves=3
num_cat=0
split_feature=1 17
split_gain=1.20129e-07 2.28191e-08
threshold=6.7534722222222232 7.9877857129513661
decision_type=2 2
left_child=1 -1
right_child=-2 -3
leaf_value=0 0 3.7074234121693906e-06
leaf_weight=277 8645 25
leaf_count=277 8645 25
internal_value=0 9.95571e-07
internal_weight=8947 302
internal_count=8947 302
is_linear=0
shrinkage=0.05


Tree=351
num_leaves=3
num_cat=0
split_feature=0 19
split_gain=1.16466e-07 3.78761e-08
threshold=2.5416666666666674 0.51167307692307695
decision_type=2 2
left_child=-1 -2
right_child=1 -3
leaf_value=9.8027674083232112e-07 0 -1.1534645369835916e-07
leaf_weight=302 1529 7116
leaf_count=302 1529 7116
internal_value=0 0
internal_weight=8947 8645
internal_count=8947 8645
is_linear=0
shrinkage=0.05


Tree=352
num_leaves=3
num_cat=0
split_feature=0 19
split_gain=1.05147e-07 3.41834e-08
threshold=2.5416666666666674 0.51167307692307695
decision_type=2 2
left_child=-1 -2
right_child=1 -3
leaf_value=9.3142474154717275e-07 0 -1.0957945340161409e-07
leaf_weight=302 1529 7116
leaf_count=302 1529 7116
internal_value=0 0
internal_weight=8947 8645
internal_count=8947 8645
is_linear=0
shrinkage=0.05


Tree=353
num_leaves=7
num_cat=0
split_feature=17 17 17 17 17 19
split_gain=1.1696e-07 8.51962e-07 9.89879e-07 4.31203e-07 9.32577e-10 5.14069e-10
threshold=7.0395900374172458 7.7370665455226684 8.2566211272658538 7.9467970270212396 7.1783939000347887 0.46442307692307699
decision_type=2 2 2 2 2 2
left_child=-1 4 3 -3 -2 -6
right_child=1 2 -4 -5 5 -7
leaf_value=0 0 0 0 -4.4801546601327988e-06 0 6.2990590363871157e-07
leaf_weight=1158 143 1256 61 176 40 6113
leaf_count=1158 143 1256 61 176 40 6113
internal_value=0 1.9374e-07 0 -1.31413e-06 6.20223e-07 6.27689e-07
internal_weight=8947 7789 1493 1432 6296 6153
internal_count=8947 7789 1493 1432 6296 6153
is_linear=0
shrinkage=0.05


Tree=354
num_leaves=3
num_cat=0
split_feature=0 17
split_gain=9.82637e-08 3.78875e-08
threshold=2.5416666666666674 7.9877857129513661
decision_type=2 2
left_child=1 -1
right_child=-2 -3
leaf_value=0 0 3.6182116645459842e-06
leaf_weight=277 8645 25
leaf_count=277 8645 25
internal_value=0 9.0042e-07
internal_weight=8947 302
internal_count=8947 302
is_linear=0
shrinkage=0.05


Tree=355
num_leaves=3
num_cat=0
split_feature=0 17
split_gain=9.50326e-08 2.83413e-08
threshold=2.5416666666666674 7.9877857129513661
decision_type=2 2
left_child=1 -1
right_child=-2 -3
leaf_value=0 0 3.4442531446424712e-06
leaf_weight=277 8645 25
leaf_count=277 8645 25
internal_value=0 8.85493e-07
internal_weight=8947 302
internal_count=8947 302
is_linear=0
shrinkage=0.05


Tree=356
num_leaves=5
num_cat=0
split_feature=17 17 17 17
split_gain=9.32078e-08 7.82538e-07 9.56513e-07 3.52157e-07
threshold=7.0395900374172458 7.7370665455226684 8.2566211272658538 7.9467970270212396
decision_type=2 2 2 2
left_child=-1 -2 3 -3
right_child=1 2 -4 -5
leaf_value=0 5.8964718666652525e-07 0 0 -4.2993081685489075e-06
leaf_weight=1158 6296 1256 61 176
leaf_count=1158 6296 1256 61 176
internal_value=0 1.72953e-07 0 -1.29179e-06
internal_weight=8947 7789 1493 1432
internal_count=8947 7789 1493 1432
is_linear=0
shrinkage=0.05


Tree=357
num_leaves=3
num_cat=0
split_feature=0 17
split_gain=9.52555e-08 2.86947e-08
threshold=2.5416666666666674 7.9877857129513661
decision_type=2 2
left_child=1 -1
right_child=-2 -3
leaf_value=0 0 3.4522875928534804e-06
leaf_weight=277 8645 25
leaf_count=277 8645 25
internal_value=0 8.86531e-07
internal_weight=8947 302
internal_count=8947 302
is_linear=0
shrinkage=0.05


Tree=358
num_leaves=3
num_cat=0
split_feature=0 17
split_gain=9.22196e-08 2.00992e-08
threshold=2.5416666666666674 7.9877857129513661
decision_type=2 2
left_child=1 -1
right_child=-2 -3
leaf_value=0 0 3.2863187460371977e-06
leaf_weight=277 8645 25
leaf_count=277 8645 25
internal_value=0 8.72289e-07
internal_weight=8947 302
internal_count=8947 302
is_linear=0
shrinkage=0.05


Tree=359
num_leaves=2
num_cat=0
split_feature=1
split_gain=8.93751e-08
threshold=6.7534722222222232
decision_type=2
left_child=-1
right_child=-2
leaf_value=8.5873075948394869e-07 0
leaf_weight=302 8645
leaf_count=302 8645
internal_value=0
internal_weight=8947
internal_count=8947
is_linear=0
shrinkage=0.05


Tree=360
num_leaves=3
num_cat=0
split_feature=0 17
split_gain=8.0689e-08 1.84205e-08
threshold=2.5416666666666674 7.9877857129513661
decision_type=2 2
left_child=1 -1
right_child=-2 -3
leaf_value=0 0 3.0870309386115701e-06
leaf_weight=277 8645 25
leaf_count=277 8645 25
internal_value=0 8.15936e-07
internal_weight=8947 302
internal_count=8947 302
is_linear=0
shrinkage=0.05


Tree=361
num_leaves=2
num_cat=0
split_feature=1
split_gain=7.81899e-08
threshold=6.7534722222222232
decision_type=2
left_child=-1
right_child=-2
leaf_value=8.0320079505086943e-07 0
leaf_weight=302 8645
leaf_count=302 8645
internal_value=0
internal_weight=8947
internal_count=8947
is_linear=0
shrinkage=0.05


Tree=362
num_leaves=3
num_cat=0
split_feature=0 17
split_gain=7.05912e-08 1.68736e-08
threshold=2.5416666666666674 7.9877857129513661
decision_type=2 2
left_child=1 -1
right_child=-2 -3
leaf_value=0 0 2.9000124106040261e-06
leaf_weight=277 8645 25
leaf_count=277 8645 25
internal_value=0 7.63174e-07
internal_weight=8947 302
internal_count=8947 302
is_linear=0
shrinkage=0.05


Tree=363
num_leaves=2
num_cat=0
split_feature=1
split_gain=6.83952e-08
threshold=6.7534722222222232
decision_type=2
left_child=-1
right_child=-2
leaf_value=7.5121019978810735e-07 0
leaf_weight=302 8645
leaf_count=302 8645
internal_value=0
internal_weight=8947
internal_count=8947
is_linear=0
shrinkage=0.05


Tree=364
num_leaves=2
num_cat=0
split_feature=0
split_gain=6.17479e-08
threshold=2.5416666666666674
decision_type=2
left_child=-1
right_child=-2
leaf_value=7.1377270840025318e-07 0
leaf_weight=302 8645
leaf_count=302 8645
internal_value=0
internal_weight=8947
internal_count=8947
is_linear=0
shrinkage=0.05


Tree=365
num_leaves=6
num_cat=0
split_feature=17 17 17 17 17
split_gain=6.68576e-08 7.10535e-07 9.4451e-07 3.05927e-07 6.39863e-10
threshold=7.0395900374172458 7.7370665455226684 8.2566211272658538 7.9467970270212396 7.1783939000347887
decision_type=2 2 2 2 2
left_child=-1 4 3 -3 -2
right_child=1 2 -4 -5 -6
leaf_value=0 0 0 0 -4.2025635132318121e-06 5.6219914665220199e-07
leaf_weight=1158 143 1256 61 176 6153
leaf_count=1158 143 1256 61 176 6153
internal_value=0 1.46479e-07 0 -1.28366e-06 5.5555e-07
internal_weight=8947 7789 1493 1432 6296
internal_count=8947 7789 1493 1432 6296
is_linear=0
shrinkage=0.05


Tree=366
num_leaves=3
num_cat=0
split_feature=0 17
split_gain=5.8297e-08 2.67627e-08
threshold=2.5416666666666674 7.9877857129513661
decision_type=2 2
left_child=1 -1
right_child=-2 -3
leaf_value=0 0 2.8598643481158188e-06
leaf_weight=277 8645 25
leaf_count=277 8645 25
internal_value=0 6.93541e-07
internal_weight=8947 302
internal_count=8947 302
is_linear=0
shrinkage=0.05


Tree=367
num_leaves=3
num_cat=0
split_feature=0 17
split_gain=5.63306e-08 2.07474e-08
threshold=2.5416666666666674 7.9877857129513661
decision_type=2 2
left_child=1 -1
right_child=-2 -3
leaf_value=0 0 2.72237964404316e-06
leaf_weight=277 8645 25
leaf_count=277 8645 25
internal_value=0 6.81743e-07
internal_weight=8947 302
internal_count=8947 302
is_linear=0
shrinkage=0.05


Tree=368
num_leaves=3
num_cat=0
split_feature=0 17
split_gain=5.44897e-08 1.53544e-08
threshold=2.5416666666666674 7.9877857129513661
decision_type=2 2
left_child=1 -1
right_child=-2 -3
leaf_value=0 0 2.5914822561809543e-06
leaf_weight=277 8645 25
leaf_count=277 8645 25
internal_value=0 6.70511e-07
internal_weight=8947 302
internal_count=8947 302
is_linear=0
shrinkage=0.05


Tree=369
num_leaves=3
num_cat=0
split_feature=0 17
split_gain=5.27661e-08 1.05241e-08
threshold=2.5416666666666674 7.9877857129513661
decision_type=2 2
left_child=1 -1
right_child=-2 -3
leaf_value=0 0 2.4668990562741469e-06
leaf_weight=277 8645 25
leaf_count=277 8645 25
internal_value=0 6.59821e-07
internal_weight=8947 302
internal_count=8947 302
is_linear=0
shrinkage=0.05


Tree=370
num_leaves=3
num_cat=0
split_feature=0 17
split_gain=5.1151e-08 6.20007e-09
threshold=2.5416666666666674 7.9877857129513661
decision_type=2 2
left_child=1 -1
right_child=-2 -3
leaf_value=0 0 2.3483022904166704e-06
leaf_weight=277 8645 25
leaf_count=277 8645 25
internal_value=0 6.49644e-07
internal_weight=8947 302
internal_count=8947 302
is_linear=0
shrinkage=0.05


Tree=371
num_leaves=5
num_cat=0
split_feature=17 17 17 17
split_gain=5.02109e-08 6.52214e-07 9.20689e-07 2.52494e-07
threshold=7.0395900374172458 7.7370665455226684 8.2566211272658538 7.9467970270212396
decision_type=2 2 2 2
left_child=-1 -2 3 -3
right_child=1 2 -4 -5
leaf_value=0 5.2808402447819291e-07 0 0 -4.0706743003299322e-06
leaf_weight=1158 6296 1256 61 176
leaf_count=1158 6296 1256 61 176
internal_value=0 1.2694e-07 0 -1.26737e-06
internal_weight=8947 7789 1493 1432
internal_count=8947 7789 1493 1432
is_linear=0
shrinkage=0.05


Tree=372
num_leaves=3
num_cat=0
split_feature=1 17
split_gain=5.20484e-08 7.84516e-09
threshold=6.7534722222222232 7.9877857129513661
decision_type=2 2
left_child=1 -1
right_child=-2 -3
leaf_value=0 0 2.3997909962557724e-06
leaf_weight=277 8645 25
leaf_count=277 8645 25
internal_value=0 6.55318e-07
internal_weight=8947 302
internal_count=8947 302
is_linear=0
shrinkage=0.05


Tree=373
num_leaves=2
num_cat=0
split_feature=0
split_gain=5.04876e-08
threshold=2.5416666666666674
decision_type=2
left_child=-1
right_child=-2
leaf_value=6.4541792736016742e-07 0
leaf_weight=302 8645
leaf_count=302 8645
internal_value=0
internal_weight=8947
internal_count=8947
is_linear=0
shrinkage=0.05


Tree=374
num_leaves=3
num_cat=0
split_feature=0 17
split_gain=4.5581e-08 7.22775e-09
threshold=2.5416666666666674 7.9877857129513661
decision_type=2 2
left_child=1 -1
right_child=-2 -3
leaf_value=0 0 2.2533897740336461e-06
leaf_weight=277 8645 25
leaf_count=277 8645 25
internal_value=0 6.13254e-07
internal_weight=8947 302
internal_count=8947 302
is_linear=0
shrinkage=0.05


Tree=375
num_leaves=2
num_cat=0
split_feature=0
split_gain=4.42096e-08
threshold=2.5416666666666674
decision_type=2
left_child=-1
right_child=-2
leaf_value=6.0395815213004866e-07 0
leaf_weight=302 8645
leaf_count=302 8645
internal_value=0
internal_weight=8947
internal_count=8947
is_linear=0
shrinkage=0.05


Tree=376
num_leaves=3
num_cat=0
split_feature=1 17
split_gain=3.9913e-08 6.65337e-09
threshold=6.7534722222222232 7.9877857129513661
decision_type=2 2
left_child=1 -1
right_child=-2 -3
leaf_value=0 0 2.116019694277863e-06
leaf_weight=277 8645 25
leaf_count=277 8645 25
internal_value=0 5.7386e-07
internal_weight=8947 302
internal_count=8947 302
is_linear=0
shrinkage=0.05


Tree=377
num_leaves=2
num_cat=0
split_feature=0
split_gain=3.87079e-08
threshold=2.5416666666666674
decision_type=2
left_child=-1
right_child=-2
leaf_value=5.6513023004473612e-07 0
leaf_weight=302 8645
leaf_count=302 8645
internal_value=0
internal_weight=8947
internal_count=8947
is_linear=0
shrinkage=0.05


Tree=378
num_leaves=2
num_cat=0
split_feature=0
split_gain=3.49461e-08
threshold=2.5416666666666674
decision_type=2
left_child=-1
right_child=-2
leaf_value=5.3696754110343786e-07 0
leaf_weight=302 8645
leaf_count=302 8645
internal_value=0
internal_weight=8947
internal_count=8947
is_linear=0
shrinkage=0.05


Tree=379
num_leaves=6
num_cat=0
split_feature=17 17 17 17 17
split_gain=3.43584e-08 5.90843e-07 9.01453e-07 1.97433e-07 4.33667e-10
threshold=7.0395900374172458 7.7370665455226684 8.2566211272658538 7.9467970270212396 7.1783939000347887
decision_type=2 2 2 2 2
left_child=-1 4 3 -3 -2
right_child=1 2 -4 -5 -6
leaf_value=0 0 0 0 -3.9396687463142285e-06 5.0414078725247872e-07
leaf_weight=1158 143 1256 61 176 6153
leaf_count=1158 143 1256 61 176 6153
internal_value=0 1.05007e-07 0 -1.25406e-06 4.98211e-07
internal_weight=8947 7789 1493 1432 6296
internal_count=8947 7789 1493 1432 6296
is_linear=0
shrinkage=0.05


Tree=380
num_leaves=3
num_cat=0
split_feature=2 17
split_gain=3.34425e-08 1.33167e-08
threshold=30.500000000000004 7.9877857129513661
decision_type=2 2
left_child=1 -1
right_child=-2 -3
leaf_value=0 0 2.12039601487608e-06
leaf_weight=277 8645 25
leaf_count=277 8645 25
internal_value=0 5.25289e-07
internal_weight=8947 302
internal_count=8947 302
is_linear=0
shrinkage=0.05


Tree=381
num_leaves=3
num_cat=0
split_feature=1 17
split_gain=3.23381e-08 1.00336e-08
threshold=6.7534722222222232 7.9877857129513661
decision_type=2 2
left_child=1 -1
right_child=-2 -3
leaf_value=0 0 2.0184636545868917e-06
leaf_weight=277 8645 25
leaf_count=277 8645 25
internal_value=0 5.16542e-07
internal_weight=8947 302
internal_count=8947 302
is_linear=0
shrinkage=0.05


Tree=382
num_leaves=3
num_cat=0
split_feature=0 17
split_gain=3.13038e-08 7.09134e-09
threshold=2.5416666666666674 7.9877857129513661
decision_type=2 2
left_child=1 -1
right_child=-2 -3
leaf_value=0 0 1.9214153647995807e-06
leaf_weight=277 8645 25
leaf_count=277 8645 25
internal_value=0 5.08214e-07
internal_weight=8947 302
internal_count=8947 302
is_linear=0
shrinkage=0.05


Tree=383
num_leaves=3
num_cat=0
split_feature=0 17
split_gain=3.0335e-08 4.45731e-09
threshold=2.5416666666666674 7.9877857129513661
decision_type=2 2
left_child=1 -1
right_child=-2 -3
leaf_value=0 0 1.8290460754472369e-06
leaf_weight=277 8645 25
leaf_count=277 8645 25
internal_value=0 5.00288e-07
internal_weight=8947 302
internal_count=8947 302
is_linear=0
shrinkage=0.05


Tree=384
num_leaves=3
num_cat=0
split_feature=0 17
split_gain=2.94268e-08 2.10051e-09
threshold=2.5416666666666674 7.9877857129513661
decision_type=2 2
left_child=1 -1
right_child=-2 -3
leaf_value=0 0 1.741113105358975e-06
leaf_weight=277 8645 25
leaf_count=277 8645 25
internal_value=0 4.92743e-07
internal_weight=8947 302
internal_count=8947 302
is_linear=0
shrinkage=0.05


Tree=385
num_leaves=2
num_cat=0
split_feature=0
split_gain=2.85751e-08
threshold=2.5416666666666674
decision_type=2
left_child=-1
right_child=-2
leaf_value=4.8555981968345013e-07 0
leaf_weight=302 8645
leaf_count=302 8645
internal_value=0
internal_weight=8947
internal_count=8947
is_linear=0
shrinkage=0.05


Tree=386
num_leaves=3
num_cat=0
split_feature=0 17
split_gain=2.57979e-08 1.97126e-09
threshold=2.5416666666666674 7.9877857129513661
decision_type=2 2
left_child=1 -1
right_child=-2 -3
leaf_value=0 0 1.63404862038217e-06
leaf_weight=277 8645 25
leaf_count=277 8645 25
internal_value=0 4.61361e-07
internal_weight=8947 302
internal_count=8947 302
is_linear=0
shrinkage=0.05


Tree=387
num_leaves=3
num_cat=0
split_feature=0 17
split_gain=2.50496e-08 1.13841e-10
threshold=2.5416666666666674 7.9877857129513661
decision_type=2 2
left_child=1 -1
right_child=-2 -3
leaf_value=0 0 1.555494247720781e-06
leaf_weight=277 8645 25
leaf_count=277 8645 25
internal_value=0 4.54621e-07
internal_weight=8947 302
internal_count=8947 302
is_linear=0
shrinkage=0.05


Tree=388
num_leaves=2
num_cat=0
split_feature=1
split_gain=2.43475e-08
threshold=6.7534722222222232
decision_type=2
left_child=-1
right_child=-2
leaf_value=4.4820389346136523e-07 0
leaf_weight=302 8645
leaf_count=302 8645
internal_value=0
internal_weight=8947
internal_count=8947
is_linear=0
shrinkage=0.05


Tree=389
num_leaves=2
num_cat=0
split_feature=2
split_gain=2.19811e-08
threshold=30.500000000000004
decision_type=2
left_child=-1
right_child=-2
leaf_value=4.258668212498231e-07 0
leaf_weight=302 8645
leaf_count=302 8645
internal_value=0
internal_weight=8947
internal_count=8947
is_linear=0
shrinkage=0.05


Tree=390
num_leaves=5
num_cat=0
split_feature=17 17 17 17
split_gain=2.25747e-08 5.37556e-07 8.85836e-07 1.5701e-07
threshold=7.0395900374172458 7.7370665455226684 8.2566211272658538 7.9467970270212396
decision_type=2 2 2 2
left_child=-1 -2 3 -3
right_child=1 2 -4 -5
leaf_value=0 4.7157168632549201e-07 0 0 -3.8378988707120418e-06
leaf_weight=1158 6296 1256 61 176
leaf_count=1158 6296 1256 61 176
internal_value=0 8.51162e-08 0 -1.24315e-06
internal_weight=8947 7789 1493 1432
internal_count=8947 7789 1493 1432
is_linear=0
shrinkage=0.05


Tree=391
num_leaves=3
num_cat=0
split_feature=2 17
split_gain=2.13732e-08 5.04102e-09
threshold=30.500000000000004 7.9877857129513661
decision_type=2 2
left_child=1 -1
right_child=-2 -3
leaf_value=0 0 1.5936838462948695e-06
leaf_weight=277 8645 25
leaf_count=277 8645 25
internal_value=0 4.19936e-07
internal_weight=8947 302
internal_count=8947 302
is_linear=0
shrinkage=0.05


Tree=392
num_leaves=3
num_cat=0
split_feature=0 17
split_gain=2.07092e-08 3.22618e-09
threshold=2.5416666666666674 7.9877857129513661
decision_type=2 2
left_child=1 -1
right_child=-2 -3
leaf_value=0 0 1.517061072473332e-06
leaf_weight=277 8645 25
leaf_count=277 8645 25
internal_value=0 4.13361e-07
internal_weight=8947 302
internal_count=8947 302
is_linear=0
shrinkage=0.05


Tree=393
num_leaves=3
num_cat=0
split_feature=2 17
split_gain=2.00867e-08 1.60215e-09
threshold=30.500000000000004 7.9877857129513661
decision_type=2 2
left_child=1 -1
right_child=-2 -3
leaf_value=0 0 1.4441152318165747e-06
leaf_weight=277 8645 25
leaf_count=277 8645 25
internal_value=0 4.07102e-07
internal_weight=8947 302
internal_count=8947 302
is_linear=0
shrinkage=0.05


Tree=394
num_leaves=2
num_cat=0
split_feature=1
split_gain=1.95032e-08
threshold=6.7534722222222232
decision_type=2
left_child=-1
right_child=-2
leaf_value=4.0114514157790667e-07 0
leaf_weight=302 8645
leaf_count=302 8645
internal_value=0
internal_weight=8947
internal_count=8947
is_linear=0
shrinkage=0.05


Tree=395
num_leaves=3
num_cat=0
split_feature=1 17
split_gain=1.76078e-08 1.49863e-09
threshold=6.7534722222222232 7.9877857129513661
decision_type=2 2
left_child=1 -1
right_child=-2 -3
leaf_value=0 0 1.3554157116092061e-06
leaf_weight=277 8645 25
leaf_count=277 8645 25
internal_value=0 3.81154e-07
internal_weight=8947 302
internal_count=8947 302
is_linear=0
shrinkage=0.05


Tree=396
num_leaves=3
num_cat=0
split_feature=0 17
split_gain=1.70949e-08 2.18322e-10
threshold=2.5416666666666674 7.9877857129513661
decision_type=2 2
left_child=1 -1
right_child=-2 -3
leaf_value=0 0 1.2902437279430613e-06
leaf_weight=277 8645 25
leaf_count=277 8645 25
internal_value=0 3.75562e-07
internal_weight=8947 302
internal_count=8947 302
is_linear=0
shrinkage=0.05


Tree=397
num_leaves=2
num_cat=0
split_feature=1
split_gain=1.66137e-08
threshold=6.7534722222222232
decision_type=2
left_child=-1
right_child=-2
leaf_value=3.7023876826340251e-07 0
leaf_weight=302 8645
leaf_count=302 8645
internal_value=0
internal_weight=8947
internal_count=8947
is_linear=0
shrinkage=0.05


Tree=398
num_leaves=3
num_cat=0
split_feature=0 17
split_gain=1.49992e-08 2.38063e-10
threshold=2.5416666666666674 7.9877857129513661
decision_type=2 2
left_child=1 -1
right_child=-2 -3
leaf_value=0 0 1.21042221927871e-06
leaf_weight=277 8645 25
leaf_count=277 8645 25
internal_value=0 3.51789e-07
internal_weight=8947 302
internal_count=8947 302
is_linear=0
shrinkage=0.05


Tree=399
num_leaves=2
num_cat=0
split_feature=0
split_gain=1.45764e-08
threshold=2.5416666666666674
decision_type=2
left_child=-1
right_child=-2
leaf_value=3.4679588977026082e-07 0
leaf_weight=302 8645
leaf_count=302 8645
internal_value=0
internal_weight=8947
internal_count=8947
is_linear=0
shrinkage=0.05


Tree=400
num_leaves=6
num_cat=0
split_feature=17 17 17 17 17
split_gain=1.40275e-08 4.87784e-07 8.65706e-07 1.09754e-07 2.59258e-10
threshold=7.0395900374172458 7.7370665455226684 8.2566211272658538 7.9467970270212396 7.1783939000347887
decision_type=2 2 2 2 2
left_child=-1 4 3 -3 -2
right_child=1 2 -4 -5 -6
leaf_value=0 0 0 0 -3.7118294332202744e-06 4.5162039431443437e-07
leaf_weight=1158 143 1256 61 176 6153
leaf_count=1158 143 1256 61 176 6153
internal_value=0 6.70951e-08 0 -1.22894e-06 4.46348e-07
internal_weight=8947 7789 1493 1432 6296
internal_count=8947 7789 1493 1432 6296
is_linear=0
shrinkage=0.05


Tree=401
num_leaves=3
num_cat=0
split_feature=1 17
split_gain=1.43791e-08 2.80588e-09
threshold=6.7534722222222232 7.9877857129513661
decision_type=2 2
left_child=1 -1
right_child=-2 -3
leaf_value=0 0 1.2854572672110231e-06
leaf_weight=277 8645 25
leaf_count=277 8645 25
internal_value=0 3.44441e-07
internal_weight=8947 302
internal_count=8947 302
is_linear=0
shrinkage=0.05


Tree=402
num_leaves=3
num_cat=0
split_feature=0 17
split_gain=1.39397e-08 1.63252e-09
threshold=2.5416666666666674 7.9877857129513661
decision_type=2 2
left_child=1 -1
right_child=-2 -3
leaf_value=0 0 1.2236541638580546e-06
leaf_weight=277 8645 25
leaf_count=277 8645 25
internal_value=0 3.39137e-07
internal_weight=8947 302
internal_count=8947 302
is_linear=0
shrinkage=0.05


Tree=403
num_leaves=3
num_cat=0
split_feature=0 17
split_gain=1.35278e-08 5.83134e-10
threshold=2.5416666666666674 7.9877857129513661
decision_type=2 2
left_child=1 -1
right_child=-2 -3
leaf_value=0 0 1.1648277107339534e-06
leaf_weight=277 8645 25
leaf_count=277 8645 25
internal_value=0 3.34089e-07
internal_weight=8947 302
internal_count=8947 302
is_linear=0
shrinkage=0.05


Tree=404
num_leaves=2
num_cat=0
split_feature=0
split_gain=1.31414e-08
threshold=2.5416666666666674
decision_type=2
left_child=-1
right_child=-2
leaf_value=3.292828542987189e-07 0
leaf_weight=302 8645
leaf_count=302 8645
internal_value=0
internal_weight=8947
internal_count=8947
is_linear=0
shrinkage=0.05


Tree=405
num_leaves=2
num_cat=0
split_feature=0
split_gain=1.18642e-08
threshold=2.5416666666666674
decision_type=2
left_child=-1
right_child=-2
leaf_value=3.1287269071266947e-07 0
leaf_weight=302 8645
leaf_count=302 8645
internal_value=0
internal_weight=8947
internal_count=8947
is_linear=0
shrinkage=0.05


Tree=406
num_leaves=3
num_cat=0
split_feature=0 17
split_gain=1.07111e-08 1.3731e-09
threshold=2.5416666666666674 7.9877857129513661
decision_type=2 2
left_child=1 -1
right_child=-2 -3
leaf_value=0 0 1.0779362100248047e-06
leaf_weight=277 8645 25
leaf_count=277 8645 25
internal_value=0 2.97281e-07
internal_weight=8947 302
internal_count=8947 302
is_linear=0
shrinkage=0.05


Tree=407
num_leaves=3
num_cat=0
split_feature=1 17
split_gain=1.03932e-08 5.5733e-10
threshold=6.7534722222222232 7.9877857129513661
decision_type=2 2
left_child=1 -1
right_child=-2 -3
leaf_value=0 0 1.0261251232944894e-06
leaf_weight=277 8645 25
leaf_count=277 8645 25
internal_value=0 2.92835e-07
internal_weight=8947 302
internal_count=8947 302
is_linear=0
shrinkage=0.05


Tree=408
num_leaves=2
num_cat=0
split_feature=0
split_gain=1.00949e-08
threshold=2.5416666666666674
decision_type=2
left_child=-1
right_child=-2
leaf_value=2.8860153689543955e-07 0
leaf_weight=302 8645
leaf_count=302 8645
internal_value=0
internal_weight=8947
internal_count=8947
is_linear=0
shrinkage=0.05


Tree=409
num_leaves=3
num_cat=0
split_feature=0 17
split_gain=9.11372e-09 5.29236e-10
threshold=2.5416666666666674 7.9877857129513661
decision_type=2 2
left_child=1 -1
right_child=-2 -3
leaf_value=0 0 9.6291608105484191e-07
leaf_weight=277 8645 25
leaf_count=277 8645 25
internal_value=0 2.74218e-07
internal_weight=8947 302
internal_count=8947 302
is_linear=0
shrinkage=0.05


Tree=410
num_leaves=2
num_cat=0
split_feature=0
split_gain=8.85156e-09
threshold=2.5416666666666674
decision_type=2
left_child=-1
right_child=-2
leaf_value=2.7024565497413187e-07 0
leaf_weight=302 8645
leaf_count=302 8645
internal_value=0
internal_weight=8947
internal_count=8947
is_linear=0
shrinkage=0.05


Tree=411
num_leaves=3
num_cat=0
split_feature=0 17
split_gain=7.99135e-09 5.00714e-10
threshold=2.5416666666666674 7.9877857129513661
decision_type=2 2
left_child=1 -1
right_child=-2 -3
leaf_value=0 0 9.0362844415581083e-07
leaf_weight=277 8645 25
leaf_count=277 8645 25
internal_value=0 2.56779e-07
internal_weight=8947 302
internal_count=8947 302
is_linear=0
shrinkage=0.05


Tree=412
num_leaves=5
num_cat=0
split_feature=17 17 17 17
split_gain=7.82997e-09 4.41809e-07 8.46434e-07 6.53231e-08
threshold=7.0395900374172458 7.7370665455226684 8.2566211272658538 7.9467970270212396
decision_type=2 2 2 2
left_child=-1 -2 3 -3
right_child=1 2 -4 -5
leaf_value=0 4.2250826666706412e-07 0 0 -3.5885819851382659e-06
leaf_weight=1158 6296 1256 61 176
leaf_count=1158 6296 1256 61 176
internal_value=0 5.01281e-08 0 -1.21519e-06
internal_weight=8947 7789 1493 1432
internal_count=8947 7789 1493 1432
is_linear=0
shrinkage=0.05


Tree=413
num_leaves=3
num_cat=0
split_feature=0 17
split_gain=8.69956e-09 1.80704e-09
threshold=2.5416666666666674 7.9877857129513661
decision_type=2 2
left_child=1 -1
right_child=-2 -3
leaf_value=0 0 1.0051121577047277e-06
leaf_weight=277 8645 25
leaf_count=277 8645 25
internal_value=0 2.67915e-07
internal_weight=8947 302
internal_count=8947 302
is_linear=0
shrinkage=0.05


Tree=414
num_leaves=3
num_cat=0
split_feature=0 17
split_gain=8.43231e-09 1.08813e-09
threshold=2.5416666666666674 7.9877857129513661
decision_type=2 2
left_child=1 -1
right_child=-2 -3
leaf_value=0 0 9.5677920258961141e-07
leaf_weight=277 8645 25
leaf_count=277 8645 25
internal_value=0 2.63768e-07
internal_weight=8947 302
internal_count=8947 302
is_linear=0
shrinkage=0.05


Tree=415
num_leaves=2
num_cat=0
split_feature=0
split_gain=8.18183e-09
threshold=2.5416666666666674
decision_type=2
left_child=-1
right_child=-2
leaf_value=2.5982086701555203e-07 0
leaf_weight=302 8645
leaf_count=302 8645
internal_value=0
internal_weight=8947
internal_count=8947
is_linear=0
shrinkage=0.05


Tree=416
num_leaves=3
num_cat=0
split_feature=0 17
split_gain=7.38678e-09 1.00538e-09
threshold=2.5416666666666674 7.9877857129513661
decision_type=2 2
left_child=1 -1
right_child=-2 -3
leaf_value=0 0 8.9829751791861277e-07
leaf_weight=277 8645 25
leaf_count=277 8645 25
internal_value=0 2.46875e-07
internal_weight=8947 302
internal_count=8947 302
is_linear=0
shrinkage=0.05


Tree=417
num_leaves=3
num_cat=0
split_feature=0 17
split_gain=7.1667e-09 4.37987e-10
threshold=2.5416666666666674 7.9877857129513661
decision_type=2 2
left_child=1 -1
right_child=-2 -3
leaf_value=0 0 8.5511370203814911e-07
leaf_weight=277 8645 25
leaf_count=277 8645 25
internal_value=0 2.43169e-07
internal_weight=8947 302
internal_count=8947 302
is_linear=0
shrinkage=0.05


Tree=418
num_leaves=2
num_cat=0
split_feature=0
split_gain=6.96025e-09
threshold=2.5416666666666674
decision_type=2
left_child=-1
right_child=-2
leaf_value=2.3964093613865458e-07 0
leaf_weight=302 8645
leaf_count=302 8645
internal_value=0
internal_weight=8947
internal_count=8947
is_linear=0
shrinkage=0.05


Tree=419
num_leaves=2
num_cat=0
split_feature=0
split_gain=6.28373e-09
threshold=2.5416666666666674
decision_type=2
left_child=-1
right_child=-2
leaf_value=2.276969930654991e-07 0
leaf_weight=302 8645
leaf_count=302 8645
internal_value=0
internal_weight=8947
internal_count=8947
is_linear=0
shrinkage=0.05


Tree=420
num_leaves=3
num_cat=0
split_feature=0 17
split_gain=5.67303e-09 8.42853e-10
threshold=2.5416666666666674 7.9877857129513661
decision_type=2 2
left_child=1 -1
right_child=-2 -3
leaf_value=0 0 7.9153481727608197e-07
leaf_weight=277 8645 25
leaf_count=277 8645 25
internal_value=0 2.1635e-07
internal_weight=8947 302
internal_count=8947 302
is_linear=0
shrinkage=0.05


Tree=421
num_leaves=3
num_cat=0
split_feature=1 17
split_gain=5.50306e-09 4.01294e-10
threshold=6.7534722222222232 7.9877857129513661
decision_type=2 2
left_child=1 -1
right_child=-2 -3
leaf_value=0 0 7.5347596206343029e-07
leaf_weight=277 8645 25
leaf_count=277 8645 25
internal_value=0 2.13084e-07
internal_weight=8947 302
internal_count=8947 302
is_linear=0
shrinkage=0.05


Tree=422
num_leaves=3
num_cat=0
split_feature=0 17
split_gain=5.34365e-09 6.54064e-12
threshold=2.5416666666666674 7.9877857129513661
decision_type=2 2
left_child=1 -1
right_child=-2 -3
leaf_value=0 0 7.1724572290593703e-07
leaf_weight=277 8645 25
leaf_count=277 8645 25
internal_value=0 2.09975e-07
internal_weight=8947 302
internal_count=8947 302
is_linear=0
shrinkage=0.05


Tree=423
num_leaves=2
num_cat=0
split_feature=0
split_gain=5.1941e-09
threshold=2.5416666666666674
decision_type=2
left_child=-1
right_child=-2
leaf_value=2.070159528200066e-07 0
leaf_weight=302 8645
leaf_count=302 8645
internal_value=0
internal_weight=8947
internal_count=8947
is_linear=0
shrinkage=0.05


Tree=424
num_leaves=3
num_cat=0
split_feature=0 17
split_gain=4.68935e-09 1.85232e-11
threshold=2.5416666666666674 7.9877857129513661
decision_type=2 2
left_child=1 -1
right_child=-2 -3
leaf_value=0 0 6.7281536757944951e-07
leaf_weight=277 8645 25
leaf_count=277 8645 25
internal_value=0 1.967e-07
internal_weight=8947 302
internal_count=8947 302
is_linear=0
shrinkage=0.05


Tree=425
num_leaves=2
num_cat=0
split_feature=0
split_gain=4.55795e-09
threshold=2.5416666666666674
decision_type=2
left_child=-1
right_child=-2
leaf_value=1.9392478093427973e-07 0
leaf_weight=302 8645
leaf_count=302 8645
internal_value=0
internal_weight=8947
internal_count=8947
is_linear=0
shrinkage=0.05


Tree=426
num_leaves=2
num_cat=0
split_feature=0
split_gain=4.11498e-09
threshold=2.5416666666666674
decision_type=2
left_child=-1
right_child=-2
leaf_value=1.8426055386785339e-07 0
leaf_weight=302 8645
leaf_count=302 8645
internal_value=0
internal_weight=8947
internal_count=8947
is_linear=0
shrinkage=0.05


Tree=427
num_leaves=3
num_cat=0
split_feature=0 17
split_gain=3.71509e-09 3.12264e-10
threshold=2.5416666666666674 7.9877857129513661
decision_type=2 2
left_child=1 -1
right_child=-2 -3
leaf_value=0 0 6.2229022240408422e-07
leaf_weight=277 8645 25
leaf_count=277 8645 25
internal_value=0 1.75079e-07
internal_weight=8947 302
internal_count=8947 302
is_linear=0
shrinkage=0.05


Tree=428
num_leaves=3
num_cat=0
split_feature=1 17
split_gain=3.60692e-09 4.24311e-11
threshold=6.7534722222222232 7.9877857129513661
decision_type=2 2
left_child=1 -1
right_child=-2 -3
leaf_value=0 0 5.9236700718218397e-07
leaf_weight=277 8645 25
leaf_count=277 8645 25
internal_value=0 1.72511e-07
internal_weight=8947 302
internal_count=8947 302
is_linear=0
shrinkage=0.05


Tree=429
num_leaves=6
num_cat=0
split_feature=17 17 17 17 17
split_gain=3.50826e-09 3.98387e-07 8.29083e-07 2.55018e-08 1.1831e-10
threshold=7.0395900374172458 7.7370665455226684 8.2566211272658538 7.9467970270212396 7.1783939000347887
decision_type=2 2 2 2 2
left_child=-1 4 3 -3 -2
right_child=1 2 -4 -5 -6
leaf_value=0 0 0 0 -3.47424830553565e-06 4.0412092944038818e-07
leaf_weight=1158 143 1256 61 176 6153
leaf_count=1158 143 1256 61 176 6153
internal_value=0 3.35542e-08 0 -1.20267e-06 3.99447e-07
internal_weight=8947 7789 1493 1432 6296
internal_count=8947 7789 1493 1432 6296
is_linear=0
shrinkage=0.05


Tree=430
num_leaves=5
num_cat=0
split_feature=0 17 17 17
split_gain=4.13056e-09 1.02667e-09 3.23165e-12 1.83803e-08
threshold=2.5416666666666674 7.9877857129513661 7.2133000484419894 7.0395900374172458
decision_type=2 2 2 2
left_child=1 -1 3 -2
right_child=2 -3 -4 -5
leaf_value=0 0 7.0419287882171076e-07 -1.3460566704029259e-09 1.2254227151500936e-07
leaf_weight=277 1128 25 4458 3059
leaf_count=277 1128 25 4458 3059
internal_value=0 1.84609e-07 0 0
internal_weight=8947 302 8645 4187
internal_count=8947 302 8645 4187
is_linear=0
shrinkage=0.05


Tree=431
num_leaves=5
num_cat=0
split_feature=0 17 17 17
split_gain=4.00161e-09 6.71734e-10 2.91706e-12 1.65889e-08
threshold=2.5416666666666674 7.9877857129513661 7.2133000484419894 7.0395900374172458
decision_type=2 2 2 2
left_child=1 -1 3 -2
right_child=2 -3 -4 -5
leaf_value=0 0 6.7034288524434051e-07 -1.2788629815501653e-09 1.1641750210121972e-07
leaf_weight=277 1128 25 4458 3059
leaf_count=277 1128 25 4458 3059
internal_value=0 1.81705e-07 0 0
internal_weight=8947 302 8645 4187
internal_count=8947 302 8645 4187
is_linear=0
shrinkage=0.05


Tree=432
num_leaves=5
num_cat=0
split_feature=0 17 17 17
split_gain=3.88071e-09 3.54009e-10 2.63261e-12 1.49721e-08
threshold=2.5416666666666674 7.9877857129513661 7.2133000484419894 7.0395900374172458
decision_type=2 2 2 2
left_child=1 -1 3 -2
right_child=2 -3 -4 -5
leaf_value=0 0 6.3811016913788904e-07 -1.214912307265763e-09 1.1059875989565237e-07
leaf_weight=277 1128 25 4458 3059
leaf_count=277 1128 25 4458 3059
internal_value=0 1.78939e-07 0 0
internal_weight=8947 302 8645 4187
internal_count=8947 302 8645 4187
is_linear=0
shrinkage=0.05


Tree=433
num_leaves=5
num_cat=0
split_feature=1 17 17 17
split_gain=3.76735e-09 6.99094e-11 2.37563e-12 1.35125e-08
threshold=6.7534722222222232 7.9877857129513661 7.2133000484419894 7.0395900374172458
decision_type=2 2 2 2
left_child=1 -1 3 -2
right_child=2 -3 -4 -5
leaf_value=0 0 6.074266723142114e-07 -1.1540919754543477e-09 1.0506979190104405e-07
leaf_weight=277 1128 25 4458 3059
leaf_count=277 1128 25 4458 3059
internal_value=0 1.76306e-07 0 0
internal_weight=8947 302 8645 4187
internal_count=8947 302 8645 4187
is_linear=0
shrinkage=0.05


Tree=434
num_leaves=4
num_cat=0
split_feature=0 17 17
split_gain=3.66103e-09 2.14757e-12 1.2195e-08
threshold=2.5416666666666674 7.2133000484419894 7.0395900374172458
decision_type=2 2 2
left_child=-1 2 -2
right_child=1 -3 -4
leaf_value=1.7380030582145552e-07 0 -1.0972982840679267e-09 9.9816205980471726e-08
leaf_weight=302 1128 4458 3059
leaf_count=302 1128 4458 3059
internal_value=0 0 0
internal_weight=8947 8645 4187
internal_count=8947 8645 4187
is_linear=0
shrinkage=0.05


Tree=435
num_leaves=5
num_cat=0
split_feature=0 17 17 17
split_gain=3.30519e-09 7.22599e-11 1.93729e-12 1.10068e-08
threshold=2.5416666666666674 7.9877857129513661 7.2133000484419894 7.0395900374172458
decision_type=2 2 2 2
left_child=1 -1 3 -2
right_child=2 -3 -4 -5
leaf_value=0 0 5.6987288049779335e-07 -1.0421934095085387e-09 9.482860780414784e-08
leaf_weight=277 1128 25 4458 3059
leaf_count=277 1128 25 4458 3059
internal_value=0 1.65138e-07 0 0
internal_weight=8947 302 8645 4187
internal_count=8947 302 8645 4187
is_linear=0
shrinkage=0.05


Tree=436
num_leaves=2
num_cat=0
split_feature=2
split_gain=3.21177e-09
threshold=30.500000000000004
decision_type=2
left_child=-1
right_child=-2
leaf_value=1.6278736594919848e-07 0
leaf_weight=302 8645
leaf_count=302 8645
internal_value=0
internal_weight=8947
internal_count=8947
is_linear=0
shrinkage=0.05


Tree=437
num_leaves=5
num_cat=0
split_feature=0 17 17 17
split_gain=2.8996e-09 7.31492e-11 1.74809e-12 9.93362e-09
threshold=2.5416666666666674 7.9877857129513661 7.2133000484419894 7.0395900374172458
decision_type=2 2 2 2
left_child=1 -1 3 -2
right_child=2 -3 -4 -5
leaf_value=0 0 5.3464112660058504e-07 -9.8999441029513599e-10 9.0087200744931624e-08
leaf_weight=277 1128 25 4458 3059
leaf_count=277 1128 25 4458 3059
internal_value=0 1.54674e-07 0 0
internal_weight=8947 302 8645 4187
internal_count=8947 302 8645 4187
is_linear=0
shrinkage=0.05


Tree=438
num_leaves=4
num_cat=0
split_feature=0 17 17
split_gain=2.8175e-09 1.57781e-12 8.96565e-09
threshold=2.5416666666666674 7.2133000484419894 7.0395900374172458
decision_type=2 2 2
left_child=-1 2 -2
right_child=1 -3 -4
leaf_value=1.5246875174174443e-07 0 -9.4054306820834971e-10 8.5585513164724724e-08
leaf_weight=302 1128 4458 3059
leaf_count=302 1128 4458 3059
internal_value=0 0 0
internal_weight=8947 8645 4187
internal_count=8947 8645 4187
is_linear=0
shrinkage=0.05


Tree=439
num_leaves=2
num_cat=0
split_feature=1
split_gain=2.54367e-09
threshold=6.7534722222222232
decision_type=2
left_child=-1
right_child=-2
leaf_value=1.4487023387725063e-07 0
leaf_weight=302 8645
leaf_count=302 8645
internal_value=0
internal_weight=8947
internal_count=8947
is_linear=0
shrinkage=0.05


Tree=440
num_leaves=5
num_cat=0
split_feature=0 17 17 17
split_gain=2.2965e-09 2.48162e-10 1.42466e-12 8.09144e-09
threshold=2.5416666666666674 7.9877857129513661 7.2133000484419894 7.0395900374172458
decision_type=2 2 2 2
left_child=1 -1 3 -2
right_child=2 -3 -4 -5
leaf_value=0 0 4.9465067254808167e-07 -8.9373246305919832e-10 8.1305926315817276e-08
leaf_weight=277 1128 25 4458 3059
leaf_count=277 1128 25 4458 3059
internal_value=0 1.37652e-07 0 0
internal_weight=8947 302 8645 4187
internal_count=8947 302 8645 4187
is_linear=0
shrinkage=0.05


Tree=441
num_leaves=5
num_cat=0
split_feature=1 17 17 17
split_gain=2.2289e-09 7.69016e-11 1.28359e-12 7.30299e-09
threshold=6.7534722222222232 7.9877857129513661 7.2133000484419894 7.0395900374172458
decision_type=2 2 2 2
left_child=1 -1 3 -2
right_child=2 -3 -4 -5
leaf_value=0 0 4.7086254478646097e-07 -8.4832766870462634e-10 7.7243076679836224e-08
leaf_weight=277 1128 25 4458 3059
leaf_count=277 1128 25 4458 3059
internal_value=0 1.35611e-07 0 0
internal_weight=8947 302 8645 4187
internal_count=8947 302 8645 4187
is_linear=0
shrinkage=0.05


Tree=442
num_leaves=4
num_cat=0
split_feature=0 17 17
split_gain=2.1655e-09 1.1604e-12 6.59106e-09
threshold=2.5416666666666674 7.2133000484419894 7.0395900374172458
decision_type=2 2 2
left_child=-1 2 -2
right_child=1 -3 -4
leaf_value=1.3366817433706612e-07 0 -8.0659479348420948e-10 7.3381559422771816e-08
leaf_weight=302 1128 4458 3059
leaf_count=302 1128 4458 3059
internal_value=0 0 0
internal_weight=8947 8645 4187
internal_count=8947 8645 4187
is_linear=0
shrinkage=0.05


Tree=443
num_leaves=2
num_cat=0
split_feature=0
split_gain=1.95507e-09
threshold=2.5416666666666674
decision_type=2
left_child=-1
right_child=-2
leaf_value=1.2700771471091975e-07 0
leaf_weight=302 8645
leaf_count=302 8645
internal_value=0
internal_weight=8947
internal_count=8947
is_linear=0
shrinkage=0.05


Tree=444
num_leaves=2
num_cat=0
split_feature=0
split_gain=1.76502e-09
threshold=2.5416666666666674
decision_type=2
left_child=-1
right_child=-2
leaf_value=1.2067662303799996e-07 0
leaf_weight=302 8645
leaf_count=302 8645
internal_value=0
internal_weight=8947
internal_count=8947
is_linear=0
shrinkage=0.05


Tree=445
num_leaves=2
num_cat=0
split_feature=0
split_gain=1.59352e-09
threshold=2.5416666666666674
decision_type=2
left_child=-1
right_child=-2
leaf_value=1.1466409584196814e-07 0
leaf_weight=302 8645
leaf_count=302 8645
internal_value=0
internal_weight=8947
internal_count=8947
is_linear=0
shrinkage=0.05


Tree=446
num_leaves=2
num_cat=0
split_feature=1
split_gain=1.43866e-09
threshold=6.7534722222222232
decision_type=2
left_child=-1
right_child=-2
leaf_value=1.0895028152493761e-07 0
leaf_weight=302 8645
leaf_count=302 8645
internal_value=0
internal_weight=8947
internal_count=8947
is_linear=0
shrinkage=0.05


Tree=447
num_leaves=2
num_cat=0
split_feature=0
split_gain=1.29886e-09
threshold=2.5416666666666674
decision_type=2
left_child=-1
right_child=-2
leaf_value=1.0352149504319774e-07 0
leaf_weight=302 8645
leaf_count=302 8645
internal_value=0
internal_weight=8947
internal_count=8947
is_linear=0
shrinkage=0.05


Tree=448
num_leaves=2
num_cat=0
split_feature=0
split_gain=1.1726e-09
threshold=2.5416666666666674
decision_type=2
left_child=-1
right_child=-2
leaf_value=9.836098728639908e-08 0
leaf_weight=302 8645
leaf_count=302 8645
internal_value=0
internal_weight=8947
internal_count=8947
is_linear=0
shrinkage=0.05


Tree=449
num_leaves=2
num_cat=0
split_feature=1
split_gain=1.05864e-09
threshold=6.7534722222222232
decision_type=2
left_child=-1
right_child=-2
leaf_value=9.3459582863768065e-08 0
leaf_weight=302 8645
leaf_count=302 8645
internal_value=0
internal_weight=8947
internal_count=8947
is_linear=0
shrinkage=0.05


Tree=450
num_leaves=2
num_cat=0
split_feature=0
split_gain=9.5574e-10
threshold=2.5416666666666674
decision_type=2
left_child=-1
right_child=-2
leaf_value=8.8801157004552487e-08 0
leaf_weight=302 8645
leaf_count=302 8645
internal_value=0
internal_weight=8947
internal_count=8947
is_linear=0
shrinkage=0.05


Tree=451
num_leaves=2
num_cat=0
split_feature=0
split_gain=8.62862e-10
threshold=2.5416666666666674
decision_type=2
left_child=-1
right_child=-2
leaf_value=8.4376066063280867e-08 0
leaf_weight=302 8645
leaf_count=302 8645
internal_value=0
internal_weight=8947
internal_count=8947
is_linear=0
shrinkage=0.05


Tree=452
num_leaves=2
num_cat=0
split_feature=0
split_gain=7.79e-10
threshold=2.5416666666666674
decision_type=2
left_child=-1
right_child=-2
leaf_value=8.0171014007837789e-08 0
leaf_weight=302 8645
leaf_count=302 8645
internal_value=0
internal_weight=8947
internal_count=8947
is_linear=0
shrinkage=0.05


Tree=453
num_leaves=2
num_cat=0
split_feature=0
split_gain=7.03294e-10
threshold=2.5416666666666674
decision_type=2
left_child=-1
right_child=-2
leaf_value=7.6175838510624814e-08 0
leaf_weight=302 8645
leaf_count=302 8645
internal_value=0
internal_weight=8947
internal_count=8947
is_linear=0
shrinkage=0.05


Tree=454
num_leaves=2
num_cat=0
split_feature=0
split_gain=6.34947e-10
threshold=2.5416666666666674
decision_type=2
left_child=-1
right_child=-2
leaf_value=7.2379812937099863e-08 0
leaf_weight=302 8645
leaf_count=302 8645
internal_value=0
internal_weight=8947
internal_count=8947
is_linear=0
shrinkage=0.05


Tree=455
num_leaves=2
num_cat=0
split_feature=0
split_gain=5.73235e-10
threshold=2.5416666666666674
decision_type=2
left_child=-1
right_child=-2
leaf_value=6.8772513217294891e-08 0
leaf_weight=302 8645
leaf_count=302 8645
internal_value=0
internal_weight=8947
internal_count=8947
is_linear=0
shrinkage=0.05


Tree=456
num_leaves=2
num_cat=0
split_feature=1
split_gain=5.17539e-10
threshold=6.7534722222222232
decision_type=2
left_child=-1
right_child=-2
leaf_value=6.534617592844861e-08 0
leaf_weight=302 8645
leaf_count=302 8645
internal_value=0
internal_weight=8947
internal_count=8947
is_linear=0
shrinkage=0.05


Tree=457
num_leaves=2
num_cat=0
split_feature=0
split_gain=4.6723e-10
threshold=2.5416666666666674
decision_type=2
left_child=-1
right_child=-2
leaf_value=6.208888338817186e-08 0
leaf_weight=302 8645
leaf_count=302 8645
internal_value=0
internal_weight=8947
internal_count=8947
is_linear=0
shrinkage=0.05


Tree=458
num_leaves=2
num_cat=0
split_feature=1
split_gain=4.21818e-10
threshold=6.7534722222222232
decision_type=2
left_child=-1
right_child=-2
leaf_value=5.8994435424002652e-08 0
leaf_weight=302 8645
leaf_count=302 8645
internal_value=0
internal_weight=8947
internal_count=8947
is_linear=0
shrinkage=0.05


Tree=459
num_leaves=2
num_cat=0
split_feature=0
split_gain=3.80815e-10
threshold=2.5416666666666674
decision_type=2
left_child=-1
right_child=-2
leaf_value=5.6053891973169496e-08 0
leaf_weight=302 8645
leaf_count=302 8645
internal_value=0
internal_weight=8947
internal_count=8947
is_linear=0
shrinkage=0.05


Tree=460
num_leaves=2
num_cat=0
split_feature=1
split_gain=3.43805e-10
threshold=6.7534722222222232
decision_type=2
left_child=-1
right_child=-2
leaf_value=5.3260442931450015e-08 0
leaf_weight=302 8645
leaf_count=302 8645
internal_value=0
internal_weight=8947
internal_count=8947
is_linear=0
shrinkage=0.05


Tree=461
num_leaves=2
num_cat=0
split_feature=2
split_gain=3.10416e-10
threshold=30.500000000000004
decision_type=2
left_child=-1
right_child=-2
leaf_value=5.0608171480507124e-08 0
leaf_weight=302 8645
leaf_count=302 8645
internal_value=0
internal_weight=8947
internal_count=8947
is_linear=0
shrinkage=0.05


Tree=462
num_leaves=2
num_cat=0
split_feature=0
split_gain=2.80227e-10
threshold=2.5416666666666674
decision_type=2
left_child=-1
right_child=-2
leaf_value=4.8084360303005931e-08 0
leaf_weight=302 8645
leaf_count=302 8645
internal_value=0
internal_weight=8947
internal_count=8947
is_linear=0
shrinkage=0.05


Tree=463
num_leaves=2
num_cat=0
split_feature=0
split_gain=2.53011e-10
threshold=2.5416666666666674
decision_type=2
left_child=-1
right_child=-2
leaf_value=4.5689681764666565e-08 0
leaf_weight=302 8645
leaf_count=302 8645
internal_value=0
internal_weight=8947
internal_count=8947
is_linear=0
shrinkage=0.05


Tree=464
num_leaves=2
num_cat=0
split_feature=0
split_gain=2.28409e-10
threshold=2.5416666666666674
decision_type=2
left_child=-1
right_child=-2
leaf_value=4.3411533810849015e-08 0
leaf_weight=302 8645
leaf_count=302 8645
internal_value=0
internal_weight=8947
internal_count=8947
is_linear=0
shrinkage=0.05


Tree=465
num_leaves=2
num_cat=0
split_feature=0
split_gain=2.06214e-10
threshold=2.5416666666666674
decision_type=2
left_child=-1
right_child=-2
leaf_value=4.1248504473541017e-08 0
leaf_weight=302 8645
leaf_count=302 8645
internal_value=0
internal_weight=8947
internal_count=8947
is_linear=0
shrinkage=0.05


Tree=466
num_leaves=2
num_cat=0
split_feature=1
split_gain=1.86185e-10
threshold=6.7534722222222232
decision_type=2
left_child=-1
right_child=-2
leaf_value=3.9194079009175811e-08 0
leaf_weight=302 8645
leaf_count=302 8645
internal_value=0
internal_weight=8947
internal_count=8947
is_linear=0
shrinkage=0.05


Tree=467
num_leaves=2
num_cat=0
split_feature=0
split_gain=1.68082e-10
threshold=2.5416666666666674
decision_type=2
left_child=-1
right_child=-2
leaf_value=3.7239956102416038e-08 0
leaf_weight=302 8645
leaf_count=302 8645
internal_value=0
internal_weight=8947
internal_count=8947
is_linear=0
shrinkage=0.05


Tree=468
num_leaves=2
num_cat=0
split_feature=0
split_gain=1.51753e-10
threshold=2.5416666666666674
decision_type=2
left_child=-1
right_child=-2
leaf_value=3.5384889475373323e-08 0
leaf_weight=302 8645
leaf_count=302 8645
internal_value=0
internal_weight=8947
internal_count=8947
is_linear=0
shrinkage=0.05


Tree=469
num_leaves=2
num_cat=0
split_feature=0
split_gain=1.37003e-10
threshold=2.5416666666666674
decision_type=2
left_child=-1
right_child=-2
leaf_value=3.3621216560144407e-08 0
leaf_weight=302 8645
leaf_count=302 8645
internal_value=0
internal_weight=8947
internal_count=8947
is_linear=0
shrinkage=0.05


Tree=470
num_leaves=2
num_cat=0
split_feature=0
split_gain=1.23676e-10
threshold=2.5416666666666674
decision_type=2
left_child=-1
right_child=-2
leaf_value=3.1944091520932122e-08 0
leaf_weight=302 8645
leaf_count=302 8645
internal_value=0
internal_weight=8947
internal_count=8947
is_linear=0
shrinkage=0.05


Tree=471
num_leaves=2
num_cat=0
split_feature=0
split_gain=1.11659e-10
threshold=2.5416666666666674
decision_type=2
left_child=-1
right_child=-2
leaf_value=3.0352642683606456e-08 0
leaf_weight=302 8645
leaf_count=302 8645
internal_value=0
internal_weight=8947
internal_count=8947
is_linear=0
shrinkage=0.05


Tree=472
num_leaves=2
num_cat=0
split_feature=1
split_gain=1.00814e-10
threshold=6.7534722222222232
decision_type=2
left_child=-1
right_child=-2
leaf_value=2.884088359195217e-08 0
leaf_weight=302 8645
leaf_count=302 8645
internal_value=0
internal_weight=8947
internal_count=8947
is_linear=0
shrinkage=0.05


Tree=473
num_leaves=2
num_cat=0
split_feature=0
split_gain=9.10207e-11
threshold=2.5416666666666674
decision_type=2
left_child=-1
right_child=-2
leaf_value=2.7404302191726022e-08 0
leaf_weight=302 8645
leaf_count=302 8645
internal_value=0
internal_weight=8947
internal_count=8947
is_linear=0
shrinkage=0.05


Tree=474
num_leaves=2
num_cat=0
split_feature=0
split_gain=8.21666e-11
threshold=2.5416666666666674
decision_type=2
left_child=-1
right_child=-2
leaf_value=2.6037332255287846e-08 0
leaf_weight=302 8645
leaf_count=302 8645
internal_value=0
internal_weight=8947
internal_count=8947
is_linear=0
shrinkage=0.05


Tree=475
num_leaves=2
num_cat=0
split_feature=0
split_gain=7.41806e-11
threshold=2.5416666666666674
decision_type=2
left_child=-1
right_child=-2
leaf_value=2.473967602067588e-08 0
leaf_weight=302 8645
leaf_count=302 8645
internal_value=0
internal_weight=8947
internal_count=8947
is_linear=0
shrinkage=0.05


Tree=476
num_leaves=2
num_cat=0
split_feature=0
split_gain=6.69767e-11
threshold=2.5416666666666674
decision_type=2
left_child=-1
right_child=-2
leaf_value=2.350772912736903e-08 0
leaf_weight=302 8645
leaf_count=302 8645
internal_value=0
internal_weight=8947
internal_count=8947
is_linear=0
shrinkage=0.05


Tree=477
num_leaves=2
num_cat=0
split_feature=0
split_gain=6.04616e-11
threshold=2.5416666666666674
decision_type=2
left_child=-1
right_child=-2
leaf_value=2.2335125712781426e-08 0
leaf_weight=302 8645
leaf_count=302 8645
internal_value=0
internal_weight=8947
internal_count=8947
is_linear=0
shrinkage=0.05


Tree=478
num_leaves=2
num_cat=0
split_feature=2
split_gain=5.45835e-11
threshold=30.500000000000004
decision_type=2
left_child=-1
right_child=-2
leaf_value=2.1221659264584747e-08 0
leaf_weight=302 8645
leaf_count=302 8645
internal_value=0
internal_weight=8947
internal_count=8947
is_linear=0
shrinkage=0.05


Tree=479
num_leaves=2
num_cat=0
split_feature=0
split_gain=4.9285e-11
threshold=2.5416666666666674
decision_type=2
left_child=-1
right_child=-2
leaf_value=2.016537031696606e-08 0
leaf_weight=302 8645
leaf_count=302 8645
internal_value=0
internal_weight=8947
internal_count=8947
is_linear=0
shrinkage=0.05


Tree=480
num_leaves=2
num_cat=0
split_feature=0
split_gain=4.44913e-11
threshold=2.5416666666666674
decision_type=2
left_child=-1
right_child=-2
leaf_value=1.9159590442765439e-08 0
leaf_weight=302 8645
leaf_count=302 8645
internal_value=0
internal_weight=8947
internal_count=8947
is_linear=0
shrinkage=0.05


Tree=481
num_leaves=2
num_cat=0
split_feature=1
split_gain=4.01631e-11
threshold=6.7534722222222232
decision_type=2
left_child=-1
right_child=-2
leaf_value=1.8203803361162073e-08 0
leaf_weight=302 8645
leaf_count=302 8645
internal_value=0
internal_weight=8947
internal_count=8947
is_linear=0
shrinkage=0.05


Tree=482
num_leaves=2
num_cat=0
split_feature=0
split_gain=3.62662e-11
threshold=2.5416666666666674
decision_type=2
left_child=-1
right_child=-2
leaf_value=1.7298162755749132e-08 0
leaf_weight=302 8645
leaf_count=302 8645
internal_value=0
internal_weight=8947
internal_count=8947
is_linear=0
shrinkage=0.05


Tree=483
num_leaves=2
num_cat=0
split_feature=2
split_gain=3.27351e-11
threshold=30.500000000000004
decision_type=2
left_child=-1
right_child=-2
leaf_value=1.6434470567353409e-08 0
leaf_weight=302 8645
leaf_count=302 8645
internal_value=0
internal_weight=8947
internal_count=8947
is_linear=0
shrinkage=0.05


Tree=484
num_leaves=2
num_cat=0
split_feature=0
split_gain=2.95602e-11
threshold=2.5416666666666674
decision_type=2
left_child=-1
right_child=-2
leaf_value=1.561718362017686e-08 0
leaf_weight=302 8645
leaf_count=302 8645
internal_value=0
internal_weight=8947
internal_count=8947
is_linear=0
shrinkage=0.05


Tree=485
num_leaves=2
num_cat=0
split_feature=0
split_gain=2.66839e-11
threshold=2.5416666666666674
decision_type=2
left_child=-1
right_child=-2
leaf_value=1.4837921355779384e-08 0
leaf_weight=302 8645
leaf_count=302 8645
internal_value=0
internal_weight=8947
internal_count=8947
is_linear=0
shrinkage=0.05


Tree=486
num_leaves=2
num_cat=0
split_feature=0
split_gain=2.40912e-11
threshold=2.5416666666666674
decision_type=2
left_child=-1
right_child=-2
leaf_value=1.4098652845198487e-08 0
leaf_weight=302 8645
leaf_count=302 8645
internal_value=0
internal_weight=8947
internal_count=8947
is_linear=0
shrinkage=0.05


Tree=487
num_leaves=2
num_cat=0
split_feature=1
split_gain=2.17536e-11
threshold=6.7534722222222232
decision_type=2
left_child=-1
right_child=-2
leaf_value=1.3397212110292912e-08 0
leaf_weight=302 8645
leaf_count=302 8645
internal_value=0
internal_weight=8947
internal_count=8947
is_linear=0
shrinkage=0.05


Tree=488
num_leaves=2
num_cat=0
split_feature=0
split_gain=1.96333e-11
threshold=2.5416666666666674
decision_type=2
left_child=-1
right_child=-2
leaf_value=1.2727567070030703e-08 0
leaf_weight=302 8645
leaf_count=302 8645
internal_value=0
internal_weight=8947
internal_count=8947
is_linear=0
shrinkage=0.05


Tree=489
num_leaves=2
num_cat=0
split_feature=0
split_gain=1.7729e-11
threshold=2.5416666666666674
decision_type=2
left_child=-1
right_child=-2
leaf_value=1.2094573165433604e-08 0
leaf_weight=302 8645
leaf_count=302 8645
internal_value=0
internal_weight=8947
internal_count=8947
is_linear=0
shrinkage=0.05


Tree=490
num_leaves=2
num_cat=0
split_feature=0
split_gain=1.60036e-11
threshold=2.5416666666666674
decision_type=2
left_child=-1
right_child=-2
leaf_value=1.1490990458479582e-08 0
leaf_weight=302 8645
leaf_count=302 8645
internal_value=0
internal_weight=8947
internal_count=8947
is_linear=0
shrinkage=0.05


Tree=491
num_leaves=2
num_cat=0
split_feature=0
split_gain=1.44492e-11
threshold=2.5416666666666674
decision_type=2
left_child=-1
right_child=-2
leaf_value=1.0918699171878834e-08 0
leaf_weight=302 8645
leaf_count=302 8645
internal_value=0
internal_weight=8947
internal_count=8947
is_linear=0
shrinkage=0.05


Tree=492
num_leaves=2
num_cat=0
split_feature=0
split_gain=1.30443e-11
threshold=2.5416666666666674
decision_type=2
left_child=-1
right_child=-2
leaf_value=1.0374287049601739e-08 0
leaf_weight=302 8645
leaf_count=302 8645
internal_value=0
internal_weight=8947
internal_count=8947
is_linear=0
shrinkage=0.05


Tree=493
num_leaves=2
num_cat=0
split_feature=0
split_gain=1.17803e-11
threshold=2.5416666666666674
decision_type=2
left_child=-1
right_child=-2
leaf_value=9.8588803042295042e-09 0
leaf_weight=302 8645
leaf_count=302 8645
internal_value=0
internal_weight=8947
internal_count=8947
is_linear=0
shrinkage=0.05


Tree=494
num_leaves=2
num_cat=0
split_feature=0
split_gain=1.06313e-11
threshold=2.5416666666666674
decision_type=2
left_child=-1
right_child=-2
leaf_value=9.36571685766261e-09 0
leaf_weight=302 8645
leaf_count=302 8645
internal_value=0
internal_weight=8947
internal_count=8947
is_linear=0
shrinkage=0.05


Tree=495
num_leaves=2
num_cat=0
split_feature=0
split_gain=9.59777e-12
threshold=2.5416666666666674
decision_type=2
left_child=-1
right_child=-2
leaf_value=8.8988477133647938e-09 0
leaf_weight=302 8645
leaf_count=302 8645
internal_value=0
internal_weight=8947
internal_count=8947
is_linear=0
shrinkage=0.05


Tree=496
num_leaves=2
num_cat=0
split_feature=0
split_gain=8.6656e-12
threshold=2.5416666666666674
decision_type=2
left_child=-1
right_child=-2
leaf_value=8.4556698554767227e-09 0
leaf_weight=302 8645
leaf_count=302 8645
internal_value=0
internal_weight=8947
internal_count=8947
is_linear=0
shrinkage=0.05


Tree=497
num_leaves=2
num_cat=0
split_feature=1
split_gain=7.82372e-12
threshold=6.7534722222222232
decision_type=2
left_child=-1
right_child=-2
leaf_value=8.0344327318199374e-09 0
leaf_weight=302 8645
leaf_count=302 8645
internal_value=0
internal_weight=8947
internal_count=8947
is_linear=0
shrinkage=0.05


Tree=498
num_leaves=2
num_cat=0
split_feature=0
split_gain=7.06526e-12
threshold=2.5416666666666674
decision_type=2
left_child=-1
right_child=-2
leaf_value=7.6350667045162837e-09 0
leaf_weight=302 8645
leaf_count=302 8645
internal_value=0
internal_weight=8947
internal_count=8947
is_linear=0
shrinkage=0.05


Tree=499
num_leaves=2
num_cat=0
split_feature=0
split_gain=6.37629e-12
threshold=2.5416666666666674
decision_type=2
left_child=-1
right_child=-2
leaf_value=7.2532494225078282e-09 0
leaf_weight=302 8645
leaf_count=302 8645
internal_value=0
internal_weight=8947
internal_count=8947
is_linear=0
shrinkage=0.05


end of trees

feature_importances:
Column_17=1443
Column_19=511
Column_0=338
Column_1=83
Column_15=70
Column_5=68
Column_12=58
Column_6=56
Column_8=26
Column_2=24
Column_18=20
Column_7=11
Column_16=10
Column_11=8
Column_13=7
Column_10=3
Column_14=1

parameters:
[boosting: gbdt]
[objective: regression]
[metric: l2]
[tree_learner: serial]
[device_type: cpu]
[data_sample_strategy: bagging]
[data: ]
[valid: ]
[num_iterations: 500]
[learning_rate: 0.05]
[num_leaves: 31]
[num_threads: 16]
[seed: 42]
[deterministic: 0]
[force_col_wise: 0]
[force_row_wise: 0]
[histogram_pool_size: -1]
[max_depth: 6]
[min_data_in_leaf: 10]
[min_sum_hessian_in_leaf: 0.001]
[bagging_fraction: 0.8]
[pos_bagging_fraction: 1]
[neg_bagging_fraction: 1]
[bagging_freq: 0]
[bagging_seed: 400]
[bagging_by_query: 0]
[feature_fraction: 0.8]
[feature_fraction_bynode: 1]
[feature_fraction_seed: 30056]
[extra_trees: 0]
[extra_seed: 12879]
[early_stopping_round: 0]
[early_stopping_min_delta: 0]
[first_metric_only: 0]
[max_delta_step: 0]
[lambda_l1: 0.1]
[lambda_l2: 1]
[linear_lambda: 0]
[min_gain_to_split: 0]
[drop_rate: 0.1]
[max_drop: 50]
[skip_drop: 0.5]
[xgboost_dart_mode: 0]
[uniform_drop: 0]
[drop_seed: 17869]
[top_rate: 0.2]
[other_rate: 0.1]
[min_data_per_group: 100]
[max_cat_threshold: 32]
[cat_l2: 10]
[cat_smooth: 10]
[max_cat_to_onehot: 4]
[top_k: 20]
[monotone_constraints: ]
[monotone_constraints_method: basic]
[monotone_penalty: 0]
[feature_contri: ]
[forcedsplits_filename: ]
[refit_decay_rate: 0.9]
[cegb_tradeoff: 1]
[cegb_penalty_split: 0]
[cegb_penalty_feature_lazy: ]
[cegb_penalty_feature_coupled: ]
[path_smooth: 0]
[interaction_constraints: ]
[verbosity: -1]
[saved_feature_importance_type: 0]
[use_quantized_grad: 0]
[num_grad_quant_bins: 4]
[quant_train_renew_leaf: 0]
[stochastic_rounding: 1]
[linear_tree: 0]
[max_bin: 255]
[max_bin_by_feature: ]
[min_data_in_bin: 3]
[bin_construct_sample_cnt: 200000]
[data_random_seed: 175]
[is_enable_sparse: 1]
[enable_bundle: 1]
[use_missing: 1]
[zero_as_missing: 0]
[feature_pre_filter: 1]
[pre_partition: 0]
[two_round: 0]
[header: 0]
[label_column: ]
[weight_column: ]
[group_column: ]
[ignore_column: ]
[categorical_feature: ]
[forcedbins_filename: ]
[precise_float_parser: 0]
[parser_config_file: ]
[objective_seed: 16083]
[num_class: 1]
[is_unbalance: 0]
[scale_pos_weight: 1]
[sigmoid: 1]
[boost_from_average: 1]
[reg_sqrt: 0]
[alpha: 0.9]
[fair_c: 1]
[poisson_max_delta_step: 0.7]
[tweedie_variance_power: 1.5]
[lambdarank_truncation_level: 30]
[lambdarank_norm: 1]
[label_gain: ]
[lambdarank_position_bias_regularization: 0]
[eval_at: ]
[multi_error_top_k: 1]
[auc_mu_weights: ]
[num_machines: 1]
[local_listen_port: 12400]
[time_out: 120]
[machine_list_filename: ]
[machines: ]
[gpu_platform_id: -1]
[gpu_device_id: -1]
[gpu_use_dp: 0]
[num_gpu: 1]

end of parameters

pandas_categorical:null
